latitude,longitude,age_first_funding_year,age_last_funding_year,age_first_milestone_year,age_last_milestone_year,relationships,funding_rounds,funding_total_usd,milestones,is_CA,is_NY,is_MA,is_TX,is_otherstate,is_software,is_web,is_mobile,is_enterprise,is_advertising,is_gamesvideo,is_ecommerce,is_biotech,is_consulting,is_othercategory,has_VC,has_angel,has_roundA,has_roundB,has_roundC,has_roundD,avg_participants,is_top500,status,city_encoded,state_encoded,category_encoded,funding_efficiency,investor_strength,milestone_speed,network_funding_ratio,is_top_state,log_funding
42.35888,-71.05682,2.2493,3.0027,4.6685,6.7041,3,3,375000,3,1,0,0,0,0,0,0,0,0,0,0,0,0,0,1,0,1,0,0,0,0,1.0,0,1,173,2,19,93750.0,2,0.5292405398253507,0.21684629776545958,1,12.834683971615659
37.238916,-121.973718,5.126,9.9973,7.0055,7.0055,9,4,40100000,1,1,0,0,0,0,0,0,0,1,0,0,0,0,0,0,1,0,0,1,1,1,4.75,1,1,108,2,8,8020000.0,6,0.12491412154144027,0.4863054516007508,1,17.50688691721445
32.901049,-117.192656,1.0329,1.0329,1.4575,2.2055,5,1,2600000,2,1,0,0,0,0,0,1,0,0,0,0,0,0,0,0,0,0,1,0,0,0,4.0,1,1,173,2,34,1300000.0,1,0.8138351983723296,0.3170371506116835,1,14.77102238760702
37.320309,-122.05004,3.1315,5.3151,6.0027,6.0027,5,3,40000000,1,1,0,0,0,0,1,0,0,0,0,0,0,0,0,0,0,0,0,1,1,1,3.3333,1,1,55,2,30,10000000.0,3,0.14280206206177617,0.27020615053947955,1,17.50439003707821
37.779281,-122.419236,0.0,1.6685,0.0384,0.0384,2,2,1300000,1,1,0,0,0,0,0,0,0,0,0,1,0,0,0,0,1,1,0,0,0,0,1.0,1,0,174,2,11,433333.3333333333,5,0.9090909090909091,0.1326446811317345,1,14.077875591662238
37.406914,-122.09037,4.5452,4.5452,5.0027,5.0027,3,1,7500000,1,1,0,0,0,0,0,0,0,0,0,0,0,0,0,1,0,0,0,1,0,0,3.0,1,0,125,2,20,3750000.0,1,0.166591700401486,0.17824873775322345,1,15.830413711839864
37.3915589,-122.0702643,1.7205,5.211,3.0,6.6082,6,3,26000000,2,1,0,0,0,0,1,0,0,0,0,0,0,0,0,0,1,0,1,1,0,0,1.6667,1,1,125,2,30,6500000.0,5,0.5,0.3319757896343964,1,17.073607134447293
42.712207,-73.203599,3.5863,11.1123,8.0055,9.9945,13,3,9650000,4,0,0,1,0,0,0,0,1,0,0,0,0,0,0,0,1,0,1,0,0,1,4.0,1,1,214,12,18,2412500.0,5,0.44417300538559773,0.7610141322049545,1,16.082468576942105
37.427235,-122.145783,1.6712,4.6849,2.9178,6.1151,14,3,5750000,4,1,0,0,0,0,0,1,0,0,0,0,0,0,0,0,1,1,1,0,0,0,1.0,1,1,143,2,34,1437500.0,6,1.0209811628975445,0.8451702145192999,1,15.564710586686562
37.452992,-122.185098,1.0849,5.3370000000000015,-0.6164,4.6082,8,5,10400000,2,1,0,0,0,0,0,1,0,0,0,0,0,0,0,0,1,1,1,0,0,0,1.75,1,0,117,2,34,1733333.3333333333,6,1.8181818181818181,0.46627338363357507,1,16.15731646026544
38.241467,-85.72451099999998,4.9041,4.9041,2.5205,4.4767,0,1,350000,0,0,0,0,0,1,0,1,0,0,0,0,0,0,0,0,1,0,0,0,0,0,1.0,0,0,109,11,34,175000.0,3,0.0,0.0,0,12.765691290604371
40.70276,-73.98666800000002,0.0192,2.4356,0.7945,4.3781,15,3,9950000,3,0,1,0,0,0,0,0,0,0,0,0,0,0,0,1,0,0,1,1,1,0,2.3333,1,1,32,23,7,2487500.0,3,1.6717748676511563,0.8765223552207534,1,16.11308320963728
39.74627279999999,-104.9911572,4.6658,8.9973,8.8384,8.8384,12,5,10700000,1,0,0,0,0,1,1,0,0,0,0,0,0,0,0,0,0,0,1,1,0,0,2.5,1,1,58,3,30,1783333.3333333333,2,0.10164254350300862,0.6982527345418438,0,16.185754392890075
38.901301,-77.265158,6.6082,6.6082,2.5205,4.4767,0,1,200000,0,0,0,0,0,1,0,0,0,0,0,0,0,0,0,1,1,0,0,0,0,0,1.0,0,0,203,31,24,100000.0,3,0.0,0.0,0,12.206077645517674
37.39628270000001,-122.105531,2.5863,6.7644,5.5014,5.5014,8,5,49000000,1,1,0,0,0,0,0,0,0,0,0,0,0,0,0,1,1,0,1,1,1,1,3.5,1,0,106,2,27,8166666.666666667,7,0.15381302488694742,0.42763984091695195,1,17.707330876483063
37.590339,-122.341715,4.5918,7.1726,-0.4986,12.6795,7,4,25000000,3,1,0,0,0,0,0,0,0,0,0,1,0,0,0,0,0,0,1,1,1,1,3.5,1,1,34,2,11,5000000.0,4,2.727272727272727,0.388147388875822,1,17.034386422832473
40.730646,-73.986614,0.7425,1.5808,1.2849,3.0027,10,3,4575000,3,0,1,0,0,0,0,1,0,0,0,0,0,0,0,0,0,1,1,0,0,0,5.0,1,1,135,23,34,1143750.0,3,1.3129677447590704,0.6121405539068658,1,15.336117475270969
37.446411,-122.16054,2.5014,2.8301,3.0877,3.4932,13,2,28000000,3,1,0,0,0,0,0,0,0,1,0,0,0,0,0,0,0,0,1,1,0,0,1.0,1,0,143,2,8,9333333.333333334,2,0.7339090442057881,0.7163436237347247,1,17.147715103853763
30.2350399,-97.80012990000002,2.2137,3.7863,4.0877,9.4986,8,2,4355000,3,0,0,0,1,0,1,0,0,0,0,0,0,0,0,0,0,1,1,0,0,0,1.5,0,1,13,29,30,1451666.6666666667,3,0.5896574090453447,0.4911942562541339,0,15.286835397889838
47.6026054,-122.2848651,3.8329,3.8329,3.7507,3.7507,3,1,15000000,1,0,0,0,0,1,0,0,0,0,0,0,0,0,0,1,0,0,0,1,0,0,2.0,1,0,184,32,22,7500000.0,1,0.21049529543014714,0.17119808181876678,0,16.52356082573315
37.426316,-122.141082,5.4904,5.4904,0.0,0.0,1,1,3170000,1,1,0,0,0,0,0,1,0,0,0,0,0,0,0,0,0,0,1,0,0,0,2.0,0,0,143,2,34,1585000.0,1,0.9090909090909091,0.06262037804377575,1,14.969242461310827
37.764395,-122.401024,-1.0,3.3151,3.6959,5.662999999999999,4,2,2300000,3,1,0,0,0,0,0,0,1,0,0,0,0,0,0,0,0,1,1,0,0,0,2.0,0,0,174,2,18,766666.6666666666,3,0.6388551715326135,0.25561685910972215,1,14.648420115681892
40.010492,-105.276843,0.2521,0.337,2.5205,4.4767,5,2,455000,0,0,0,0,0,1,0,0,0,0,0,0,0,0,0,1,0,1,1,0,0,0,4.5,1,0,29,3,24,151666.66666666666,3,0.0,0.3564286023375149,0,13.02805489573287
41.875555,-87.624421,4.8411,4.8411,1.0,1.0,3,1,13000000,1,0,0,0,0,1,1,0,0,0,0,0,0,0,0,0,0,0,0,0,1,0,4.0,1,1,48,9,30,6500000.0,1,0.5,0.17260762956335107,0,16.380459992348886
37.429676,-122.1085482,4.0603,4.0603,3.0027,3.0027,7,1,15000000,1,1,0,0,0,0,0,0,0,0,0,0,0,0,0,1,0,0,0,0,1,0,4.0,1,1,143,2,24,7500000.0,1,0.24983136382941515,0.3994621909104558,1,16.52356082573315
37.870102,-122.268136,4.0685,4.0685,3.4192,5.2301,2,1,3800000,3,1,0,0,0,0,0,0,0,0,0,0,0,0,0,1,0,0,0,1,0,0,2.0,1,1,19,2,23,1900000.0,1,0.6788559015206372,0.12383508423061453,1,15.150511887854474
33.708708,-117.852069,1.189,1.189,2.189,7.7753,5,1,1000000,3,1,0,0,0,0,0,0,0,0,0,0,0,0,0,1,1,0,0,0,0,0,2.0,1,1,179,2,12,500000.0,3,0.940733772342427,0.3374841280665974,1,13.815511557963774
37.422859,-122.045217,1.3534,2.1644,4.5178,4.5178,3,2,10500000,1,1,0,0,0,0,0,0,0,0,0,0,0,0,0,1,0,0,1,1,0,0,2.0,1,0,122,2,22,3500000.0,2,0.18123165029540758,0.17475504967319186,1,16.166885910365842
47.603832,-122.330062,4.1534,5.1671,3.0,3.0,6,2,8600000,1,0,0,0,0,1,0,0,0,0,0,0,0,0,0,1,1,0,0,1,0,0,1.5,1,1,184,32,24,2866666.6666666665,4,0.25,0.35362194286127757,0,15.967272877502799
36.002893,-78.904075,-0.1671,2.0192,2.5205,4.4767,9,2,5000000,0,0,0,0,0,1,1,0,0,0,0,0,0,0,0,0,0,0,1,1,0,0,2.5,1,0,61,18,30,1666666.6666666667,2,0.0,0.5479469178628321,0,15.424948670398354
37.779281,-122.419236,0.0,0.8685,0.4137,2.1671,3,2,2304999,2,1,0,0,0,0,0,0,1,0,0,0,0,0,0,0,1,0,0,0,0,0,5.0,1,1,174,2,18,768333.0,3,1.4147273113107448,0.19168604911254278,1,14.650591234412886
40.441694,-79.990086,0.0822,0.0822,2.5205,4.4767,2,1,25000,0,0,0,0,0,1,0,0,0,0,0,0,0,0,0,1,0,1,0,0,0,0,1.0,0,0,149,26,27,12500.0,2,0.0,0.17974828063819584,0,10.12667110305036
40.73901,-73.997259,2.6575,2.6575,0.0,0.0,1,1,4000000,1,0,1,0,0,0,1,0,0,0,0,0,0,0,0,0,0,0,0,1,0,0,1.0,1,0,135,23,30,2000000.0,1,0.9090909090909091,0.06172151742129169,1,15.201805169084134
37.791137,-122.391843,0.6192,1.5945,1.0,4.3315,8,2,14600000,3,1,0,0,0,0,1,0,0,0,0,0,0,0,0,0,0,0,1,1,0,0,2.0,1,0,174,2,30,4866666.666666667,2,1.5,0.45723346369728013,1,16.496532155171714
37.404788,-121.940842,1.063,5.7014,2.5205,4.4767,0,3,44000000,0,1,0,0,0,0,0,0,0,0,0,0,0,0,0,1,0,0,0,1,1,0,4.5,1,0,176,2,12,11000000.0,2,0.0,0.0,1,17.599700214609808
37.7795014,-122.3948712,0.1671,2.6493,0.6082,4.7507,10,3,1822922,3,1,0,0,0,0,0,0,0,0,0,0,1,0,0,0,0,1,1,0,0,0,2.3333,1,1,174,2,6,455730.5,3,1.86543962193757,0.6486787270873967,1,14.41595181469963
40.755446,-73.980246,0.0,5.9041,3.8411,7.1370000000000005,18,7,29915001,5,0,1,0,0,0,0,0,0,0,1,0,0,0,0,0,1,1,1,1,1,0,2.75,1,1,135,23,0,3739375.125,8,1.0328231187126893,0.9882578142915033,1,17.213870651662358
42.99564,-71.454789,0.0,0.5836,0.5836,0.5945,9,2,125000,2,0,0,0,0,1,0,0,1,0,0,0,0,0,0,0,0,1,0,0,0,0,1.0,0,1,112,19,18,41666.666666666664,2,1.262945188178833,0.7066540182283092,0,11.736077016252437
40.01573320000001,-105.275027,0.1041,2.3863,2.3315,2.7918,7,2,4000000,2,1,0,0,0,0,0,0,0,0,0,0,0,0,0,1,1,0,1,0,0,0,1.0,1,0,117,2,33,1333333.3333333333,4,0.6003301815998799,0.4320506219490418,1,15.201805169084134
47.63609,-122.327028,3.4904,3.4904,5.6603,8.3425,10,1,10000000,3,0,0,0,0,1,0,0,0,1,0,0,0,0,0,0,0,0,0,0,1,0,2.0,1,1,184,32,8,5000000.0,1,0.4504301608035674,0.5841771272625447,0,16.118095750958314
37.36883,-122.03635,2.6247,2.6247,2.5205,4.4767,4,1,25000000,0,1,0,0,0,0,1,0,0,0,0,0,0,0,0,0,0,0,0,1,0,0,5.0,1,1,191,2,30,12500000.0,1,0.0,0.22179850792904113,1,17.034386422832473
40.730646,-73.986614,0.926,2.9534,0.8329,2.7425,2,3,3750000,3,0,1,0,0,0,0,0,0,0,0,0,0,0,0,1,0,1,1,0,0,0,2.0,1,1,135,23,9,937500.0,3,1.636750504664739,0.12393672618583673,1,15.137266664613225
42.3751,-71.105616,0.2466,0.2466,1.1178,1.663,9,1,3000000,2,0,0,1,0,0,1,0,0,0,0,0,0,0,0,0,0,0,1,0,0,0,1.0,1,1,37,12,30,1500000.0,1,0.9443762394938143,0.5655353988544042,1,14.914123179965662
37.560781,-122.284114,3.2082,3.2082,5.2548,7.8822,11,1,10000000,2,1,0,0,0,0,1,0,0,0,0,0,0,0,0,0,0,0,0,0,0,1,2.0,1,1,177,2,30,5000000.0,1,0.31975442859883607,0.6425948399887991,1,16.118095750958314
37.658313,-122.391032,2.5836,2.5836,2.0,2.0,5,1,3000000,1,1,0,0,0,0,0,1,0,0,0,0,0,0,0,0,0,0,1,0,0,0,1.0,1,1,188,2,34,1500000.0,1,0.3333333333333333,0.3141863326968912,1,14.914123179965662
42.360253,-71.058291,1.8932,2.4466,2.0,3.2767,4,2,11500000,3,0,0,1,0,0,0,0,1,0,0,0,0,0,0,0,0,0,0,0,0,0,1.0,1,1,27,12,18,3833333.3333333335,0,1.0,0.23177847877192512,1,16.257857680289998
30.321464,-97.75501,0.7479,0.7479,4.0493,8.3233,12,1,5000000,5,0,0,0,1,0,0,1,0,0,0,0,0,0,0,0,0,0,1,0,0,0,3.0,1,1,13,29,34,2500000.0,1,0.9902362703741113,0.7305958904837762,0,15.424948670398354
42.37564,-71.2358,5.1863,6.8137,7.3342,7.3342,9,2,29000000,1,0,0,1,0,0,0,0,0,0,0,0,0,0,0,1,1,0,0,0,0,1,5.0,1,1,205,12,24,9666666.666666666,4,0.11998752129778505,0.494973096611534,1,17.182806422433504
37.441537,-122.158332,1.1863,3.4986,2.5205,4.4767,0,2,12050000,0,1,0,0,0,0,1,0,0,0,0,0,0,0,0,0,1,0,1,0,0,0,2.0,1,0,143,2,30,4016666.6666666665,4,0.0,0.0,1,16.304575300888487
37.445586,-122.161929,2.1644,4.7616,4.0027,6.7534,13,3,12000000,2,1,0,0,0,0,0,0,0,0,0,0,0,0,0,1,1,0,1,1,0,0,2.0,1,1,143,2,1,3000000.0,5,0.3997841165770484,0.7514269616316432,1,16.300417291085605
33.5842816,-117.7306817,4.1041,4.1041,1.9151,1.9151,18,1,5500000,1,1,0,0,0,0,0,0,0,0,0,0,0,0,1,0,0,0,0,0,1,0,2.0,1,1,4,2,5,2750000.0,1,0.3430414050975953,1.0895713065409716,1,15.520258832020865
37.402773,-122.052551,1.989,4.1534,2.8986,5.2575,10,3,24000000,4,1,0,0,0,0,1,0,0,0,0,0,0,0,0,0,0,0,1,1,0,0,3.3333,1,1,191,2,30,6000000.0,2,1.0260093366849639,0.5557542553013625,1,16.993564429978885
39.103151,-94.581908,5.2027,6.189,7.5068,12.8932,6,2,10000000,2,0,0,0,0,1,0,0,1,0,0,0,0,0,0,0,0,0,1,1,0,0,4.5,1,1,88,17,18,3333333.3333333335,2,0.23510603282080217,0.3505062763575268,0,16.118095750958314
42.546483,-71.17366700000002,2.7836,10.9507,-1.9151,-1.9151,10,3,19009671,1,0,0,1,0,0,0,0,0,0,0,0,0,1,0,0,0,0,0,1,0,0,2.0,1,0,215,12,3,4752417.75,1,0.9090909090909091,0.5630485284142521,1,16.760458460238958
37.805289,-122.404448,3.4986,3.4986,3.0,3.0,6,1,5000000,1,1,0,0,0,0,0,0,0,0,0,0,0,0,0,1,0,0,1,0,0,0,1.0,1,0,174,2,4,2500000.0,1,0.25,0.3652979452418881,1,15.424948670398354
47.675489,-122.191667,4.0466,9.3041,6.0027,6.0027,2,5,18914576,1,0,0,0,0,1,0,0,0,1,0,0,0,0,0,0,1,0,0,0,1,0,3.0,1,1,91,32,8,3152429.3333333335,4,0.14280206206177617,0.1126415121841212,0,16.7554434525954
27.951849,-82.456397,6.3726,6.3726,2.5205,4.4767,0,1,4000000,0,0,0,0,0,1,1,0,0,0,0,0,0,0,0,0,1,0,0,0,0,0,3.0,0,0,192,6,30,2000000.0,3,0.0,0.0,0,15.201805169084134
42.360253,-71.058291,1.3259999999999998,2.7836,1.6740000000000002,3.1342,5,3,2030882,2,0,0,1,0,0,1,0,0,0,0,0,0,0,0,0,0,0,1,0,0,0,3.0,1,1,27,12,30,507720.5,1,0.7479431563201195,0.322082327035643,1,14.523981231813066
37.7831775,-122.3086191,2.6438,2.6438,0.0,7.3918,4,1,5000000,2,1,0,0,0,0,0,0,0,0,0,0,0,0,0,1,0,0,0,1,0,0,1.0,1,1,2,2,4,2500000.0,1,1.8181818181818181,0.24353196349459202,1,15.424948670398354
47.765758,-122.184304,1.0877,1.0877,2.5205,4.4767,5,1,20500000,0,0,0,0,0,1,1,0,0,0,0,0,0,0,0,0,1,0,0,0,0,0,4.0,1,0,28,32,30,10250000.0,3,0.0,0.2803329268595646,0,16.835935492889124
40.730646,-73.986614,3.9616,6.5205,4.5781,7.6877,4,2,13250000,4,0,0,0,0,1,0,0,0,0,1,0,0,0,0,0,1,0,0,0,0,0,2.0,0,1,29,3,0,4416666.666666667,3,0.7170900485828507,0.2298915553974555,0,16.3995081858682
37.54763,-122.307887,7.2548,7.2548,7.0055,7.0055,7,1,12000000,1,1,0,0,0,0,0,0,0,0,0,0,0,0,0,1,0,0,0,0,0,0,2.0,1,1,177,2,27,6000000.0,0,0.12491412154144027,0.40461451780165403,1,16.300417291085605
37.790485,-122.40094,1.3342,3.0247,3.0219,3.337,9,3,11489687,2,1,0,0,0,0,0,0,0,0,1,0,0,0,0,0,0,1,1,1,0,0,3.3333,1,1,174,2,0,2872421.75,4,0.4972774062010492,0.5215286899679814,1,16.256960495409263
37.7870923,-122.3999719,0.6795,0.6795,2.9178,4.2274,15,1,4000000,3,1,0,0,0,0,0,1,0,0,0,0,0,0,0,0,0,0,1,0,0,0,3.0,1,1,174,2,34,2000000.0,1,0.7657358721731584,0.9258227613193754,1,15.201805169084134
37.3492097,-122.0326019,-0.0301,-0.0301,0.1369999999999999,0.1369999999999999,3,1,355000,1,1,0,0,0,0,1,0,0,0,0,0,0,0,0,0,0,1,0,0,0,0,1.0,0,1,191,2,30,177500.0,2,0.8795074758135444,0.21770878235473418,1,12.779875885354993
28.098905,-82.400087,0.0,0.2466,2.4164,5.3151,10,2,118000,3,0,0,0,0,1,0,1,0,0,0,0,0,0,0,0,0,1,0,0,0,0,1.5,1,1,192,6,34,39333.333333333336,2,0.8781173164734809,0.7887400494023872,0,11.678448377988165
37.779026,-122.40184,1.6685,9.337,7.3808,10.474,17,4,40400000,3,1,0,0,0,0,0,0,0,0,1,0,0,0,0,0,0,0,1,1,1,1,1.6667,1,1,174,2,0,8080000.0,4,0.35796105383734245,0.9182071660340066,1,17.514340367683854
32.9583632,-96.8215658,1.8055,1.8055,2.5205,4.4767,1,1,3000000,0,0,0,0,1,0,1,0,0,0,0,0,0,0,0,0,0,0,1,0,0,0,1.0,1,0,56,29,30,1500000.0,1,0.0,0.06283726653937824,0,14.914123179965662
37.54827,-121.988572,2.6986,4.0027,1.0,1.0,2,2,19700000,1,1,0,0,0,0,1,0,0,0,0,0,0,0,0,0,1,0,0,1,0,0,4.0,1,0,72,2,30,6566666.666666667,4,0.5,0.11238398937912436,1,16.796129244469636
37.354469,-121.990433,9.1671,9.1973,2.5205,4.4767,0,2,17800000,0,1,0,0,0,0,1,0,0,0,0,0,0,0,0,0,1,0,0,0,0,0,1.0,1,0,181,2,30,5933333.333333333,3,0.0,0.0,1,16.694709071442087
37.779281,-122.419236,0.011,2.0986,3.0904,3.7836,12,3,57500000,3,1,0,0,0,0,0,0,0,0,0,0,0,0,0,1,0,1,1,1,0,0,4.0,1,1,174,2,23,14375000.0,4,0.7334246039507138,0.6360212032122177,1,17.867295523158884
40.606061,-73.822331,0.6658,3.0384,2.0,5.0548,10,3,17200000,5,0,1,0,0,0,0,0,0,0,0,1,0,0,0,0,0,0,1,1,1,0,2.6667,1,1,135,23,11,4300000.0,3,1.6666666666666667,0.5662379490433115,1,16.660419999923214
42.3751,-71.105616,-0.5836,1.3425,0.0,1.5479,4,7,457282,2,0,0,1,0,0,0,0,1,0,0,0,0,0,0,0,1,1,0,0,0,0,1.0,1,0,37,12,18,57160.25,5,1.8181818181818181,0.2850412273471882,1,13.03305773423396
37.779281,-122.419236,-0.0219,2.0329,2.3151,3.1644,11,4,18500000,3,1,0,0,0,0,0,0,1,0,0,0,0,0,0,0,0,1,1,1,0,0,2.25,1,1,174,2,18,3700000.0,4,0.9049500769207565,0.6203025704353452,1,16.733281344102608
40.349274,-74.659296,2.0466,2.0466,2.5205,4.4767,2,1,12000000,0,0,0,0,0,1,0,0,0,0,0,0,0,0,0,1,0,0,1,0,0,0,6.0,1,0,156,20,4,6000000.0,1,0.0,0.11560414794332972,0,16.300417291085605
37.420428,-122.090769,3.9342,4.6822,4.0027,4.0027,3,2,18250000,1,1,0,0,0,0,0,0,0,0,0,0,0,0,0,1,0,0,1,1,0,0,2.5,1,1,125,2,26,6083333.333333333,2,0.1998920582885242,0.1693033242826862,1,16.719675692787295
40.725435,-73.997395,2.1616,5.6384,3.8329,7.6932,13,4,41500019,5,0,1,0,0,0,0,0,0,0,0,0,0,0,0,1,0,0,0,0,1,0,4.0,1,1,135,23,19,8300003.8,1,1.0345755136667425,0.7011410732807323,1,17.541204467128523
39.388156,-77.885552,5.4411,5.4411,2.5205,4.4767,1,1,1000000,0,0,0,0,0,1,1,0,0,0,0,0,0,0,0,0,0,0,1,0,0,0,3.0,0,0,89,34,30,500000.0,1,0.0,0.06749682561331947,0,13.815511557963774
34.043948,-118.468204,1.1288,1.1288,1.0,2.6767,7,1,5000000,2,1,0,0,0,0,0,1,0,0,0,0,0,0,0,0,0,0,1,0,0,0,1.0,1,1,107,2,34,2500000.0,1,1.0,0.42618093611553604,1,15.424948670398354
42.350749,-83.44458900000002,7.8877,10.6658,0.4137,0.4137,2,3,42700000,1,0,0,0,0,1,0,0,0,0,0,0,0,0,0,1,1,0,0,1,0,0,3.6667,1,0,39,15,4,10675000.0,4,0.7073636556553724,0.10770227718563564,0,17.569709501618057
47.614018,-122.19655,2.526,3.1041,3.0027,9.126,5,2,22300000,2,0,0,0,0,1,1,0,0,0,0,0,0,0,0,0,0,0,0,1,1,0,4.5,1,1,17,32,30,7433333.333333333,2,0.4996627276588303,0.2790163424628854,0,16.920097281273396
37.406217,-121.976473,4.0027,7.8712,0.1616,0.1616,5,2,10000000,1,1,0,0,0,0,0,0,0,0,0,0,0,0,0,1,1,0,0,1,0,0,4.0,1,1,181,2,28,3333333.3333333335,4,0.8608815426997245,0.29208856363127234,1,16.118095750958314
37.09024,-95.712891,1.1671,4.6658,2.5205,4.4767,1,3,15564591,0,0,0,0,0,1,0,0,0,0,1,0,0,0,0,0,1,0,0,1,1,0,3.5,1,0,207,5,0,3891147.75,5,0.0,0.05694595706326944,0,16.560509148857687
37.779281,-122.419236,2.5726,2.5726,2.4795,4.6685,7,1,500000,2,1,0,0,0,0,0,1,0,0,0,0,0,0,0,0,0,1,0,0,0,0,5.0,1,1,174,2,34,250000.0,2,0.5747952291995977,0.49566767414196317,1,13.122365377402328
40.753881,-73.978852,1.7479,4.8192,4.0027,4.8192,8,4,55350000,2,0,1,0,0,0,0,0,0,0,0,0,0,0,0,1,0,0,1,1,1,1,4.0,1,1,135,23,10,11070000.0,4,0.3997841165770484,0.4248722953399997,1,17.829187235185767
37.406914,-122.09037,3.7233,3.7233,2.5205,4.4767,1,1,4000000,0,1,0,0,0,0,0,0,0,0,0,0,0,0,0,1,0,0,0,1,0,0,3.0,1,0,125,2,24,2000000.0,1,0.0,0.06172151742129169,1,15.201805169084134
41.878984,-87.637,1.6986,6.5151,3.2849,4.9315,3,5,10764323,3,0,0,0,0,1,1,0,0,0,0,0,0,0,0,0,1,0,1,0,0,0,2.0,1,1,48,9,30,1794053.8333333333,4,0.7001330252748021,0.17450232629464404,0,16.191747890710374
40.535316,-74.521435,1.4082,1.4082,0.0,0.0,1,1,5500000,1,0,0,0,0,1,1,0,0,0,0,0,0,0,0,0,1,0,0,0,0,0,3.0,1,0,186,20,30,2750000.0,3,0.9090909090909091,0.0605317392522762,0,15.520258832020865
37.779281,-122.419236,4.2849,4.2849,2.4164,5.5151,7,1,400000,2,1,0,0,0,0,0,0,0,0,0,0,0,0,0,1,0,1,0,0,0,0,3.0,1,1,174,2,29,200000.0,2,0.5854115443156539,0.5036252990112928,1,12.899222326086994
37.863464,-122.3153453,0.7507,3.0137,2.5205,4.4767,3,3,54000000,0,1,0,0,0,0,0,0,0,0,0,0,0,0,0,1,1,0,0,0,1,0,2.6667,1,0,19,2,4,13500000.0,4,0.0,0.15953632682705313,1,17.804494623047066
39.78373,-100.445882,5.789,5.789,2.5205,4.4767,1,1,13000000,0,0,0,0,0,1,1,0,0,0,0,0,0,0,0,0,0,0,0,0,0,1,4.0,1,1,184,32,30,6500000.0,1,0.0,0.057535876521117024,0,16.380459992348886
47.614422,-122.192337,0.0849,1.2712,2.5205,4.4767,5,3,12500000,0,0,0,0,0,1,1,0,0,0,0,0,0,0,0,0,1,0,1,1,0,0,2.3333,1,1,17,32,30,3125000.0,5,0.0,0.2883300275494937,0,16.341239282272525
37.314002,-121.932365,2.3507,8.2822,1.0027,8.2849,16,4,38064570,2,1,0,0,0,0,0,0,0,0,0,0,0,0,0,1,1,0,0,1,1,1,3.0,1,1,176,2,27,7612914.0,6,0.9986518200429421,0.8669833733014254,1,17.454794512463224
38.030823,-78.48158000000002,2.4658,4.8329,0.5863,5.6164,4,2,5000000,6,0,0,0,0,1,0,1,0,0,0,0,0,0,0,0,0,0,1,1,0,0,1.0,0,0,45,31,34,1666666.6666666667,2,3.782386685998865,0.24353196349459202,0,15.424948670398354
39.78373,-100.445882,1.0356,1.0356,0.0,1.0356,2,1,1000000,2,0,0,0,0,1,0,1,0,0,0,0,0,0,0,0,0,1,0,0,0,0,1.0,0,0,48,9,34,500000.0,2,1.8181818181818181,0.13499365122663895,0,13.815511557963774
34.01052,-118.495981,0.7945,2.9014,3.0493,6.5233,11,2,2750000,3,1,0,0,0,0,0,1,0,0,0,0,0,0,0,0,0,1,1,0,0,0,4.0,1,1,182,2,34,916666.6666666666,3,0.7408687921369125,0.6950099371175686,1,14.827111833279051
37.3821368,-121.970505,2.9178,4.7342,2.5205,4.4767,1,2,30000000,0,1,0,0,0,0,0,0,0,0,0,0,0,0,0,1,0,0,1,1,0,0,2.5,1,1,181,2,20,10000000.0,2,0.0,0.05489466052177839,1,17.216707972959764
37.433646,-121.886704,4.0137,4.0137,2.5205,4.4767,0,1,7000000,0,1,0,0,0,0,0,0,0,0,0,0,0,0,0,1,0,0,0,0,1,0,1.0,0,0,119,2,28,3500000.0,1,0.0,0.0,1,15.76142084987672
37.45604,-122.165399,0.411,0.411,0.0,2.5342,10,1,6100000,2,1,0,0,0,0,0,0,0,0,0,0,0,0,0,1,0,0,0,1,0,0,4.0,1,1,117,2,26,3050000.0,1,1.8181818181818181,0.6015471976887076,1,15.623799493077952
32.721834,-117.161797,0.5315,1.9205,2.2548,2.9781,12,3,2100000,2,1,0,0,0,0,0,0,0,1,0,0,0,0,0,0,1,1,0,0,0,0,4.0,1,0,173,2,8,525000.0,5,0.6144770800049159,0.7713347142637794,1,14.557448378884015
37.779281,-122.419236,0.1452,0.5014,0.4959,3.011,10,2,2565000,3,1,0,0,0,0,0,0,1,0,0,0,0,0,0,0,0,1,1,0,0,0,3.5,1,1,174,2,18,855000.0,3,2.005481649842904,0.6346196669887872,1,14.757469426450479
37.584103000000006,-122.366082,10.7589,10.7589,2.5205,4.4767,0,1,2000000,0,1,0,0,0,0,0,0,0,0,0,0,0,1,0,0,0,0,0,0,0,0,1.0,0,0,34,2,3,1000000.0,0,0.0,0.0,1,14.508658238524095
35.76524000000001,-78.731161,2.5671,5.6904,2.0027,2.0027,3,3,22400000,1,0,0,0,0,1,0,0,0,0,0,0,0,0,0,1,1,0,0,1,1,0,3.6667,1,1,160,18,20,5600000.0,5,0.33303360309055186,0.16736801712175947,0,16.924571561468124
40.740441,-73.993376,1.0822,1.0822,6.0027,6.0027,12,1,6250000,1,0,1,0,0,0,0,0,0,0,0,0,1,0,0,0,0,0,1,0,0,0,1.0,0,1,135,23,6,3125000.0,1,0.14280206206177617,0.7208033130175504,1,15.648092181712572
40.750519,-73.993494,1.7479,1.7479,1.0,2.1096,4,1,575000,2,0,1,0,0,0,0,1,0,0,0,0,0,0,0,0,0,1,0,0,0,0,6.0,0,1,135,23,34,287500.0,2,1.0,0.2804630742299775,1,13.26212705890841
42.387597,-71.099497,0.0,0.5808,0.0,0.0,1,2,53000,1,0,0,1,0,0,0,1,0,0,0,0,0,0,0,0,0,1,0,0,0,0,1.0,1,0,187,12,34,17666.666666666668,2,0.9090909090909091,0.08418878922924264,1,10.87806606028079
37.522281,-122.258139,0.9151,2.7753,3.0027,3.6466,6,2,9500000,2,1,0,0,0,0,0,0,0,0,0,0,1,0,0,0,0,0,1,1,0,0,2.5,1,1,163,2,6,3166666.6666666665,2,0.4996627276588303,0.3515597027280098,1,16.066802461833923
40.694599,-73.990638,-0.7479,0.8192,-1.7507,0.2521,7,2,3500000,2,0,0,0,1,0,0,0,0,1,0,0,0,0,0,0,0,1,1,0,0,0,1.0,1,0,13,29,8,1166666.6666666667,3,1.8181818181818181,0.43564107021231835,0,15.068273812173887
40.729839,-73.991781,0.7726,1.4959,-0.5863,3.7534,14,3,10500000,3,0,1,0,0,0,0,0,0,0,0,0,0,0,0,1,1,0,1,0,0,0,6.3333,1,1,135,23,23,2625000.0,4,2.727272727272727,0.815523565141562,1,16.166885910365842
37.54827,-121.988572,0.7562,4.4137,2.7836,4.0027,14,4,34250000,2,1,0,0,0,0,0,0,0,0,0,0,0,0,0,1,1,0,1,1,1,0,2.25,1,1,72,2,4,6850000.0,6,0.528597103287874,0.7629761609800758,1,17.34919715186959
40.441694,-79.990086,-1.011,1.4877,0.4055,1.3205,3,2,125000,2,0,0,0,0,1,0,0,0,0,1,0,0,0,0,0,1,1,0,0,0,0,1.0,1,0,149,26,0,41666.666666666664,5,1.4229811454998222,0.2355513394094364,0,11.736077016252437
38.958402,-77.357974,2.3178,4.2356,-0.3342,-0.3342,2,2,10600000,1,0,0,0,0,1,0,0,1,0,0,0,0,0,0,0,1,0,0,1,0,0,3.0,1,0,164,31,18,3533333.3333333335,4,0.9090909090909091,0.11643907429512773,0,16.176364653421913
37.554214,-121.977451,2.4192,5.4384,2.0027,2.0027,2,3,26100000,1,1,0,0,0,0,0,0,0,0,0,0,0,0,0,1,1,0,0,1,0,0,3.5,1,1,72,2,28,6525000.0,4,0.33303360309055186,0.11063509800499433,1,17.077445910607096
40.762674,-73.9821315,7.5315,7.5315,10.7342,10.7342,2,1,30000000,1,0,1,0,0,0,0,1,0,0,0,0,0,0,0,0,1,0,0,0,0,0,5.0,1,1,135,23,34,15000000.0,3,0.08522097799594348,0.10978932104355678,1,17.216707972959764
41.875555,-87.624421,1.0575,1.7699,1.0301,1.1123,6,3,132885,2,0,0,0,0,1,0,0,0,0,0,1,0,0,0,0,0,1,0,0,0,0,1.0,1,0,48,9,11,33221.25,2,0.9851731441800896,0.4688508433407753,0,11.797246896789762
37.55911,-122.303493,0.6,4.2247,-0.7479,4.4767,9,3,9500000,2,1,0,0,0,0,1,0,0,0,0,0,0,0,0,0,0,0,1,1,1,0,2.0,1,1,181,2,30,2375000.0,3,1.8181818181818181,0.5273395540920147,1,16.066802461833923
39.099909,-84.504243,1.8329,1.8329,1.7479,1.7479,4,1,690000,1,0,0,0,0,1,0,1,0,0,0,0,0,0,0,0,0,1,0,0,0,0,3.0,1,0,49,24,34,345000.0,2,0.3639142617999199,0.2769230025103944,0,13.444448325847754
33.749099,-84.390185,5.1644,6.0055,2.5205,4.4767,1,3,25131611,0,0,0,0,0,1,0,0,1,0,0,0,0,0,0,0,1,0,0,1,0,0,1.0,1,1,12,7,18,6282902.75,4,0.0,0.05543348776985255,0,17.039637053901
37.404788,-121.940842,3.5288,3.5288,2.5205,4.4767,1,1,2000000,0,1,0,0,0,0,0,0,0,0,0,0,0,0,0,1,0,0,0,0,0,0,1.0,1,0,176,2,12,1000000.0,0,0.0,0.06448011069816227,1,14.508658238524095
37.77951820000001,-122.3902619,0.5726,0.5726,5.1671,8.0082,12,1,15000000,2,1,0,0,0,0,0,0,0,0,0,0,0,0,0,1,0,0,1,0,0,0,3.0,0,0,174,2,20,7500000.0,1,0.3243015355677709,0.6847923272750671,1,16.52356082573315
37.783171,-122.392901,0.7479,2.3315,2.0,2.0,6,2,15000000,1,1,0,0,0,0,1,0,0,0,0,0,0,0,0,0,0,0,1,1,0,0,3.0,1,1,174,2,30,5000000.0,2,0.3333333333333333,0.34239616363753356,1,16.52356082573315
37.09024,-95.712891,2.0027,3.9178,3.0027,5.2192,8,3,45000000,3,0,1,0,0,0,0,0,0,0,0,1,0,0,0,0,0,0,1,0,0,0,1.0,0,0,135,23,11,11250000.0,1,0.7494940914882454,0.42959540596829776,1,17.622173069956816
37.400367,-121.985711,1.9178,1.9178,2.0027,2.0027,4,1,4410000,1,1,0,0,0,0,0,0,1,0,0,0,0,0,0,0,0,0,1,0,0,0,1.0,1,1,181,2,18,2205000.0,1,0.33303360309055186,0.24540802512685794,1,15.299385474180372
39.001619,-77.403201,0.0,0.8959,2.0,2.6767,9,2,4500000,2,0,0,0,0,1,0,1,0,0,0,0,0,0,0,0,0,0,1,1,0,0,2.0,1,1,189,31,34,1500000.0,2,0.6666666666666666,0.5514845045357633,0,15.319588176962746
37.788653,-122.401333,1.6712,3.7863,4.6685,5.6849,11,3,11040000,2,1,0,0,0,0,1,0,0,0,0,0,0,0,0,0,0,0,1,1,1,0,2.5,1,1,174,2,30,2760000.0,3,0.35282702655023374,0.6389020850306351,1,16.21703568939293
37.779281,-122.419236,1.8822,1.8822,1.3288,2.9479,6,1,1600000,2,1,0,0,0,0,0,0,0,0,0,1,0,0,0,0,0,0,1,0,0,0,3.0,1,1,174,2,11,800000.0,1,0.8588114050154585,0.39252848685261815,1,14.285514812209815
40.73901,-73.997259,3.4164,3.874,7.7534,7.7534,3,2,9000000,1,0,1,0,0,0,1,0,0,0,0,0,0,0,0,0,1,0,0,1,0,0,4.0,1,1,135,23,30,3000000.0,4,0.11424132337148994,0.17633848740653113,1,16.012735246411598
37.548418700000006,-122.3151646,1.3041,2.6493,0.0,3.6767,4,3,3282327,2,1,0,0,0,0,0,0,0,0,0,0,0,0,0,1,1,0,0,0,0,0,2.0,1,1,177,2,1,820581.75,3,1.8181818181818181,0.2499365241723761,1,15.004063484700145
37.55818,-122.276454,4.1644,4.1644,5.5836,11.3918,5,2,24700000,5,1,0,0,0,0,0,1,0,0,0,0,0,0,0,0,0,0,1,1,0,0,4.0,1,1,68,2,34,8233333.333333333,2,0.7594629078315815,0.2774338547098466,1,17.022313842084035
33.774486,-84.385448,5.6986,6.8877,2.5205,4.4767,2,2,8800000,0,0,0,0,0,1,0,0,0,0,0,0,0,0,0,1,1,0,1,0,0,0,1.0,1,0,12,7,28,2933333.3333333335,4,0.0,0.11771448572883844,0,15.990262393084793
34.03423370000001,-118.4536137,1.1836,1.1836,0.9178,0.9178,1,1,1700000,1,1,0,0,0,0,0,1,0,0,0,0,0,0,0,0,0,0,1,0,0,0,1.0,0,0,107,2,34,850000.0,1,0.5214308061320263,0.06516296862117937,1,14.346139397261565
37.835676,-122.263548,0.2493,0.2493,0.0,0.7781,1,1,20000,2,1,0,0,0,0,0,1,0,0,0,0,0,0,0,0,0,1,0,0,0,0,1.0,0,0,142,2,34,10000.0,2,1.8181818181818181,0.09171335406480449,1,9.90353755128617
37.5541073,-121.9756765,3.1041,4.9205,5.0027,8.3534,10,2,11500000,5,1,0,0,0,0,0,0,1,0,0,0,0,0,0,0,0,0,1,1,0,0,2.5,1,1,72,2,18,3833333.3333333335,2,0.83295850200743,0.5794461969298128,1,16.257857680289998
41.8851542,-87.62231829999998,4.7068,4.7068,2.989,6.863,17,1,940261,2,0,0,0,0,1,1,0,0,0,0,0,0,0,0,0,0,0,1,0,0,0,1.0,1,1,48,9,30,470130.5,1,0.5013787916771121,1.1522366326470441,0,13.75391383881429
42.360253,-71.058291,1.6658,3.6712,3.6658,3.6712,12,2,4000000,3,0,0,1,0,0,0,1,0,0,0,0,0,0,0,0,0,1,1,0,0,0,3.0,1,1,27,12,34,1333333.3333333333,3,0.642976552788375,0.7406582090555003,1,15.201805169084134
37.36883,-122.03635,1.9562,1.9562,1.0027,1.0027,5,1,5000000,1,1,0,0,0,0,0,1,0,0,0,0,0,0,0,0,0,0,1,0,0,0,1.0,0,0,191,2,34,2500000.0,1,0.49932591002147103,0.30441495436824006,1,15.424948670398354
38.881717,-77.089398,0.0027,0.0027,0.5836,0.5836,3,1,20000,1,0,0,0,0,1,0,1,0,0,0,0,0,0,0,0,0,1,0,0,0,0,1.0,0,0,11,31,34,10000.0,2,0.6314725940894165,0.2751400621944135,0,9.90353755128617
47.60732,-122.335746,4.0301,4.0301,3.0027,3.0027,5,1,12500000,1,0,0,0,0,1,0,0,0,0,0,0,0,0,0,1,0,0,0,1,0,0,3.0,1,1,184,32,20,6250000.0,1,0.24983136382941515,0.2883300275494937,0,16.341239282272525
39.568064,-104.977831,1.3397,4.6548,1.3589,1.3753,0,5,7228704,2,0,0,0,0,1,0,0,0,0,0,0,0,0,0,1,1,0,1,0,0,0,2.0,1,0,42,3,10,1204784.0,4,0.8478528127517062,0.0,0,15.793570463292529
41.940611,-87.835972,4.3836,5.9562,5.4986,5.4986,5,2,55000000,1,0,0,0,0,1,0,0,0,0,0,0,0,1,0,0,1,0,0,1,0,0,4.0,1,0,48,9,3,18333333.333333332,4,0.15387929707937095,0.26563467579002026,0,17.822843761378564
37.560155,-122.285588,2.063,6.6137,2.5205,4.4767,5,4,15180000,0,1,0,0,0,0,0,0,0,1,0,0,0,0,0,0,1,0,1,0,1,0,1.0,1,1,177,2,8,3036000.0,5,0.0,0.2851360396702311,1,16.535489395807907
37.404788,-121.940842,2.3479,3.4301,2.3562,4.0027,4,2,30000000,2,1,0,0,0,0,1,0,0,0,0,0,0,0,0,0,0,0,1,1,0,0,2.5,1,0,176,2,30,10000000.0,2,0.5959120433823968,0.21957864208711356,1,17.216707972959764
30.268236,-97.740651,2.5233,2.6685,3.0027,4.4247,11,2,14500000,3,0,0,0,1,0,0,0,0,0,0,0,0,0,0,1,0,0,1,1,0,0,1.5,1,1,13,29,20,4833333.333333333,2,0.7494940914882454,0.6289430700843058,0,16.489659276356317
37.758229,-122.439512,2.0685,2.0685,2.5808,4.3671,6,1,6500000,3,1,0,0,0,0,0,0,0,0,1,0,0,0,0,0,1,0,0,0,0,0,3.0,1,1,174,2,0,3250000.0,3,0.8378016085790885,0.35955459336168194,1,15.687312888712007
35.149021999999995,-90.05162800000002,0.0,0.0,0.0,0.0,2,1,15000,1,0,0,0,0,1,0,1,0,0,0,0,0,0,0,0,0,1,0,0,0,0,1.0,0,0,116,28,34,7500.0,2,0.9090909090909091,0.18839714465012106,0,9.61587214452889
40.730646,-73.986614,0.7288,3.6055,1.589,4.1041,5,5,4705910,3,0,1,0,0,0,0,0,1,0,0,0,0,0,0,0,1,1,0,0,0,0,3.0,1,1,135,23,18,784318.3333333334,5,1.1587485515643106,0.3055426051378426,1,15.364329936063411
37.5783263,-122.3485679,2.8055,2.8055,3.0027,4.6493,6,1,3000000,2,1,0,0,0,0,0,0,0,0,0,1,0,0,0,0,1,0,0,0,0,0,1.0,1,1,34,2,11,1500000.0,3,0.4996627276588303,0.3770235992362695,1,14.914123179965662
40.730646,-73.986614,0.3315,4.0027,2.3644,3.6685,8,4,1449998,3,0,1,0,0,0,0,0,0,0,0,0,0,0,0,1,1,1,0,0,0,0,1.0,1,0,135,23,29,289999.6,5,0.8916894542860541,0.5267637665441951,1,14.187073424741348
42.3751,-71.105616,0.6959,1.189,0.6629999999999999,2.6247,5,2,6000000,3,0,0,1,0,0,0,0,1,0,0,0,0,0,0,0,0,1,1,0,0,0,6.0,1,1,37,12,18,2000000.0,3,1.8039687312086592,0.3010729603140253,1,15.607270193858982
45.006515,-93.46651,2.0603,6.2301,2.5205,4.4767,7,3,28200000,0,0,0,0,0,1,0,0,0,0,0,0,0,0,0,1,1,0,0,1,1,0,3.0,1,1,153,16,16,7050000.0,5,0.0,0.38557226966880387,0,17.154832571369333
37.777741,-122.412198,3.1479,4.8795,5.0027,5.0027,5,2,14000000,1,1,0,0,0,0,1,0,0,0,0,0,0,0,0,0,1,0,1,0,0,0,2.0,1,1,174,2,30,4666666.666666667,4,0.166591700401486,0.2864579639978747,1,16.454567959008102
30.35504,-97.801083,1.5808,1.5808,2.2521,2.5342,14,1,3000000,2,0,0,0,1,0,0,0,0,1,0,0,0,0,0,0,0,0,1,0,0,0,1.0,0,0,13,29,8,1500000.0,1,0.6149872390147905,0.8797217315512954,0,14.914123179965662
39.78373,-100.445882,1.5151,1.7644,0.7479,0.7479,6,2,2238055,1,0,0,0,0,1,0,0,0,1,0,0,0,0,0,0,1,1,0,0,0,0,1.0,1,0,184,32,8,746018.3333333334,5,0.5721151095600435,0.38409542307196365,0,14.62111818988233
37.779281,-122.419236,0.7123,2.2849,1.9507,2.2822,5,2,5200000,2,1,0,0,0,0,0,0,0,0,0,0,0,0,0,1,1,0,1,0,0,0,1.0,1,0,174,2,23,1733333.3333333333,4,0.677805266546921,0.3036897814797311,1,15.46416937585933
42.296111,-71.238524,0.411,3.9699,4.2521,5.7671,13,4,24500000,4,0,0,1,0,0,1,0,0,0,0,0,0,0,0,0,0,0,1,1,1,0,2.5,1,0,133,12,30,4900000.0,3,0.7616001218560194,0.721653570581412,1,17.01418371633128
33.63776,-117.855989,4.9068,8.1014,2.5205,4.4767,3,3,4476171,0,1,0,0,0,0,0,0,0,0,1,0,0,0,0,0,1,0,1,0,0,0,2.0,1,0,137,2,0,1119042.75,4,0.0,0.18388799415553164,1,15.314278774842762
37.512318,-122.20091399999998,2.9288,4.6329,2.5205,4.4767,13,2,15200000,0,1,0,0,0,0,1,0,0,0,0,0,0,0,0,0,0,0,1,1,0,0,2.0,1,1,163,2,30,5066666.666666667,2,0.0,0.7412980426278646,1,16.536806051605975
40.728425,-73.999882,0.6192,1.5863,2.5205,4.4767,2,2,890000,0,0,1,0,0,0,0,0,1,0,0,0,0,0,0,0,0,1,0,0,0,0,3.0,1,0,135,23,18,296666.6666666667,2,0.0,0.1360638826949309,1,13.698977865303197
37.779281,-122.419236,10.5315,10.5315,2.5205,4.4767,0,1,2600000,0,1,0,0,0,0,0,0,1,0,0,0,0,0,0,0,1,0,0,0,0,0,1.0,1,0,174,2,18,1300000.0,3,0.0,0.0,1,14.77102238760702
41.800255,-88.149362,3.8685,3.8685,3.8301,4.0877,7,1,1226270,2,0,0,0,0,1,0,0,0,1,0,0,0,0,0,0,0,1,0,0,0,0,1.0,1,1,130,9,8,613135.0,2,0.41407010206828015,0.4660611471269367,0,14.019488415097335
34.147047,-118.148896,6.737,8.2877,6.7534,6.7534,5,2,9000000,1,1,0,0,0,0,0,1,0,0,0,0,0,0,0,0,0,0,1,1,0,0,1.0,0,1,145,2,34,3000000.0,2,0.1289756751876596,0.29389747901088525,1,16.012735246411598
37.317847,-121.948469,4.6521,8.1288,6.0055,6.0055,4,4,7210210,1,1,0,0,0,0,0,0,0,1,0,0,0,0,0,0,1,0,1,1,0,0,1.0,0,1,176,2,8,1442042.0,5,0.14274498608236386,0.23822273300548022,1,15.791008773742771
37.779281,-122.419236,0.7397,1.1425,0.5808,0.5808,15,2,15700000,1,1,0,0,0,0,0,0,0,0,0,0,0,0,0,1,0,0,1,0,0,0,3.0,1,1,174,2,2,5233333.333333333,1,0.6325910931174089,0.8537682122184643,1,16.5691713340128
42.37564,-71.2358,5.6849,6.3151,5.0055,5.0055,4,2,15050000,1,0,0,1,0,0,1,0,0,0,0,0,0,0,0,0,1,0,0,0,1,0,2.5,1,1,205,12,30,5016666.666666667,4,0.166514028806927,0.22822076911236636,1,16.52688861560434
37.8093381,-122.4166061,0.7479,2.7507,1.5836,4.5315,5,2,3500000,2,1,0,0,0,0,0,0,0,0,0,1,0,0,0,0,0,0,1,1,0,0,3.0,1,1,174,2,11,1166666.6666666667,2,0.7741136398823348,0.31117219300879884,1,15.068273812173887
37.43841079999999,-121.9240273,6.4767,7.3507,5.0055,5.0055,2,2,43000000,1,1,0,0,0,0,1,0,0,0,0,0,0,0,0,0,0,0,0,0,1,1,1.0,1,0,119,2,30,14333333.333333334,2,0.166514028806927,0.10766168632492519,1,17.57671069691365
37.775196,-122.419204,1.1616,3.0384,3.2658,5.5397,7,2,57000000,2,1,0,0,0,0,0,1,0,0,0,0,0,0,0,0,0,0,1,1,0,0,3.5,1,1,174,2,34,19000000.0,2,0.4688452341881944,0.37118418987347596,1,17.858561843342684
37.78811500000001,-122.397141,0.8932,0.8932,0.8329,4.2137,8,1,1300000,4,1,0,0,0,0,0,1,0,0,0,0,0,0,0,0,0,1,0,0,0,0,4.0,1,1,174,2,34,650000.0,2,2.182334006219652,0.530578724526938,1,14.077875591662238
42.341899,-71.065924,3.0,5.0027,9.6247,10.3945,16,2,14500000,2,0,0,1,0,0,0,0,0,0,1,0,0,0,0,0,0,1,0,1,0,0,2.0,1,1,27,12,0,4833333.333333333,3,0.1882406091466112,0.9148262837589902,1,16.489659276356317
37.40006,-122.049689,4.0849,5.5836,2.5205,4.4767,2,2,48000000,0,1,0,0,0,0,0,0,0,0,0,0,0,0,0,1,0,0,0,0,1,1,6.0,1,0,125,2,12,16000000.0,2,0.0,0.10702792679166724,1,17.6867115897055
40.418851,-79.904163,3.5041,5.4438,2.5205,4.4767,3,2,3508462,0,0,0,0,0,1,0,0,0,0,0,0,0,0,0,1,1,0,1,0,0,0,3.0,1,0,149,26,16,1169487.3333333333,4,0.0,0.18667526160289358,0,15.070688607801571
37.778613,-122.395289,3.4301,5.5589,7.8384,7.8384,10,3,19500000,1,1,0,0,0,0,1,0,0,0,0,0,0,0,0,0,0,0,1,1,0,0,3.3333,1,1,177,2,30,4875000.0,2,0.11314265025343953,0.5622423325149107,1,16.785925074816024
41.817807,-88.173402,0.0,0.0,2.5205,4.4767,1,1,45000000,0,0,0,0,0,1,0,1,0,0,0,0,0,0,0,0,0,0,0,0,0,0,2.0,0,0,206,9,34,22500000.0,0,0.0,0.05369942574603722,0,17.622173069956816
35.79181,-78.74123,0.8164,5.5616,4.5562,7.9863,8,4,32500000,3,0,0,0,0,1,0,0,0,1,0,0,0,0,0,0,0,0,1,1,1,1,2.75,1,0,160,18,8,6500000.0,4,0.5399373672653972,0.4372361049652898,0,17.296750678069195
40.063476,-75.457492,1.8384,8.3397,5.674,13.5562,4,2,4900000,5,0,0,0,0,1,0,0,0,1,0,0,0,0,0,0,0,1,0,1,0,0,1.5,1,1,20,26,8,1633333.3333333333,3,0.7491759065028468,0.24383187694627131,0,15.404745967162468
37.382376,-122.037607,2.2986,3.2110000000000003,3.5945,4.5753,4,2,12000000,3,1,0,0,0,0,0,0,0,0,1,0,0,0,0,0,0,0,0,1,1,0,2.0,1,0,191,2,0,4000000.0,2,0.6529546196539341,0.23120829588665945,1,16.300417291085605
37.76690900000001,-122.406676,0.0329,2.2055,4.5151,6.9123,12,3,7175000,6,1,0,0,0,0,0,1,0,0,0,0,0,0,0,0,0,1,1,1,0,0,2.6667,1,1,174,2,34,1793750.0,4,1.0879222498232126,0.7148766168727655,1,15.786113458982772
37.793148,-122.402567,1.1699,1.4986,0.0849,5.3863,3,2,4700000,4,1,0,0,0,0,0,1,0,0,0,0,0,0,0,0,0,1,1,0,0,0,1.5,1,0,174,2,34,1566666.6666666667,3,3.6363636363636362,0.1833396421788517,1,15.363073279446223
26.0524615,-80.1378809,0.0,0.0,2.5205,4.4767,3,1,120000,0,1,0,0,0,0,0,0,0,0,0,0,0,0,0,1,0,1,0,0,0,0,2.0,0,0,124,2,24,60000.0,2,0.0,0.23630875599549223,1,11.695255355062795
37.393679,-122.079017,5.1041,8.6411,5.6712,6.8986,10,3,10000000,2,1,0,0,0,0,0,0,0,0,1,0,0,0,0,0,1,0,0,1,0,0,1.6667,0,1,125,2,0,2500000.0,4,0.2997961386257345,0.5841771272625447,1,16.118095750958314
30.435079,-97.770139,4.9562,10.3151,2.5205,4.4767,0,4,39000000,0,0,0,0,1,0,0,0,0,0,0,0,0,0,0,1,1,0,1,0,0,0,3.0,0,0,13,29,28,7800000.0,4,0.0,0.0,0,17.479072229734946
42.345927,-71.55228699999998,2.2411,4.0301,2.5205,4.4767,3,2,16100000,0,0,0,1,0,0,1,0,0,0,0,0,0,0,0,0,0,0,0,1,1,0,2.5,1,1,113,12,30,5366666.666666667,2,0.0,0.17050947767852975,1,16.59432989206649
37.795191,-122.430411,1.2466,2.0849,2.4986,5.3233,4,2,3300000,3,1,0,0,0,0,0,0,0,0,1,0,0,0,0,0,0,1,1,0,0,0,2.0,1,1,174,2,0,1100000.0,3,0.8574858514834505,0.24985269107792837,1,15.009433329466965
33.776834,-84.3895875,2.4493,2.4493,2.5205,4.4767,0,2,1000000,0,0,0,0,0,1,1,0,0,0,0,0,0,0,0,0,1,1,0,0,0,0,2.0,0,0,12,7,30,333333.3333333333,5,0.0,0.0,0,13.815511557963774
40.730646,-73.986614,11.3342,11.3342,2.5205,4.4767,3,1,7410000,0,0,1,0,0,0,0,0,0,0,0,0,0,1,0,0,1,0,0,0,0,0,3.0,1,0,135,23,3,3705000.0,3,0.0,0.17837668866472248,1,15.818341132225028
37.404788,-121.940842,6.8932,10.4082,2.5205,4.4767,5,3,52800000,0,1,0,0,0,0,0,0,0,0,0,0,0,0,0,1,1,0,0,0,1,0,5.3333,1,1,176,2,28,13200000.0,4,0.0,0.266212022425671,1,17.782021767615884
37.7983181,-122.4000032,1.137,3.737,2.463,3.2164,14,3,14229998,3,1,0,0,0,0,0,1,0,0,0,0,0,0,0,0,0,0,1,1,0,0,3.0,1,1,174,2,34,3557499.5,2,0.8663008951775917,0.8013342031415464,1,16.470862899791964
37.320309,-122.05004,0.7205,2.4356,0.7671,2.7918,7,2,3000000,2,1,0,0,0,0,0,0,0,0,0,0,0,0,0,1,0,0,1,1,0,0,2.5,1,1,55,2,17,1000000.0,2,1.131797860902043,0.4398608657756477,1,14.914123179965662
40.730646,-73.986614,4.0384,4.0384,6.0027,6.0027,10,1,20000000,1,0,1,0,0,0,0,0,0,0,1,0,0,0,0,0,0,0,1,0,0,0,1.0,0,1,135,23,0,10000000.0,1,0.14280206206177617,0.5614431326618112,1,16.811242881518265
51.43247,-2.664213,0.7479,2.0959,1.6548,2.0959,6,2,2000000,3,0,0,0,0,1,0,0,0,0,1,0,0,0,0,0,0,1,0,0,0,0,1.5,1,1,157,27,0,666666.6666666666,2,1.130028627391894,0.38688066418897366,0,14.508658238524095
38.897976,-77.028561,3.8192,6.0932,9.0055,9.7726,3,2,19900000,2,0,0,0,0,1,1,0,0,0,0,0,0,0,0,0,1,0,0,1,0,0,2.0,1,1,207,5,30,6633333.333333333,4,0.1998900604667433,0.16848035450096857,0,16.806230339945976
37.781689,-122.391061,1.2493,1.2493,2.589,2.589,6,1,1500000,1,1,0,0,0,0,0,0,0,0,0,0,1,0,0,0,0,0,0,0,0,0,1.0,0,0,174,2,6,750000.0,0,0.27862914460852606,0.39419284734676097,1,14.220976332738882
37.779281,-122.419236,0.0,0.0,1.2521,1.2521,4,1,325000,1,1,0,0,0,0,0,0,0,0,0,0,0,0,0,1,0,1,0,0,0,0,4.0,0,0,174,2,4,162500.0,2,0.4440300164291106,0.29215028260471343,1,12.691583538230217
37.787249,-122.3990501,0.463,0.463,1.2795,1.8192,16,1,3500000,2,1,0,0,0,0,0,0,0,1,0,0,0,0,0,0,0,0,1,0,0,0,5.0,1,0,174,2,8,1750000.0,1,0.8773853915332309,0.9957510176281563,1,15.068273812173887
47.602873,-122.336132,2.0027,4.3863,1.5836,4.1918,7,4,30000000,2,0,0,0,0,1,0,0,0,0,0,0,0,0,0,1,0,1,1,1,0,0,2.0,1,0,184,32,20,6000000.0,4,0.7741136398823348,0.38426262365244873,0,17.216707972959764
39.78373,-100.445882,4.2384,4.2384,2.5205,4.4767,1,1,50000000,0,1,0,0,0,0,0,0,0,0,0,0,0,1,0,0,0,0,0,0,0,1,6.0,1,1,125,2,3,25000000.0,1,0.0,0.05339731447000581,1,17.72753358339242
40.745003,-73.98322900000002,1.4712,1.4712,1.0027,1.4712,5,1,2000000,2,0,1,0,0,0,0,0,0,0,0,0,1,0,0,0,0,0,1,0,0,0,3.0,1,1,135,23,6,1000000.0,1,0.9986518200429421,0.32240055349081137,1,14.508658238524095
34.045919,-118.16525,1.6849,5.8493,8.4219,8.4219,4,3,27690547,1,1,0,0,0,0,0,0,0,0,0,0,0,0,0,1,0,0,0,1,1,1,4.5,1,1,123,2,4,6922636.75,3,0.1061357051125569,0.2205484836335292,1,17.136601685489413
37.287285,-121.942932,0.4192,1.4658,3.1315,4.137,12,2,7500000,3,1,0,0,0,0,0,0,0,1,0,0,0,0,0,0,0,0,1,0,0,0,3.5,1,1,125,2,8,2500000.0,1,0.7261285247488806,0.7129949510128938,1,15.830413711839864
30.271393,-97.748623,0.6932,1.4986,3.4164,3.4164,9,2,10000000,1,0,0,0,1,0,1,0,0,0,0,0,0,0,0,0,0,0,1,0,0,0,2.0,1,1,13,29,30,3333333.3333333335,1,0.22642876551037047,0.5257594145362902,0,16.118095750958314
34.142973,-118.140553,1.4411,6.6795,2.0,2.0,7,4,5965000,1,1,0,0,0,0,1,0,0,0,0,0,0,0,0,0,1,0,1,0,0,0,1.0,0,1,145,2,30,1193000.0,4,0.3333333333333333,0.42165068363275976,1,15.601419781158732
37.465645,-121.932202,-0.2466,-0.2466,-0.4082,7.4548,9,1,4000000,4,1,0,0,0,0,0,0,1,0,0,0,0,0,0,0,0,0,1,0,0,0,1.0,0,1,72,2,18,2000000.0,1,3.6363636363636362,0.5554936567916252,1,15.201805169084134
42.548008,-83.214753,5.1397,5.1397,7.0055,7.0055,2,1,5000000,1,0,0,0,0,1,0,0,0,0,1,0,0,0,0,0,1,0,0,0,0,0,1.0,0,0,25,15,0,2500000.0,3,0.12491412154144027,0.12176598174729601,0,15.424948670398354
37.32052,-121.948399,1.0877,1.0877,5.0959,7.3863,15,1,11500000,2,1,0,0,0,0,0,0,0,0,1,0,0,0,0,0,0,0,1,0,0,0,2.0,1,1,176,2,0,5750000.0,1,0.32808937154480877,0.8691692953947191,1,16.257857680289998
41.875555,-87.624421,1.0356,2.1479,1.5808,1.5808,2,2,1050000,1,0,0,0,0,1,0,1,0,0,0,0,0,0,0,0,1,0,0,0,0,0,1.0,0,0,48,9,34,350000.0,3,0.38747675139491633,0.13455055230943863,0,13.864301674514206
40.7566658,-73.9827553,1.1644,1.3507,1.3507,3.3315,13,2,5500000,2,0,1,0,0,0,0,1,0,0,0,0,0,0,0,0,0,0,1,0,0,0,2.0,1,1,135,23,34,1833333.3333333333,1,0.8508103969030503,0.7869126102795906,1,15.520258832020865
39.951311,-75.169522,0.8301,2.8329,1.0877,3.337,17,3,5000000,4,0,0,0,0,1,0,0,0,0,1,0,0,0,0,0,0,1,1,0,0,0,1.6667,1,1,147,26,0,1250000.0,3,1.9159840973319922,1.035010844852016,0,15.424948670398354
37.406914,-122.09037,-1.0521,0.6247,-1.3589,1.663,11,2,3700000,3,1,0,0,0,0,0,0,0,1,0,0,0,0,0,0,1,0,0,0,0,0,3.0,0,0,125,2,8,1233333.3333333333,3,2.727272727272727,0.6822194657936359,1,15.123843647884687
36.9397206,-121.7768449,1.2137,3.0082,2.5205,4.4767,4,2,7000000,0,1,0,0,0,0,1,0,0,0,0,0,0,0,0,0,0,0,1,0,0,0,2.0,0,0,71,2,30,2333333.3333333335,1,0.0,0.23864325320782215,1,15.76142084987672
42.375219,-71.056101,1.2466,2.1616,2.0,3.8137,14,2,32000000,4,0,0,1,0,0,0,0,0,0,0,0,0,0,0,1,0,0,1,1,0,0,3.5,1,0,27,12,20,10666666.666666666,2,1.3333333333333333,0.7658121127635239,1,17.281246492014
42.358822,-71.104329,0.7123,4.2301,2.6685,3.0575,8,3,7900000,2,0,0,1,0,0,0,0,0,0,1,0,0,0,0,0,0,0,1,0,0,0,2.0,0,1,37,12,0,1975000.0,1,0.5451819544773068,0.47386702032906114,1,15.882373444019521
30.280148,-97.749908,4.8247,4.8247,0.2466,0.2466,1,1,5000000,1,0,0,0,1,0,0,0,1,0,0,0,0,0,0,0,1,0,0,0,0,0,1.0,1,0,13,29,18,2500000.0,3,0.802181934862827,0.060882990873648006,0,15.424948670398354
47.638456,-122.356965,1.0,3.1863,2.4301,7.6247,5,2,2100000,3,0,0,0,0,1,0,0,0,0,0,0,0,0,0,1,0,1,1,0,0,0,1.5,1,1,184,32,27,700000.0,3,0.874610069677269,0.3213894642765748,0,14.557448378884015
39.116333,-77.18130699999998,0.2055,4.3973,3.4164,3.4164,6,4,22250000,1,0,0,0,0,1,0,0,0,1,0,0,0,0,0,0,0,0,1,1,1,1,2.5,1,1,21,13,8,4450000.0,4,0.22642876551037047,0.33486155568342385,0,16.917852611520342
45.520247,-122.674195,0.5397,1.5014,-14.1699,2.2082,6,2,1975000,2,0,0,0,0,1,0,0,0,1,0,0,0,0,0,0,1,1,0,0,0,0,3.0,0,1,154,25,8,658333.3333333334,5,1.8181818181818181,0.3871947104080834,0,14.496079462646344
40.723652,-73.985281,0.0,0.0,3.5918,4.3260000000000005,0,1,1000000,2,0,1,0,0,0,0,1,0,0,0,0,0,0,0,0,0,1,0,0,0,0,1.0,1,1,135,23,34,500000.0,2,0.43555904002787577,0.0,1,13.815511557963774
40.602206,-75.47127900000002,2.3452,2.3452,2.5205,4.4767,0,1,35000000,0,0,0,0,0,1,0,0,0,0,0,0,0,0,0,1,0,0,0,0,1,0,1.0,0,0,5,26,4,17500000.0,1,0.0,0.0,0,17.370858648025116
42.5656454,-71.3222696,5.5945,5.5945,2.5205,4.4767,3,1,26000000,0,0,0,1,0,0,0,0,0,0,0,0,0,0,0,1,1,0,0,0,0,0,2.0,1,1,139,12,28,13000000.0,3,0.0,0.1659878948171982,1,17.073607134447293
34.054935,-118.244476,0.6712,0.6712,0.0,0.7562,3,1,100000,2,1,0,0,0,0,0,0,0,0,0,1,0,0,0,0,0,1,0,0,0,0,1.0,0,0,107,2,11,50000.0,2,1.8181818181818181,0.23975189582096396,1,11.51293546492023
39.750152,-104.99643799999998,1.0,1.0,3.811,4.9178,6,1,5000000,3,0,0,0,0,1,0,0,1,0,0,0,0,0,0,0,0,0,1,0,0,0,1.0,1,1,58,3,18,2500000.0,1,0.6235709831635835,0.3652979452418881,0,15.424948670398354
34.062588,-84.16923,6.8356,8.3096,2.5205,4.4767,5,2,7300000,0,0,0,0,0,1,0,0,0,0,0,0,0,1,0,0,1,0,1,0,0,0,3.0,1,0,60,7,3,2433333.3333333335,4,0.0,0.2975590922408635,0,15.803385043104912
51.43247,-2.664213,1.3425,1.726,-0.0822,1.7205,8,2,5800000,2,0,0,0,0,1,0,0,0,1,0,0,0,0,0,0,0,1,1,0,0,0,4.0,1,1,157,27,8,1933333.3333333333,3,1.8181818181818181,0.4827021090247086,0,15.573368647930426
37.788482,-122.409173,0.5808,5.2521,3.0877,4.1699,11,4,23350000,2,1,0,0,0,0,0,0,0,0,0,1,0,0,0,0,0,1,1,1,0,0,3.0,1,1,174,2,11,4670000.0,4,0.4892726961371921,0.6122639502193383,1,16.966107584905732
42.393662,-71.25585500000003,3.6877,5.9644,2.5205,4.4767,7,2,13500000,0,0,0,1,0,0,1,0,0,0,0,0,0,0,0,0,1,0,0,0,1,0,2.5,1,1,205,12,30,4500000.0,4,0.0,0.40187848758255856,1,16.41820031748273
42.496515,-71.480233,7.3534,8.126,11.0329,11.0575,13,2,24500000,2,0,0,1,0,0,0,0,0,0,0,0,0,0,0,1,0,0,0,0,0,0,5.5,1,1,30,12,27,8166666.666666667,0,0.1662109715862344,0.721653570581412,1,17.01418371633128
37.534538,-122.252466,3.6027,3.6027,3.0027,3.0027,2,1,10000000,1,1,0,0,0,0,0,0,0,0,0,0,0,0,0,1,0,0,0,0,1,0,4.0,1,0,163,2,24,5000000.0,1,0.24983136382941515,0.11683542545250893,1,16.118095750958314
40.767013,-111.890431,-1.9863,-1.9863,2.5205,4.4767,3,1,8500000,0,0,0,0,0,1,0,0,0,0,0,0,0,0,0,1,1,0,0,0,0,0,1.0,0,0,170,30,22,4250000.0,3,0.0,0.17693293648851735,0,15.955576839107596
30.161661,-95.471256,16.4192,16.4192,2.5205,4.4767,0,1,6000000,0,0,0,0,1,0,0,0,0,0,0,0,0,0,0,1,0,0,0,1,0,0,3.0,0,0,195,29,4,3000000.0,1,0.0,0.0,0,15.607270193858982
37.424298,-122.139809,1.337,1.337,1.3479,1.3479,3,1,2000000,1,1,0,0,0,0,1,0,0,0,0,0,0,0,0,0,0,0,1,0,0,0,2.0,1,1,143,2,30,1000000.0,1,0.4259125175688913,0.19344033209448683,1,14.508658238524095
30.280148,-97.749908,1.1123,1.937,0.0,1.1123,3,2,4100000,2,0,0,0,1,0,0,0,0,1,0,0,0,0,0,0,0,0,1,0,0,0,1.5,1,1,13,29,8,1366666.6666666667,1,1.8181818181818181,0.18488277886528307,0,15.226497775576945
37.40047,-122.072981,0.3699,0.3699,1.9507,8.3178,5,1,6200000,4,1,0,0,0,0,0,0,0,0,0,0,0,0,0,1,0,0,1,0,0,0,2.0,1,1,125,2,26,3100000.0,1,1.355610533093842,0.3004796855662112,1,15.64006001130563
37.767575,-122.411157,4.0877,5.5753,4.0027,4.0027,8,2,12250000,1,1,0,0,0,0,0,0,0,0,1,0,0,0,0,0,0,0,0,1,1,0,2.5,1,1,174,2,0,4083333.3333333335,2,0.1998920582885242,0.46186612242441466,1,16.32103657658766
37.779281,-122.419236,3.3945,5.0712,5.7233,8.7342,3,2,11725600,2,1,0,0,0,0,0,0,1,0,0,0,0,0,0,0,0,0,1,1,0,0,2.0,1,1,174,2,18,3908533.3333333335,2,0.29747296714411076,0.17363839154151503,1,16.277285128978708
42.504817,-71.195611,4.3151,5.8301,2.5205,4.4767,1,2,16000000,0,0,0,1,0,0,1,0,0,0,0,0,0,0,0,0,0,0,1,1,0,0,3.0,1,0,35,12,30,5333333.333333333,2,0.0,0.0568566267744458,1,16.588099342704055
47.603832,-122.330062,2.4767,4.3836,3.3945,4.9863,10,3,5056559,2,0,0,0,0,1,0,0,1,0,0,0,0,0,0,0,1,0,1,0,0,0,1.6667,1,1,184,32,18,1264139.75,4,0.45511434747980434,0.608413249084708,0,15.43619696816912
37.780883,-122.395257,0.4137,0.4137,6.8329,8.874,9,1,100000,3,1,0,0,0,0,0,1,0,0,0,0,0,0,0,0,0,1,0,0,0,0,1.0,1,1,174,2,34,50000.0,2,0.38299991063335415,0.7192556874628919,1,11.51293546492023
37.789429,-122.276524,4.0877,9.3068,6.0027,6.0027,5,3,33000000,1,1,0,0,0,0,0,0,0,1,0,0,0,0,0,0,1,0,0,1,0,1,3.6667,1,1,2,2,8,8250000.0,5,0.14280206206177617,0.27304472719041556,1,17.312018149733785
40.750519,-73.993494,1.4082,1.9068,-0.1616,1.8384,5,2,2212000,2,0,1,0,0,0,0,0,0,0,0,0,0,0,0,1,0,1,1,0,0,0,3.0,1,1,135,23,1,737333.3333333334,3,1.8181818181818181,0.32031964120515166,1,14.609408093703827
37.484347,-122.225803,5.9014,7.2904,2.5205,4.4767,1,4,19800000,0,1,0,0,0,0,0,0,0,0,0,0,0,1,0,0,1,0,0,0,0,1,5.0,1,1,163,2,3,3960000.0,4,0.0,0.05617601165800348,1,16.801192546169812
37.566009,-122.321646,0.8301,1.0986,1.1014,1.1616,6,2,4500000,2,1,0,0,0,0,0,1,0,0,0,0,0,0,0,0,0,1,1,0,0,0,3.0,1,0,177,2,34,1500000.0,3,0.9517464547444561,0.3676563363571755,1,15.319588176962746
42.2960173,-71.2128734,4.0027,4.0055,4.0027,4.0027,2,2,14000000,1,0,0,1,0,0,1,0,0,0,0,0,0,0,0,0,1,0,0,1,0,0,1.5,1,1,133,12,30,4666666.666666667,4,0.1998920582885242,0.11458318559914987,1,16.454567959008102
26.106273,-80.41894,0.0548,0.0548,0.0685,0.4,4,1,100000,2,0,0,0,0,1,0,0,0,0,0,0,0,0,0,1,0,1,0,0,0,0,1.0,0,0,212,6,29,50000.0,2,1.8181818181818181,0.31966919442795194,0,11.51293546492023
37.4027811,-122.1441615,2.3562,3.4274,3.0027,5.3425,4,2,9900000,2,1,0,0,0,0,1,0,0,0,0,0,0,0,0,0,0,0,1,1,0,0,2.0,1,1,143,2,30,3300000.0,2,0.4996627276588303,0.23380812376334947,1,16.108045416114916
37.779281,-122.419236,0.0,5.063,5.0055,5.7945,10,3,7600000,2,1,0,0,0,0,0,0,0,0,1,0,0,0,0,0,0,0,1,1,0,0,5.0,1,1,174,2,0,1900000.0,2,0.333028057613854,0.5936952319861418,1,15.843658936835498
34.430786,-119.715074,0.0,0.0,0.737,0.737,2,1,50000,1,1,0,0,0,0,0,0,0,0,0,1,0,0,0,0,0,1,0,0,0,0,2.0,0,0,180,2,11,25000.0,2,0.5757052389176741,0.1692076253680014,1,10.819798284210286
37.448944,-122.161415,-0.0849,-0.0849,2.5205,4.4767,3,1,650000,0,1,0,0,0,0,0,0,0,0,0,0,0,0,0,1,0,1,0,0,0,0,1.0,0,0,143,2,24,325000.0,2,0.0,0.20855449987211533,1,13.384729180332174
34.005914000000004,-118.488129,0.9178,2.7288,2.4164,2.7288,8,3,10500000,3,1,0,0,0,0,0,0,1,0,0,0,0,0,0,0,1,0,1,1,0,0,2.0,1,0,107,2,18,2625000.0,5,0.8781173164734809,0.46601346579517827,1,16.166885910365842
34.019657,-118.487549,0.4712,0.4712,0.0,0.9178,12,1,500000,2,1,0,0,0,0,0,1,0,0,0,0,0,0,0,0,0,1,0,0,0,0,1.0,0,1,182,2,34,250000.0,2,1.8181818181818181,0.849716012814794,1,13.122365377402328
37.390501,-122.081151,1.9342,4.0438,2.0027,10.189,2,2,24300000,3,1,0,0,0,0,0,1,0,0,0,0,0,0,0,0,0,0,0,1,1,0,2.5,1,1,125,2,34,8100000.0,2,0.9991008092716556,0.11107416692088863,1,17.00598694946304
37.386778,-121.966277,7.4904,7.874,7.0055,7.0055,6,2,18000000,1,1,0,0,0,0,0,0,0,0,0,0,0,0,0,1,1,0,0,1,0,0,4.0,1,0,181,2,12,6000000.0,4,0.12491412154144027,0.33887043154010077,1,16.705882371415992
37.391642,-122.09393500000002,2.2466,5.0356,2.5205,4.4767,2,2,9500000,0,1,0,0,0,0,0,0,0,0,0,0,0,0,0,1,1,0,0,1,0,0,3.0,1,0,125,2,12,3166666.6666666665,4,0.0,0.11718656757600326,1,16.066802461833923
39.2328783,-76.8204666,7.3151,7.3151,5.0055,5.0055,6,1,16980999,1,0,0,0,0,1,0,0,0,0,0,0,0,1,0,0,0,0,0,1,0,0,1.0,1,1,52,13,3,8490499.5,1,0.166514028806927,0.33998946518980716,0,16.64760562992844
37.419819,-122.09018799999998,1.0027,1.0027,1.1644,3.5699,2,1,5000000,2,1,0,0,0,0,0,0,0,0,0,1,0,0,0,0,0,0,1,0,0,0,3.0,0,0,125,2,11,2500000.0,1,0.9240436148586213,0.12176598174729601,1,15.424948670398354
47.657943,-117.421226,1.6712,1.6712,2.5205,4.4767,3,1,350000,0,0,0,0,0,1,0,0,0,0,0,0,0,0,0,1,1,0,0,0,0,0,1.0,0,0,167,32,12,175000.0,3,0.0,0.21793311622843226,0,12.765691290604371
42.485691,-71.19861999999998,1.2384,4.9726,1.0,1.0,1,5,13130000,1,0,0,1,0,0,0,1,0,0,0,0,0,0,0,0,1,0,1,0,0,0,2.0,1,0,35,12,34,2188333.3333333335,4,0.5,0.05750295602339,1,16.390410322440438
39.78373,-100.445882,2.8247,2.8247,0.0,2.8219,1,1,20000000,2,0,0,0,0,1,1,0,0,0,0,0,0,0,0,0,0,0,1,0,0,0,1.0,0,0,184,32,30,10000000.0,1,1.8181818181818181,0.05614431326618112,0,16.811242881518265
42.372912,-71.118999,0.5014,3.2959,2.0685,6.9973,18,3,26500000,4,0,0,1,0,0,0,0,1,0,0,0,0,0,0,0,1,0,1,1,0,0,2.0,1,1,37,12,18,6625000.0,5,1.3035685188202706,0.994878842988549,1,17.0926553286923
42.432106,-71.453968,3.6986,4.1041,2.5205,4.4767,4,2,15000000,0,0,0,1,0,0,0,0,0,1,0,0,0,0,0,0,0,0,0,1,0,0,5.0,1,1,114,12,8,5000000.0,1,0.0,0.22826410909168904,1,16.52356082573315
39.414219,-77.410927,4.3041,4.3041,2.5205,4.4767,0,1,2600000,0,0,0,0,0,1,0,0,0,0,0,0,0,0,0,1,0,0,1,0,0,0,1.0,0,0,70,13,24,1300000.0,1,0.0,0.0,0,14.77102238760702
37.54827,-121.988572,2.3973,6.0329,2.5205,4.4767,1,4,21470000,0,1,0,0,0,0,0,0,0,0,0,0,0,0,0,1,0,0,1,1,0,0,3.5,1,0,72,2,4,4294000.0,2,0.0,0.05592163342937086,1,16.882167216431583
30.280148,-97.749908,0.0,0.0,0.274,0.863,5,1,20000,2,0,0,0,1,0,0,0,1,0,0,0,0,0,0,0,0,1,0,0,0,0,1.0,0,0,13,29,18,10000.0,2,1.5698587127158556,0.4585667703240225,0,9.90353755128617
37.384239,-122.012475,1.9151,2.5808,2.0,6.9178,10,2,3600000,3,1,0,0,0,0,0,1,0,0,0,0,0,0,0,0,0,1,1,0,0,0,1.0,0,0,191,2,34,1200000.0,3,1.0,0.6212552025030139,1,15.096444681204078
37.779281,-122.419236,0.5863,0.5863,1.0493,1.0493,8,1,2600000,1,1,0,0,0,0,0,0,0,0,0,0,1,0,0,0,0,0,1,0,0,0,2.0,0,1,174,2,6,1300000.0,1,0.4879715024642562,0.5072594409786937,1,14.77102238760702
37.424298,-122.139809,0.8027,0.8027,0.0,1.411,5,1,5000000,2,1,0,0,0,0,0,1,0,0,0,0,0,0,0,0,0,0,1,0,0,0,1.0,1,0,143,2,34,2500000.0,1,1.8181818181818181,0.30441495436824006,1,15.424948670398354
32.897274,-117.201076,4.7589,6.2247,3.6685,6.2247,2,2,17000000,2,1,0,0,0,0,0,0,1,0,0,0,0,0,0,0,0,0,1,1,0,0,3.5,1,1,173,2,18,5666666.666666667,2,0.4284031273428296,0.11332264046042419,1,16.648723960844016
43.643967,-70.923675,4.3699,4.3699,2.5205,4.4767,0,1,662000,0,0,0,0,0,1,0,0,0,0,0,0,0,0,0,1,0,0,1,0,0,0,3.0,0,0,210,14,15,331000.0,1,0.0,0.0,0,13.403022345492023
40.73901,-73.997259,0.0,1.0247,2.0055,2.7315,12,2,3750000,2,0,1,0,0,0,0,0,0,0,0,0,0,0,0,1,0,1,1,0,0,0,4.0,1,1,135,23,14,1250000.0,3,0.6654466810846781,0.7436203571150204,1,15.137266664613225
37.536402,-122.325129,0.1753,3.8795,2.0,4.474,12,3,20750000,2,1,0,0,0,0,0,0,0,0,0,0,0,0,0,1,1,0,1,1,0,0,2.3333,1,1,163,2,12,5187500.0,5,0.6666666666666666,0.6723420985794737,1,16.84805685283375
37.786942,-122.401245,1.1616,7.5041,2.5205,4.4767,5,4,19000000,0,1,0,0,0,0,0,0,0,0,0,1,0,0,0,0,0,0,1,1,1,0,2.0,1,1,174,2,11,3800000.0,3,0.0,0.28153233063692057,1,16.759949589762293
37.778613,-122.395289,-0.4192,0.6658,2.5205,4.4767,20,3,22500000,0,1,0,0,0,0,0,0,0,0,0,0,0,0,0,1,1,0,1,0,0,0,4.0,1,1,174,2,26,5625000.0,4,0.0,1.1155095708260867,1,16.929025911619092
37.792394,-122.402349,0.5041,3.0986,2.2384,3.7562,10,3,7300000,3,1,0,0,0,0,0,0,0,0,1,0,0,0,0,0,0,1,1,1,0,0,2.0,1,1,174,2,0,1825000.0,4,0.9263833992094862,0.595118184481727,1,15.803385043104912
39.78373,-100.445882,0.7479,7.8247,4.3151,5.9041,16,7,26390819,3,0,0,0,0,1,0,1,0,0,0,0,0,0,0,0,1,0,1,1,0,0,1.3333,1,0,184,32,34,3298852.375,5,0.5644296438448947,0.8845385914656759,0,17.08852678037267
47.582658,-122.135282,4.4959,4.4959,2.5205,4.4767,4,1,10000000,0,0,0,0,0,1,1,0,0,0,0,0,0,0,0,0,0,0,0,0,1,0,3.0,1,1,17,32,30,5000000.0,1,0.0,0.23367085090501785,0,16.118095750958314
40.73901,-73.997259,0.0849,0.0849,0.0,0.0,1,1,31000,1,0,1,0,0,0,0,1,0,0,0,0,0,0,0,0,0,1,0,0,0,0,2.0,0,0,127,23,34,15500.0,2,0.9090909090909091,0.08816962272968001,1,10.34177474101152
37.451026,-122.18676,1.7479,2.7288,1.7479,6.1452,16,3,21500000,4,1,0,0,0,0,0,0,1,0,0,0,0,0,0,0,0,0,1,1,0,0,3.3333,1,1,117,2,18,5375000.0,2,1.4556570471996797,0.8946762743656936,1,16.88356353960952
39.540323,-104.857271,4.8521,4.8521,6.5863,6.5863,5,1,4000000,1,0,0,0,0,1,0,0,0,0,0,0,0,0,0,1,0,0,0,0,0,0,5.0,1,1,65,3,27,2000000.0,0,0.13181656406944098,0.30860758710645847,0,15.201805169084134
33.020832,-117.077311,0.5041,3.7068,2.9863,4.0219,5,3,9400000,4,1,0,0,0,0,0,0,0,0,0,1,0,0,0,0,1,0,1,1,0,0,4.0,1,1,185,2,11,2350000.0,5,1.0034367709404712,0.2931481826768182,1,16.056220353623207
37.402802,-122.117418,0.0411,2.1288,1.7562,4.874,9,3,5600000,4,0,1,0,0,0,0,1,0,0,0,0,0,0,0,0,0,0,1,1,0,0,2.0,1,1,135,23,34,1400000.0,2,1.4512734924896598,0.5441921076838421,1,15.53827733427679
37.782101,-122.389519,2.0027,3.0466,3.5836,5.4767,9,2,6000000,2,1,0,0,0,0,0,0,0,0,0,0,0,0,0,1,0,0,1,1,0,0,2.5,1,1,174,2,10,2000000.0,2,0.4363382494109433,0.5419313285652455,1,15.607270193858982
37.78227879999999,-122.392978,0.7534,3.0712,3.9178,4.5041,16,3,2000000,2,1,0,0,0,0,0,0,0,0,0,0,0,0,0,1,0,1,0,0,0,0,3.6667,1,1,174,2,31,500000.0,2,0.40668591646671276,1.0316817711705963,1,14.508658238524095
37.778551,-122.391686,0.4548,0.7041,0.5808,1.737,5,2,1000000,3,1,0,0,0,0,0,0,0,0,0,0,0,0,0,1,1,0,1,0,0,0,5.5,1,1,174,2,10,333333.3333333333,4,1.8977732793522268,0.3374841280665974,1,13.815511557963774
40.012771,-75.239234,1.126,1.4055,0.7918,1.3973,3,2,200000,2,0,0,0,0,1,0,0,0,0,0,1,0,0,0,0,0,1,1,0,0,0,2.0,1,0,15,26,11,66666.66666666667,3,1.1161960040183057,0.22716813277394607,0,12.206077645517674
37.628328,-122.420814,1.8658,1.8658,0.0,1.863,2,1,2300000,2,1,0,0,0,0,0,0,0,0,0,0,0,0,0,1,0,0,1,0,0,0,2.0,1,0,171,2,4,1150000.0,1,1.8181818181818181,0.12780842955486107,1,14.648420115681892
37.7885714,-122.40359850000002,2.2164,2.2164,0.7479,3.4164,5,1,1000000,4,1,0,0,0,0,0,0,1,0,0,0,0,0,0,0,0,0,1,0,0,0,1.0,1,0,174,2,18,500000.0,1,2.288460438240174,0.3374841280665974,1,13.815511557963774
37.779624,-122.391236,0.8356,5.7534,4.9781,7.0301,13,5,24750000,3,1,0,0,0,0,0,0,0,0,0,0,0,0,0,1,1,1,1,1,0,0,2.4,1,1,174,2,19,4125000.0,7,0.501831685652632,0.7212470926515826,1,17.024336087383013
42.055849,-87.694664,2.5534,6.3945,6.6356,6.6356,15,2,12800000,1,0,0,0,0,1,1,0,0,0,0,0,0,0,0,0,0,0,1,1,0,0,2.0,1,0,66,9,30,4266666.666666667,2,0.13096547750013096,0.8638087056887597,0,16.36495580701484
37.4305755,-122.0971389,4.2384,6.5753,7.0027,7.0027,10,2,30500000,1,1,0,0,0,0,0,0,0,1,0,0,0,0,0,0,0,0,0,0,0,1,4.5,1,1,125,2,8,10166666.666666666,1,0.12495782673347744,0.5484489588724736,1,17.233237274364523
33.133524,-117.254593,5.5671,8.5342,5.6055,7.8384,3,3,36300000,2,1,0,0,0,0,0,0,0,0,0,0,0,0,0,1,1,0,0,0,1,0,1.5,1,0,40,2,2,9075000.0,4,0.30277798804026945,0.16297856738041108,1,17.40732832678329
37.779281,-122.419236,2.1726,3.0849,3.0877,4.7753,7,3,6693782,3,1,0,0,0,0,0,0,0,0,0,0,0,0,0,1,1,0,0,0,0,0,1.6667,1,1,174,2,25,1673445.5,3,0.7339090442057881,0.41874319064116156,1,15.716689743138032
32.901049,-117.192656,11.4329,11.4329,2.5205,4.4767,1,1,20000000,0,1,0,0,0,0,0,0,0,0,0,0,0,0,0,1,0,0,0,0,1,0,5.0,1,0,173,2,12,10000000.0,1,0.0,0.05614431326618112,1,16.811242881518265
37.316653,-122.05074,3.4767,3.4767,3.6849,5.6274,8,1,11370000,3,1,0,0,0,0,0,0,0,0,0,0,0,0,0,1,0,0,1,0,0,0,2.0,1,1,55,2,20,5685000.0,1,0.6403551836752118,0.46386253001914124,1,16.246488953677463
34.090368,-118.393064,0.5863,2.6384,3.5425,6.0712,13,3,16500000,4,1,0,0,0,0,0,1,0,0,0,0,0,0,0,0,0,0,1,1,1,0,1.3333,1,1,209,2,34,4125000.0,3,0.8805723720418271,0.7378452342596747,1,16.61887099947687
37.794891,-122.397901,0.0,0.0,3.411,3.411,3,1,250000,1,1,0,0,0,0,0,0,0,0,0,0,0,0,0,1,0,1,0,0,0,0,3.0,0,0,175,2,20,125000.0,2,0.22670596236681026,0.2233934626157021,1,12.429220196836383
40.70438220000001,-73.98657170000001,0.5041,3.3562,3.4219,7.2274,9,5,14400000,5,0,1,0,0,0,0,1,0,0,0,0,0,0,0,0,0,1,1,1,0,0,5.8,1,1,135,23,34,2400000.0,4,1.1307356566181959,0.5147934820430895,1,16.48273883399067
37.797435,-122.403175,1.0164,7.1534,5.6959,8.1781,10,4,13075000,2,1,0,0,0,0,0,0,0,0,1,0,0,0,0,0,0,0,1,1,0,0,4.0,1,1,174,2,0,2615000.0,2,0.29869024328320315,0.5751683937457543,1,16.386212644397094
37.388077,-122.08316,-0.4986,-0.4137,-0.4986,5.7699,10,2,26000000,4,1,0,0,0,0,0,0,0,0,0,1,0,0,0,0,0,0,1,0,1,0,2.5,1,1,125,2,11,8666666.666666666,2,3.6363636363636362,0.553292982723994,1,17.073607134447293
42.504817,-71.195611,3.1616,3.6904,3.0027,4.5041,6,2,16300000,2,0,0,1,0,0,0,0,0,1,0,0,0,0,0,0,0,0,0,1,0,0,2.0,1,1,35,12,8,5433333.333333333,1,0.4996627276588303,0.34077983220624514,1,16.60667572712668
30.409765000000004,-97.75101,4.4521,7.2274,7.0055,7.0055,5,2,5992316,1,0,0,0,1,0,0,0,0,1,0,0,0,0,0,0,1,0,1,0,0,0,2.0,0,1,13,29,8,1997438.6666666667,4,0.12491412154144027,0.3010961941698304,0,15.605988706651662
37.4233698,-122.09868590000002,0.8027,0.8027,5.3151,5.3151,4,1,1200000,1,1,0,0,0,0,1,0,0,0,0,0,0,0,0,0,0,0,1,0,0,0,1.0,0,0,143,2,30,600000.0,1,0.15835061994267707,0.2667051976005029,1,13.997832948091215
40.729839,-73.991781,1.1836,1.3781,1.3288,3.1096,7,2,1900000,2,0,1,0,0,0,0,1,0,0,0,0,0,0,0,0,0,1,1,0,0,0,2.5,1,0,135,23,34,633333.3333333334,3,0.8588114050154585,0.452858557288446,1,14.45736497045232
37.779281,-122.419236,9.3534,12.4055,7.0055,11.3836,9,3,30300000,2,1,0,0,0,0,0,0,0,0,0,1,0,0,0,0,1,0,0,0,0,1,4.5,1,0,174,2,11,7575000.0,4,0.24982824308288054,0.4937822309578387,1,17.226658303482896
40.730646,-73.986614,2.0027,2.0027,2.5205,4.4767,4,1,500000,0,0,1,0,0,0,0,1,0,0,0,0,0,0,0,0,0,1,0,0,0,0,5.0,0,0,135,23,34,250000.0,2,0.0,0.28323867093826466,1,13.122365377402328
42.8138649,-86.02384599999998,0.3288,0.3288,-0.4192,-0.4192,3,1,20000,1,0,0,0,0,1,0,1,0,0,0,0,0,0,0,0,0,1,0,0,0,0,1.0,0,0,220,15,34,10000.0,2,0.9090909090909091,0.2751400621944135,0,9.90353755128617
38.969532,-77.385948,0.1616,2.1781,1.5096,2.1781,3,4,3350000,2,0,0,0,0,1,0,0,1,0,0,0,0,0,0,0,0,1,1,1,0,0,1.5,0,1,79,31,18,670000.0,4,0.7969397513547977,0.18721366603147477,0,15.024471202308668
40.944543,-74.075419,5.0192,5.0192,2.5205,4.4767,1,1,26100000,0,0,0,0,0,1,0,0,0,0,0,0,0,1,0,0,1,0,0,0,0,0,2.0,1,1,144,20,3,13050000.0,3,0.0,0.05531754900249716,0,17.077445910607096
40.441694,-79.990086,1.411,2.5151,2.5205,4.4767,0,2,1213066,0,0,0,0,0,1,0,0,0,1,0,0,0,0,0,0,1,0,0,0,0,0,1.0,1,0,149,26,8,404355.3333333333,3,0.0,0.0,0,14.008662421355451
37.425359,-122.1389633,0.8438,4.2219,0.7616,4.9288,18,3,24030000,3,1,0,0,0,0,0,0,0,0,1,0,0,0,0,0,0,0,1,1,0,0,3.6667,1,1,143,2,0,6007500.0,2,1.7029972752043596,1.0002882136360938,1,16.9948136493273
37.764169,-122.402021,0.4986,3.4247,1.9863,5.9616,14,3,13100000,5,1,0,0,0,0,0,0,0,0,0,0,0,0,0,1,0,1,0,1,1,0,1.6667,1,1,174,2,33,3275000.0,4,1.6743126946388507,0.8051472898536326,1,16.388122864507256
40.757929,-73.985506,0.0822,1.7671,0.3014,5.0082,6,3,560001,5,0,1,0,0,0,1,0,0,0,0,0,0,0,0,0,1,1,0,0,0,0,3.5,1,1,135,23,30,140000.25,5,3.8420162901490698,0.42147571528668737,1,13.235695634133526
44.9773,-93.265469,2.8493,2.8493,2.9068,4.1918,7,1,3500000,3,0,0,0,0,1,0,0,0,1,0,0,0,0,0,0,0,0,1,0,0,0,2.0,1,1,120,16,8,1750000.0,1,0.76789188082318,0.43564107021231835,0,15.068273812173887
37.40909600000001,-121.94319099999998,0.9726,3.8438,2.0,2.0,18,4,42500000,1,1,0,0,0,0,0,0,1,0,0,0,0,0,0,0,1,0,1,1,1,0,2.5,1,1,176,2,18,8500000.0,6,0.3333333333333333,0.9695656228745226,1,17.565014657424058
37.793949,-122.398062,2.5973,2.5973,2.9178,5.4822,7,1,12170000,2,1,0,0,0,0,0,0,0,1,0,0,0,0,0,0,0,0,0,0,1,0,3.0,1,0,174,2,8,6085000.0,1,0.5104905814487722,0.4042857863279042,1,16.314484547132974
40.730646,-73.986614,5.7534,5.7534,8.0055,9.8356,4,1,1000000,2,0,1,0,0,0,1,0,0,0,0,0,0,0,0,0,0,0,1,0,0,0,3.0,1,1,135,23,30,500000.0,1,0.22208650269279887,0.2699873024532779,1,13.815511557963774
38.88521,-76.998641,3.337,3.937,-2.4986,4.7205,5,3,1820000,4,1,0,0,0,0,0,0,1,0,0,0,0,0,0,0,0,1,0,0,0,0,1.0,0,1,174,2,18,455000.0,2,3.6363636363636362,0.3243731182785662,1,14.414347608503377
32.960431,-96.83026,6.9699,6.9699,0.0849,11.9699,6,1,5000000,2,0,0,0,1,0,0,0,0,0,0,0,0,0,0,1,0,0,0,0,1,0,5.0,1,1,1,29,27,2500000.0,1,1.8181818181818181,0.3652979452418881,0,15.424948670398354
40.750519,-73.993494,0.8384,1.4055,1.6356,1.6356,4,2,18800000,1,0,1,0,0,0,0,0,0,0,0,0,0,0,0,1,0,0,1,1,0,0,2.5,1,1,135,23,9,6266666.666666667,2,0.37942024586431927,0.2253601433563039,1,16.749367480991666
33.685697,-117.825982,-0.1369999999999999,3.1452,-2.0932,4.4082,3,3,1310000,4,1,0,0,0,0,0,0,0,0,0,0,0,0,0,1,0,1,0,0,0,0,1.0,0,1,85,2,29,327500.0,2,3.6363636363636362,0.19886595418823222,1,14.085538458535822
42.479262,-71.152277,2.4164,4.7753,4.0027,4.0027,2,2,15000000,1,0,0,1,0,0,1,0,0,0,0,0,0,0,0,0,0,0,1,1,0,0,2.5,1,0,216,12,30,5000000.0,2,0.1998920582885242,0.11413205454584452,1,16.52356082573315
42.504817,-71.195611,2.0685,2.0685,-1.9151,-1.9151,3,1,25000000,1,0,0,1,0,0,1,0,0,0,0,0,0,0,0,0,0,0,0,0,0,1,5.0,1,1,35,12,30,12500000.0,1,0.9090909090909091,0.16634888094678085,1,17.034386422832473
42.360253,-71.058291,0.3288,2.0932,1.3288,2.7534,4,3,172500,2,0,0,1,0,0,0,1,0,0,0,0,0,0,0,0,0,1,0,0,0,0,1.0,0,1,27,12,34,43125.0,2,0.8588114050154585,0.30632191035387246,1,12.058158312538197
37.862592,-122.493561,2.2192,7.9315,1.6685,9.0904,7,3,40300000,5,1,0,0,0,0,0,0,1,0,0,0,0,0,0,0,1,0,0,1,1,0,4.0,1,1,96,2,18,10075000.0,5,1.873711823121604,0.378135920656643,1,17.511862051730805
34.098242,-118.35697,0.3616,0.3616,0.3753,0.5425,9,1,100000,3,1,0,0,0,0,0,0,0,0,0,0,1,0,0,0,0,1,0,0,0,0,1.0,0,0,107,2,6,50000.0,2,2.181342252599433,0.7192556874628919,1,11.51293546492023
47.6399006,-122.1914274,0.3342,5.4904,2.7507,5.589,14,5,19389998,2,0,0,0,0,1,0,0,0,0,0,0,0,0,0,1,1,0,1,1,1,0,1.5,1,1,184,32,7,3231666.3333333335,6,0.5332337963580132,0.7873897074653882,0,16.780267975645856
37.779281,-122.419236,3.4411,3.4411,4.0027,5.7178,6,1,6000000,2,1,0,0,0,0,1,0,0,0,0,0,0,0,0,0,0,0,1,0,0,0,2.0,1,1,174,2,30,3000000.0,1,0.3997841165770484,0.36128755237683036,1,15.607270193858982
40.756054,-73.986951,0.2219,2.0548,0.0411,3.9178,8,4,3499997,3,0,1,0,0,0,0,0,0,0,1,0,0,0,0,0,1,0,1,0,0,0,1.5,1,1,135,23,0,699999.4,4,2.727272727272727,0.49787553537265716,1,15.068272955030908
37.502742,-122.211281,1.2521,1.874,4.7178,5.0959,13,3,2600000,2,1,0,0,0,0,0,0,0,0,0,0,0,0,0,1,0,1,1,0,0,0,3.6667,1,1,163,2,20,650000.0,3,0.3497848822973871,0.8242965915903773,1,14.77102238760702
37.779281,-122.419236,-0.4466,1.1479,3.0603,3.7479,14,3,2023000,2,1,0,0,0,0,0,1,0,0,0,0,0,0,0,0,0,1,1,0,0,0,1.3333,1,1,174,2,34,505750.0,3,0.4925744403122922,0.9020564729465506,1,14.520092610465133
33.685697,-117.825982,5.1068,5.1068,2.5205,4.4767,3,1,25000000,0,1,0,0,0,0,0,0,0,0,0,0,0,0,0,1,1,0,0,0,0,0,4.0,1,1,85,2,28,12500000.0,3,0.0,0.16634888094678085,1,17.034386422832473
40.74929,-73.981328,1.4192,1.4466,1.663,1.663,5,2,1000000,1,0,1,0,0,0,0,0,0,0,1,0,0,0,0,0,0,1,0,0,0,0,3.5,0,1,135,23,0,333333.3333333333,2,0.37551633496057074,0.3374841280665974,1,13.815511557963774
37.424298,-122.139809,1.3288,2.063,3.2493,3.7836,11,2,13000000,2,1,0,0,0,0,0,0,1,0,0,0,0,0,0,0,0,0,1,1,0,0,3.0,1,1,143,2,18,4333333.333333333,2,0.47066575671287036,0.6328946417322873,1,16.380459992348886
42.37564,-71.2358,7.6932,14.0329,12.5041,14.0329,3,3,24150000,2,0,0,1,0,0,1,0,0,0,0,0,0,0,0,0,1,0,1,1,0,0,2.3333,1,0,205,12,30,6037500.0,5,0.14810316866729364,0.1666685650265231,1,16.99979497947072
37.354469,-121.990433,5.8411,8.2219,2.5205,4.4767,4,3,47218498,0,1,0,0,0,0,0,0,0,0,0,0,0,0,0,1,1,0,0,0,1,1,3.3333,1,0,181,2,28,11804624.5,5,0.0,0.21424405565687807,1,17.670296301738183
42.37564,-71.2358,3.6137,4.3753,0.0,7.9178,1,2,11800000,2,0,0,1,0,0,0,0,0,0,0,0,0,0,0,1,0,0,0,0,1,1,4.5,1,1,205,12,26,3933333.3333333335,2,1.8181818181818181,0.05785828249550578,1,16.283610174181653
35.96544,-115.106579,1.5973,2.1781,0.0822,0.0822,2,2,2387481,1,0,0,0,0,1,0,0,0,0,0,0,0,0,0,1,1,0,0,0,0,0,1.0,1,0,78,22,1,795827.0,3,0.9090909090909091,0.12750426495165992,0,14.685749812041585
38.872668,-77.367981,2.6712,3.8822,4.0027,7.3205,4,2,7500000,3,0,0,0,0,1,1,0,0,0,0,0,0,0,0,0,0,0,1,1,0,0,1.5,1,1,115,31,30,2500000.0,2,0.5996761748655726,0.2376649836709646,0,15.830413711839864
37.404788,-121.940842,6.7479,6.7479,4.0027,4.0027,3,1,25000000,1,1,0,0,0,0,0,0,0,0,0,0,0,1,0,0,0,0,0,0,1,0,1.0,1,1,176,2,3,12500000.0,1,0.1998920582885242,0.16634888094678085,1,17.034386422832473
37.386778,-121.966277,3.7096,8.9562,4.0027,4.0027,7,4,25305000,1,1,0,0,0,0,1,0,0,0,0,0,0,0,0,0,1,0,1,1,1,0,2.0,1,1,181,2,30,5061000.0,6,0.1998920582885242,0.3878865769980812,1,17.046512602148198
37.37968400000001,-121.97514,2.2712,6.3781,2.5205,4.4767,8,6,53816776,0,1,0,0,0,0,1,0,0,0,0,0,0,0,0,0,1,0,0,1,1,1,5.0,1,1,181,2,30,7688110.857142857,6,0.0,0.4255071128836735,1,17.801095816668678
37.809782,-122.417306,-0.1671,0.9151,2.674,8.3836,15,2,3500000,4,0,1,0,0,0,0,1,0,0,0,0,0,0,0,0,0,0,1,1,0,0,5.5,1,1,135,23,34,1166666.6666666667,2,1.0887316276537833,0.9335165790263965,1,15.068273812173887
37.388869,-122.072353,5.0767,5.0767,4.7562,6.0466,7,1,5000000,2,1,0,0,0,0,0,0,0,1,0,0,0,0,0,0,0,0,1,0,0,0,1.0,0,1,125,2,8,2500000.0,1,0.3474514436607484,0.42618093611553604,1,15.424948670398354
37.384756,-122.087712,0.0,2.5397,3.7699,5.9233,9,3,2515000,3,1,0,0,0,0,0,0,0,0,0,0,0,0,0,1,1,1,1,0,0,0,1.6667,1,1,34,2,20,628750.0,6,0.6289440030189313,0.5718721350951773,1,14.737783759130211
42.6161515,-71.3258687,1.0849,2.4986,2.5205,5.0192,10,2,8400000,3,0,0,1,0,0,0,1,0,0,0,0,0,0,0,0,0,0,1,1,0,0,2.0,1,1,111,12,34,2800000.0,2,0.8521516829995739,0.5901883877858736,1,15.943742382861155
34.01695,-118.451933,2.5836,4.0027,2.0301,4.6164,5,2,4900000,3,1,0,0,0,0,0,0,1,0,0,0,0,0,0,0,0,0,1,1,0,0,1.0,1,0,182,2,18,1633333.3333333333,2,0.9900663344444077,0.30478984618283916,1,15.404745967162468
47.614422,-122.192337,4.2959,4.2959,5.0027,5.0027,3,1,5000000,1,0,0,0,0,1,1,0,0,0,0,0,0,0,0,0,1,0,0,0,0,0,5.0,1,0,17,32,30,2500000.0,3,0.166591700401486,0.18264897262094404,0,15.424948670398354
40.825655,-73.46762199999998,4.4904,4.4904,2.5205,4.4767,2,1,11000000,0,0,1,0,0,0,0,0,0,0,0,0,0,0,0,1,0,0,0,0,1,0,3.0,1,1,217,23,24,5500000.0,1,0.0,0.11618851080958903,1,16.213405921671733
40.730646,-73.986614,0.6685,1.926,0.0,0.0,2,2,10800000,1,0,1,0,0,0,0,0,0,1,0,0,0,0,0,0,1,0,1,0,0,0,2.0,1,0,135,23,8,3600000.0,4,0.9090909090909091,0.1163124975417987,1,16.195056784687036
37.419347,-122.089639,2.5233,2.5233,4.0027,9.8849,5,1,7660000,3,1,0,0,0,0,0,0,0,0,0,0,0,0,0,1,0,0,1,0,0,0,6.0,1,1,125,2,27,3830000.0,1,0.5996761748655726,0.296709092539703,1,15.851522672265068
42.537592,-71.51201,0.3397,5.2247,3.0,6.0329,5,4,48730000,3,0,0,1,0,0,1,0,0,0,0,0,0,0,0,0,1,0,1,1,1,0,3.0,1,1,103,12,30,9746000.0,6,0.75,0.2673538668385174,1,17.70180543534093
34.054935,-118.244476,0.0,1.4137,1.4137,1.4137,1,2,3350000,1,1,0,0,0,0,0,0,0,0,0,0,0,0,0,1,0,1,1,0,0,0,2.5,1,0,107,2,17,1116666.6666666667,3,0.4143016944939305,0.06240455534382493,1,15.024471202308668
34.141876,-118.132377,3.8767,7.1973,2.6658,7.1973,3,4,28000000,2,1,0,0,0,0,0,0,0,0,0,0,1,0,0,0,1,0,0,1,1,0,3.0,1,0,73,2,6,5600000.0,5,0.545583501554913,0.1653100670157057,1,17.147715103853763
30.2702703,-97.742204,1.4959,1.4959,2.0849,2.0849,5,1,2500000,1,0,0,0,1,0,0,0,0,0,0,0,0,0,0,1,0,0,1,0,0,0,2.0,1,1,13,29,1,1250000.0,1,0.3241596161950144,0.31782755075215907,0,14.731801689838349
41.889474,-87.628912,0.3315,1.1644,2.0795,9.3507,16,2,8000000,4,0,0,0,0,1,0,1,0,0,0,0,0,0,0,0,0,0,1,1,0,0,4.0,1,1,48,9,34,2666666.6666666665,2,1.298912161065108,0.9470284252512615,0,15.894952224644102
40.73901,-73.997259,0.5836,1.6521,0.6329,4.263,6,2,540000,2,0,1,0,0,0,0,1,0,0,0,0,0,0,0,0,0,1,0,0,0,0,2.5,1,1,135,23,34,180000.0,2,1.2248147467695512,0.4225552597176114,1,13.199326270390594
37.780716,-122.39391299999998,0.0,1.2466,1.0,5.4384,4,2,3100000,4,1,0,0,0,0,0,0,0,0,0,1,0,0,0,0,0,1,1,0,0,0,2.0,1,1,174,2,11,1033333.3333333334,3,2.0,0.25083224583953245,1,14.946912992035967
40.750519,-73.993494,1.0904,2.326,2.8301,4.6904,8,2,1200000,2,0,1,0,0,0,0,0,1,0,0,0,0,0,0,0,0,1,1,0,0,0,6.0,1,1,135,23,18,400000.0,3,0.5221795775567217,0.5334103952010057,1,13.997832948091215
40.752516,-73.973072,0.0,0.0,0.1096,0.1096,2,1,5000000,1,0,1,0,0,0,0,0,0,0,0,1,0,0,0,0,0,0,1,0,0,0,2.0,0,0,135,23,11,2500000.0,1,0.9012256669069936,0.12176598174729601,1,15.424948670398354
37.785655,-122.398393,0.6658,7.3753,2.3726,2.3726,6,6,37079000,1,1,0,0,0,0,0,0,0,0,0,0,0,0,0,1,1,0,0,0,1,1,3.8,1,1,174,2,27,5297000.0,5,0.2965071458222143,0.3255815732934019,1,17.42856135655142
32.88945,-117.166929,-0.3342,0.2301,2.5205,4.4767,5,2,5000000,0,1,0,0,0,0,0,0,1,0,0,0,0,0,0,0,1,1,0,0,0,0,1.0,1,0,173,2,18,1666666.6666666667,5,0.0,0.30441495436824006,1,15.424948670398354
40.728425,-73.999882,0.2082,1.0849,0.1616,2.6521,3,4,4200000,3,0,1,0,0,0,1,0,0,0,0,0,0,0,0,0,0,1,1,0,0,0,3.0,1,1,135,23,30,840000.0,3,2.5826446280991737,0.18460862144901405,1,15.250595321348806
47.59896810000001,-122.33290359999998,3.5808,3.5808,-1.0027,7.5918,3,1,4100000,3,0,0,0,0,1,0,1,0,0,0,0,0,0,0,0,1,0,0,0,0,0,1.0,1,0,184,32,34,2050000.0,3,2.727272727272727,0.18488277886528307,0,15.226497775576945
37.222698,-121.979887,0.7726,0.7726,0.3123,1.1479,3,1,2000000,2,1,0,0,0,0,0,1,0,0,0,0,0,0,0,0,0,0,0,0,0,0,1.0,0,0,108,2,34,1000000.0,0,1.5240417587441895,0.19344033209448683,1,14.508658238524095
39.937989,-105.058729,5.0027,5.0027,5.4986,5.4986,3,1,6500000,1,0,0,0,0,1,1,0,0,0,0,0,0,0,0,0,1,0,0,0,0,0,1.0,1,1,33,3,30,3250000.0,3,0.15387929707937095,0.17977729668084097,0,15.687312888712007
37.561111,-122.27048700000002,1.4521,1.4521,2.5205,4.4767,0,1,4000000,0,1,0,0,0,0,0,1,0,0,0,0,0,0,0,0,0,0,1,0,0,0,3.0,0,0,68,2,34,2000000.0,1,0.0,0.0,1,15.201805169084134
37.391642,-122.09393500000002,0.2466,1.0,1.1616,1.1616,3,5,185000,1,1,0,0,0,0,0,0,1,0,0,0,0,0,0,0,1,1,0,0,0,0,2.0,1,0,125,2,18,30833.333333333332,5,0.46262028127313104,0.22851716754952817,1,12.128116509451258
45.520247,-122.674195,2.6959,2.6959,3.2192,4.0027,5,1,1300000,2,0,0,0,0,1,0,0,1,0,0,0,0,0,0,0,0,0,1,0,0,0,1.0,0,1,154,25,18,650000.0,1,0.4740235115661737,0.3316117028293362,0,14.077875591662238
42.360253,-71.058291,2.3041,2.3041,-0.3342,2.3589,4,1,2500000,3,0,0,1,0,0,0,0,0,0,0,0,0,0,0,1,0,0,1,0,0,0,2.0,1,1,27,12,26,1250000.0,1,2.727272727272727,0.25426204060172725,1,14.731801689838349
30.280148,-97.749908,0.5808,2.737,1.9151,4.6603,11,2,9200000,2,0,0,0,1,0,0,1,0,0,0,0,0,0,0,0,0,0,1,1,0,0,1.0,1,1,13,29,34,3066666.6666666665,2,0.6860828101951906,0.6457402162828985,0,16.034714150714915
34.066697,-118.383367,-1.4712,-0.1369999999999999,2.5205,4.4767,0,4,435953,0,1,0,0,0,0,0,1,0,0,0,0,0,0,0,0,0,1,0,0,0,0,1.0,0,0,23,2,34,87190.6,2,0.0,0.0,1,12.985292012178014
54.983201,-1.574631,-1.0,0.0,-1.5863,0.863,9,2,55600000,2,0,0,0,0,1,0,0,0,0,0,0,0,0,0,1,0,0,1,1,0,0,2.0,0,0,77,4,20,18533333.333333332,2,1.8181818181818181,0.47786696048399685,0,17.833693777206424
39.616435,-104.879925,6.263,6.263,1.0,1.0,2,1,10000000,1,0,0,0,0,1,1,0,0,0,0,0,0,0,0,0,1,0,0,0,0,0,1.0,0,1,75,3,30,5000000.0,3,0.5,0.11683542545250893,0,16.118095750958314
47.603832,-122.330062,0.8329,0.8329,0.6658,0.6658,3,1,12000,1,0,0,0,0,1,0,0,0,0,0,1,0,0,0,0,0,1,0,0,0,0,1.0,1,0,184,32,11,6000.0,2,0.6003121623244088,0.2886629014127353,0,9.392745258631441
38.988766,-76.940952,4.0301,4.0849,2.5205,4.4767,3,2,2257464,0,0,0,0,0,1,0,0,0,0,0,0,0,1,0,0,1,0,0,0,0,0,1.0,0,0,51,13,3,752488.0,3,0.0,0.1919416121566548,0,14.629753060277123
40.729839,-73.991781,0.1671,0.5288,0.1671,2.4438,4,2,983000,2,0,1,0,0,0,0,0,0,0,0,0,0,0,0,1,0,1,0,0,0,0,6.0,1,1,135,23,17,327666.6666666667,2,1.7136492160054837,0.2703001235231642,1,13.798365416422785
34.054935,-118.244476,1.4466,2.5068,2.5014,3.6411,15,2,41000000,2,1,0,0,0,0,0,0,0,0,0,0,0,0,0,1,0,0,0,1,1,0,1.5,1,1,107,2,9,13666666.666666666,2,0.5712000913920147,0.8095381883766338,1,17.529082649058825
32.969251,-96.823778,3.6685,5.5589,2.5205,4.4767,0,3,9100000,0,0,0,0,1,0,1,0,0,0,0,0,0,0,0,0,1,0,0,1,1,0,1.0,0,0,1,29,30,2275000.0,5,0.0,0.0,0,16.02378508137718
38.223032,-122.261642,2.4438,7.1973,-2.0575,6.8767,6,3,25500100,3,1,0,0,0,0,1,0,0,0,0,0,0,0,0,0,1,0,0,1,0,0,2.5,1,0,129,2,30,6375025.0,4,2.727272727272727,0.3323327722080506,1,17.054192970905124
37.779281,-122.419236,0.2959,0.2959,1.5863,1.6658,3,1,400000,2,1,0,0,0,0,0,1,0,0,0,0,0,0,0,0,0,1,0,0,0,0,1.0,1,1,174,2,34,200000.0,2,0.7733054943355372,0.21583941386198266,1,12.899222326086994
40.730646,-73.986614,4.737,8.3479,2.5205,4.4767,4,10,22165091,0,0,1,0,0,0,0,0,0,0,0,0,0,0,0,1,1,0,0,1,0,0,2.0,1,1,135,23,20,2015008.2727272727,4,0.0,0.22328868399808177,1,16.9140291768407
37.763652,-122.421778,0.1671,0.1671,0.6712,3.3151,4,1,500000,2,1,0,0,0,0,0,0,0,0,0,0,0,0,0,1,0,0,1,0,0,0,4.0,1,1,174,2,20,250000.0,1,1.1967448539971277,0.28323867093826466,1,13.122365377402328
42.048203,-88.03156899999998,1.2603,3.1781,2.8411,2.8411,6,2,4700000,1,0,0,0,0,1,0,0,0,0,0,0,0,0,0,1,1,0,1,0,0,0,1.0,1,1,86,9,27,1566666.6666666667,4,0.2603420895056104,0.3666792843577034,0,15.363073279446223
37.09024,-95.712891,2.0055,2.0055,0.0,0.0,1,1,30000000,1,0,0,1,0,0,0,0,0,0,0,0,1,0,0,0,1,0,0,0,0,0,2.0,1,1,37,12,6,15000000.0,3,0.9090909090909091,0.05489466052177839,1,17.216707972959764
42.447318,-71.2245,2.0658,9.3836,7.0055,7.0055,13,5,39000000,1,0,0,1,0,0,1,0,0,0,0,0,0,0,0,0,0,0,0,1,1,1,3.25,1,1,99,12,30,6500000.0,3,0.12491412154144027,0.7034985219161333,1,17.479072229734946
37.381341,-121.977065,6.4356,9.0,10.0082,10.0082,10,3,32000000,1,1,0,0,0,0,0,0,0,0,0,0,0,0,0,1,0,0,0,0,0,1,3.0,1,1,181,2,28,8000000.0,1,0.09084137279482567,0.5470086519739457,1,17.281246492014
42.375518,-71.27229200000002,0.1151,1.1507,2.5205,4.4767,7,3,42000000,0,0,0,1,0,0,0,0,0,0,1,0,0,0,0,0,0,0,1,1,1,0,2.6667,1,1,205,12,0,10500000.0,3,0.0,0.3772938075585786,1,17.553180200057167
33.685697,-117.825982,4.3726,9.3616,4.0027,9.3616,5,3,24510540,2,1,0,0,0,0,0,0,0,1,0,0,0,0,0,0,1,0,1,1,0,0,2.6667,1,1,85,2,8,6127635.0,5,0.3997841165770484,0.27755243869067536,1,17.01461382788412
37.441537,-122.158332,5.6548,5.6548,2.5205,4.4767,0,1,2500000,0,1,0,0,0,0,1,0,0,0,0,0,0,0,0,0,1,0,0,0,0,0,2.0,1,0,143,2,30,1250000.0,3,0.0,0.0,1,14.731801689838349
28.0385347,-82.5068513,3.6027,7.926,8.5945,9.1096,1,3,21460663,2,0,0,0,0,1,1,0,0,0,0,0,0,0,0,0,0,0,0,1,1,1,4.5,1,1,192,6,30,5365165.75,3,0.20845275939340246,0.055922993745998004,0,16.88173223597427
40.730646,-73.986614,5.3507,5.3507,2.5205,4.4767,6,1,15000000,0,0,1,0,0,0,0,0,0,0,0,1,0,0,0,0,0,0,0,0,1,0,4.0,1,1,135,23,11,7500000.0,1,0.0,0.34239616363753356,1,16.52356082573315
37.779281,-122.419236,1.4137,4.2795,1.3288,5.1836,5,2,889999,2,1,0,0,0,0,0,0,1,0,0,0,0,0,0,0,1,1,0,0,0,0,3.5,1,0,174,2,18,296666.3333333333,5,0.8588114050154585,0.34015973273925304,1,13.698976741708323
37.573045,-122.2823,4.2219,4.2219,3.0,3.0,6,1,16000000,1,1,0,0,0,0,1,0,0,0,0,0,0,0,0,0,0,0,0,1,0,0,3.0,1,1,68,2,30,8000000.0,1,0.25,0.34113976064667484,1,16.588099342704055
37.762185,-122.467269,2.4192,2.4192,2.5041,8.3973,5,1,7000000,4,1,0,0,0,0,0,1,0,0,0,0,0,0,0,0,0,0,0,1,0,0,2.0,1,1,174,2,34,3500000.0,1,1.1415199337918438,0.2983040665097777,1,15.76142084987672
40.730646,-73.986614,0.7479,0.7479,2.5205,4.4767,3,2,100000,0,0,1,0,0,0,0,0,0,0,1,0,0,0,0,0,0,1,0,0,0,0,1.0,0,0,135,23,0,33333.333333333336,2,0.0,0.23975189582096396,1,11.51293546492023
40.73901,-73.997259,1.9041,1.9041,1.9041,4.0027,13,1,1500000,3,0,1,0,0,0,0,0,0,0,0,0,0,0,0,1,0,0,1,0,0,0,1.0,0,1,135,23,19,750000.0,1,1.0330222788471473,0.8540845025846489,1,14.220976332738882
47.617838,-122.356027,6.0356,6.0356,10.4959,12.6137,19,1,8000000,4,0,0,0,0,1,0,1,0,0,0,0,0,0,0,0,1,0,0,0,0,0,1.0,1,1,184,32,34,4000000.0,3,0.3479501387451178,1.124596254985873,0,15.894952224644102
37.7611016,-122.4160008,0.0164,0.0164,2.5205,4.4767,3,1,25000,0,1,0,0,0,0,0,1,0,0,0,0,0,0,0,0,0,1,0,0,0,0,1.0,0,0,174,2,34,12500.0,2,0.0,0.2696224209572938,1,10.12667110305036
40.787878000000006,-74.388207,1.0,3.6493,3.4986,3.4986,10,2,12100000,1,1,0,0,0,0,0,1,0,0,0,0,0,0,0,0,0,0,1,1,0,0,1.0,1,0,177,2,34,4033333.3333333335,2,0.22229137954030145,0.5777436030579968,1,16.308716093211594
37.779281,-122.419236,4.2192,5.6110000000000015,5.0027,5.0027,9,2,20000000,1,1,0,0,0,0,1,0,0,0,0,0,0,0,0,0,0,0,0,0,1,1,4.5,1,1,174,2,30,6666666.666666667,2,0.166591700401486,0.5052988193956301,1,16.811242881518265
30.409765000000004,-97.75101,2.0301,9.3808,9.0055,9.0055,10,4,49600000,1,0,0,0,1,0,0,0,0,0,0,0,0,0,0,1,0,0,0,1,1,0,2.6667,1,0,13,29,12,9920000.0,2,0.09994503023337165,0.5342022621214826,0,17.719501411856445
34.154942600000005,-118.6545471,7.5123,9.9479,0.4164,0.4164,3,5,51450000,1,1,0,0,0,0,0,0,0,0,0,1,0,0,0,0,1,0,0,0,0,1,5.6667,1,1,36,2,11,8575000.0,4,0.7060152499293986,0.1599477841741991,1,17.75612103968068
37.775206,-122.419209,-0.1808,2.5178,4.6904,4.6904,7,2,6300000,1,1,0,0,0,0,0,0,0,0,0,0,0,0,0,1,0,0,1,1,0,0,2.0,1,1,174,2,17,2100000.0,2,0.17573457050470967,0.4202674493768495,1,15.656060350091908
40.750519,-73.993494,2.0,2.0,1.0274,3.1644,8,1,200000,3,0,1,0,0,0,0,0,1,0,0,0,0,0,0,0,0,1,0,0,0,0,2.0,1,0,135,23,18,100000.0,2,1.479727730097662,0.6057816873971895,1,12.206077645517674
39.099909,-84.504243,0.0,0.0,0.0,0.0,2,1,20000,1,0,0,0,0,1,0,0,0,0,0,0,0,0,0,1,0,1,0,0,0,0,1.0,0,0,49,24,9,10000.0,2,0.9090909090909091,0.18342670812960898,0,9.90353755128617
42.492256,-71.13454899999998,0.0,3.3945,6.9781,9.2192,13,2,11600000,3,0,0,1,0,0,0,0,0,0,0,0,0,0,0,1,0,0,1,0,1,0,2.0,1,1,141,12,12,3866666.6666666665,2,0.37602938042892414,0.7529023338602511,1,16.266515742283485
37.391727,-122.077597,0.1205,0.1205,-0.2438,5.263,6,1,9150000,2,1,0,0,0,0,0,1,0,0,0,0,0,0,0,0,0,0,1,0,0,0,2.0,1,1,125,2,34,4575000.0,1,1.8181818181818181,0.3523346521279226,1,16.029264546541317
39.099909,-84.504243,0.2849,0.2849,0.0,0.2849,2,1,1200000,2,0,0,0,0,1,0,0,0,0,1,0,0,0,0,0,0,0,1,0,0,0,4.0,1,0,49,24,0,600000.0,1,1.8181818181818181,0.13335259880025144,0,13.997832948091215
39.762314,-104.982256,0.5808,2.5123,0.5918,4.9699,9,3,1415000,4,1,0,0,0,0,0,0,0,0,0,0,0,0,0,1,1,1,0,0,0,0,1.0,1,1,34,2,29,353750.0,5,2.5128785023244125,0.593564150283702,1,14.162640795773006
37.7915,-122.40045,1.0849,3.1342,5.9178,7.9342,16,2,4200000,2,1,0,0,0,0,0,0,0,1,0,0,0,0,0,0,0,0,1,1,0,0,1.5,1,1,174,2,8,1400000.0,2,0.28910925438723295,0.9845793143947416,1,15.250595321348806
42.354023,-71.05809599999998,0.9151,1.6356,4.8521,6.0904,7,2,500000,2,0,0,1,0,0,0,1,0,0,0,0,0,0,0,0,0,1,1,0,0,0,2.0,0,1,27,12,34,166666.66666666666,3,0.34175765964354676,0.49566767414196317,1,13.122365377402328
32.997114,-96.676137,5.9507,5.9507,2.5205,4.4767,1,1,21500000,0,0,0,0,1,0,0,0,0,0,0,0,0,0,0,1,0,0,0,0,1,0,4.0,1,1,165,29,24,10750000.0,1,0.0,0.05591726714785585,0,16.88356353960952
40.3310529,-111.7276347,0.0411,1.5863,2.2795,4.3918,4,2,10000000,2,0,0,0,0,1,0,1,0,0,0,0,0,0,0,0,0,0,1,0,0,0,2.0,0,1,100,30,34,3333333.3333333335,1,0.6098490623570666,0.23367085090501785,0,16.118095750958314
34.054935,-118.244476,1.0877,2.5616,4.0027,4.0027,7,2,9500000,1,1,0,0,0,0,1,0,0,0,0,0,0,0,0,0,0,0,1,1,0,0,2.5,1,0,107,2,30,3166666.6666666665,2,0.1998920582885242,0.41015298651601145,1,16.066802461833923
40.347054,-74.064306,10.9068,10.9068,9.2548,9.2548,5,1,275000,1,0,0,0,0,1,1,0,0,0,0,0,0,0,0,0,0,1,0,0,0,0,2.0,0,0,161,20,30,137500.0,2,0.09751530990365488,0.3696986139401368,0,12.524530013005734
37.426316,-122.141082,0.0849,5.0356,1.8329,1.8329,10,3,19743770,1,1,0,0,0,0,1,0,0,0,0,0,0,0,0,0,0,0,0,1,1,0,2.5,1,1,143,2,30,4935942.5,2,0.3529951639662537,0.561849878363284,1,16.798348607159696
42.360253,-71.058291,2.0849,4.0192,2.5041,2.5041,5,5,1178000,1,0,0,1,0,0,1,0,0,0,0,0,0,0,0,0,0,1,0,0,0,0,5.0,1,1,27,12,30,196333.33333333334,2,0.28537998344796095,0.3337933118194904,1,13.979329492089743
37.520592,-122.255907,0.7479,2.7945,2.0575,3.8356,5,3,25000000,2,1,0,0,0,0,0,0,0,0,0,0,0,0,0,1,0,0,1,1,0,0,2.0,1,1,143,2,27,6250000.0,2,0.6541291905151267,0.2772481349113014,1,17.034386422832473
40.60157589999999,-75.3611135,1.5863,3.1808,2.5205,4.4767,1,3,24150000,0,0,0,0,0,1,0,0,0,0,0,0,0,0,0,1,1,0,1,1,0,0,2.0,1,1,22,26,28,6037500.0,5,0.0,0.05555618834217437,0,16.99979497947072
37.354469,-121.990433,1.4164,3.326,4.4192,9.8164,11,2,36000000,3,1,0,0,0,0,0,0,0,0,0,0,0,0,0,1,0,0,1,1,0,0,3.5,1,1,181,2,12,12000000.0,2,0.5535872453498671,0.5978576199104928,1,17.399029524198163
38.703764,-90.443832,1.3973,1.3973,2.5205,4.4767,1,1,205000,0,0,0,0,0,1,0,0,0,0,0,0,0,0,0,1,0,1,0,0,0,0,1.0,0,0,168,17,20,102500.0,2,0.0,0.07558139017676464,0,12.230770136157428
37.550954,-122.315396,-1.1836,-1.1836,0.8301,0.8301,1,1,2000000,1,1,0,0,0,0,0,1,0,0,0,0,0,0,0,0,0,0,0,0,0,0,1.0,0,0,143,2,34,1000000.0,0,0.5464182285121032,0.06448011069816227,1,14.508658238524095
40.730646,-73.986614,0.8904,0.8904,1.3288,2.526,15,1,4000000,2,0,1,0,0,0,0,0,1,0,0,0,0,0,0,0,0,0,1,0,0,0,3.0,1,0,136,23,18,2000000.0,1,0.8588114050154585,0.9258227613193754,1,15.201805169084134
40.74929,-73.981328,0.7151,0.7151,0.7479,2.011,2,1,500000,2,0,1,0,0,0,0,0,0,0,0,0,1,0,0,0,0,1,0,0,0,0,1.0,1,0,135,23,6,250000.0,2,1.144230219120087,0.14161933546913233,1,13.122365377402328
30.387275,-97.759511,0.7425,0.7425,1.1671,3.9151,9,1,4000000,2,0,0,0,1,0,0,0,0,0,0,0,0,0,0,1,0,0,1,0,0,0,2.0,1,0,13,29,26,2000000.0,1,0.9228923446080015,0.5554936567916252,0,15.201805169084134
40.650104,-73.94958199999998,0.0,2.4274,2.4274,2.4986,8,2,9030000,2,0,1,0,0,0,0,1,0,0,0,0,0,0,0,0,0,1,1,0,0,0,4.0,1,0,32,23,34,3010000.0,3,0.5835327070082278,0.47014400352251184,1,16.016063036135133
34.050451,-118.437775,0.6658,0.6658,0.4192,0.4192,2,1,20000,1,1,0,0,0,0,0,0,0,0,0,0,0,0,0,1,0,1,0,0,0,0,1.0,0,0,107,2,17,10000.0,2,0.7046223224351748,0.18342670812960898,1,9.90353755128617
42.504817,-71.195611,3.1014,6.7342,4.0027,6.7342,3,3,14700000,2,0,0,1,0,0,0,0,0,0,0,0,0,0,0,1,1,0,0,1,0,0,1.0,0,1,35,12,16,3675000.0,4,0.3997841165770484,0.1713956818726373,1,16.503358119776173
37.437328,-122.159928,-0.1288,0.8712,-0.5863,1.2137,4,3,430000,2,1,0,0,0,0,0,0,0,0,0,1,0,0,0,0,0,1,0,0,0,0,1.6667,0,1,143,2,11,107500.0,2,1.8181818181818181,0.28629622751519057,1,12.971542813248437
37.538352,-122.299665,1.337,1.4219,0.5863,0.5863,5,2,1015000,1,1,0,0,0,0,0,0,0,1,0,0,0,0,0,0,1,0,1,0,0,0,1.0,0,1,177,2,8,338333.3333333333,4,0.6303977809998108,0.33714531958096083,1,13.830400155679214
37.4484914,-122.1802812,0.4438,0.4438,0.8192,0.8192,2,1,1200000,1,1,0,0,0,0,0,1,0,0,0,0,0,0,0,0,1,0,0,0,0,0,2.0,1,0,117,2,34,600000.0,3,0.5496921723834652,0.13335259880025144,1,13.997832948091215
40.364273,-74.951278,1.8301,3.3288,3.274,7.6274,16,2,17100000,4,0,0,0,0,1,0,1,0,0,0,0,0,0,0,0,0,0,1,1,0,0,2.5,1,1,134,26,34,5700000.0,2,0.9358914365933552,0.9062799438458027,0,16.65458907995242
39.6478,-104.9875,4.6767,4.6767,5.9671,5.9671,0,1,50000000,1,0,0,0,0,1,0,1,0,0,0,0,0,0,0,0,1,0,0,0,0,0,4.0,1,1,65,3,34,25000000.0,3,0.1435317420447532,0.0,0,17.72753358339242
34.054935,-118.244476,0.6548,0.6548,2.5205,4.4767,3,1,900000,0,1,0,0,0,0,1,0,0,0,0,0,0,0,0,0,0,0,1,0,0,0,1.0,1,0,107,2,30,450000.0,1,0.0,0.20394080038417187,1,13.710151153416941
37.563905,-122.324688,16.9863,16.9863,16.663,18.3233,7,1,6000000,2,1,0,0,0,0,0,0,0,0,0,0,0,0,0,1,0,0,1,0,0,0,1.0,1,0,177,2,20,3000000.0,1,0.1132310479533488,0.4215021444396354,1,15.607270193858982
40.729839,-73.991781,0.7479,7.0904,8.0055,9.874,5,2,15100000,3,0,1,0,0,0,0,0,0,0,1,0,0,0,0,0,0,1,1,0,0,0,1.0,0,1,135,23,0,5033333.333333333,3,0.33312975403919826,0.28522198656749115,1,16.530205368010318
37.486368,-122.230116,1.8575,4.6027,3.9178,6.4301,15,4,14800000,3,1,0,0,0,0,0,0,1,0,0,0,0,0,0,0,1,0,0,1,1,0,2.25,1,1,163,2,18,2960000.0,5,0.6100288747000692,0.8566465990120016,1,16.51013780630191
31.5682893,-97.1973664,0.8712,0.8712,2.5205,4.4767,1,1,30000,0,0,0,0,1,0,1,0,0,0,0,0,0,0,0,0,0,1,0,0,0,0,1.0,0,0,204,29,30,15000.0,2,0.0,0.08842525762978698,0,10.308985993422082
40.0186731,-105.2762236,0.2055,0.4329,0.4685,2.9507,6,2,415000,2,0,0,0,0,1,0,0,0,0,0,0,0,0,0,1,0,1,0,0,0,0,1.0,1,1,29,3,20,138333.33333333334,2,1.361933946203609,0.43053849100868335,0,12.936036208848487
40.743808,-73.983626,-0.1616,3.8329,3.0027,4.7014,16,4,27063781,4,0,1,0,0,0,0,1,0,0,0,0,0,0,0,0,0,0,1,1,1,0,3.5,1,1,135,23,34,5412756.2,3,0.9993254553176606,0.883308980205932,1,17.113706934429455
34.394343,-119.51231,3.0877,3.0877,5.0027,5.0027,6,1,3100000,1,1,0,0,0,0,0,0,0,0,1,0,0,0,0,0,0,0,1,0,0,0,5.0,1,1,41,2,0,1550000.0,1,0.166591700401486,0.3762483687592987,1,14.946912992035967
37.451124,-122.16626399999998,2.1616,3.2877,3.4986,7.6904,13,2,33000000,4,0,0,0,0,0,0,0,0,0,0,0,0,0,0,1,0,0,1,1,0,0,2.5,1,0,117,2,26,11000000.0,2,0.8891655181612058,0.7099162906950806,0,17.312018149733785
37.430025,-122.09998,2.7753,5.0027,4.1644,10.7534,2,3,17400000,2,1,0,0,0,0,0,1,0,0,0,0,0,0,0,0,1,0,0,0,1,0,5.0,1,1,125,2,34,4350000.0,4,0.38726667183022234,0.11317350444094598,1,16.67198082165602
37.491356,-122.228843,0.0,3.3863,5.3973,8.7123,17,5,28300000,4,1,0,0,0,0,0,1,0,0,0,0,0,0,0,0,0,1,1,1,1,1,2.0,1,1,117,2,34,4716666.666666667,6,0.6252637831585199,0.9362072562142197,1,17.158372397949154
41.879535,-87.624333,1.3288,2.0301,2.0,2.0301,5,3,1525000,2,0,0,0,0,1,0,0,0,0,0,0,1,0,0,0,0,1,0,0,0,0,2.6667,1,1,48,9,6,381250.0,2,0.6666666666666666,0.3281376967765035,0,14.23750562376114
40.730646,-73.986614,0.3397,0.3397,0.5452,1.7151,9,1,1200000,3,0,1,0,0,0,0,0,0,0,0,0,0,0,0,1,0,1,0,0,0,0,5.0,1,1,136,23,33,600000.0,2,1.9414962464405903,0.6000866946011314,1,13.997832948091215
37.391642,-122.09393500000002,0.1781,4.0301,3.674,7.2438,6,3,12400000,4,1,0,0,0,0,0,1,0,0,0,0,0,0,0,0,1,0,1,1,0,0,1.6667,1,1,125,2,34,3100000.0,5,0.8557980316645273,0.34615636688007834,1,16.333207111220425
39.959721,-75.605964,4.5863,4.5863,2.5205,4.4767,1,1,100000,0,0,0,0,0,1,0,0,0,0,0,0,0,1,0,0,1,0,0,0,0,0,1.0,1,0,208,26,3,50000.0,3,0.0,0.07991729860698799,0,11.51293546492023
37.779281,-122.419236,2.2219,7.3288,7.0055,7.0055,4,3,11000000,1,1,0,0,0,0,1,0,0,0,0,0,0,0,0,0,1,1,0,1,0,0,1.6667,1,1,174,2,30,2750000.0,6,0.12491412154144027,0.23237702161917806,1,16.213405921671733
36.16223,-86.774353,1.3397,2.2795,1.0,1.0,3,2,675000,1,0,0,0,0,1,0,1,0,0,0,0,0,0,0,0,0,1,0,0,0,0,1.5,0,1,132,28,34,225000.0,2,0.5,0.20800876092147297,0,13.42246945133505
37.3725243,-122.035963,0.0,2.3863,2.5205,4.4767,5,2,13000000,0,1,0,0,0,0,1,0,0,0,0,0,0,0,0,0,0,0,1,1,0,0,2.5,1,1,191,2,30,4333333.333333333,2,0.0,0.2876793826055851,1,16.380459992348886
40.728425,-73.999882,0.7479,0.7479,1.0329,2.4986,5,1,3500000,2,0,1,0,0,0,0,0,0,0,0,0,0,0,0,1,0,0,0,0,0,0,2.0,1,1,135,23,29,1750000.0,0,0.9838162231295196,0.31117219300879884,1,15.068273812173887
42.49173,-71.28179499999997,4.9342,4.9342,0.0,0.0,2,1,12000000,1,0,0,1,0,0,0,0,0,0,0,0,0,0,0,1,0,0,0,0,1,0,4.0,1,0,16,12,12,6000000.0,1,0.9090909090909091,0.11560414794332972,1,16.300417291085605
36.13996,-86.796377,0.4521,6.0822,3.7425,3.7425,2,3,15286415,1,0,0,0,0,1,0,0,0,0,0,0,0,0,0,1,0,0,1,0,0,0,1.0,0,1,132,28,23,3821603.75,1,0.21085925144965736,0.11400899719273969,0,16.54247514885925
37.79402,-122.4031242,0.7123,0.7123,1.5836,3.0027,5,1,3200000,3,1,0,0,0,0,0,1,0,0,0,0,0,0,0,0,0,0,1,0,0,0,1.0,1,1,174,2,34,1600000.0,1,1.1611704598235022,0.3129173206147726,1,14.978661680269907
47.184901,-122.292141,0.0164,0.0164,0.0,0.0,1,1,30000,1,0,0,0,0,1,0,0,0,0,1,0,0,0,0,0,0,1,0,0,0,0,2.0,0,0,159,32,0,15000.0,2,0.9090909090909091,0.08842525762978698,0,10.308985993422082
37.7710177,-122.4025976,3.1589,5.6712,9.0055,9.0055,9,2,23500000,1,1,0,0,0,0,1,0,0,0,0,0,0,0,0,0,1,0,0,1,0,0,5.0,1,1,174,2,30,7833333.333333333,4,0.09994503023337165,0.5007647506322094,1,16.97251102166758
42.493447,-71.514104,5.0082,5.0082,2.5205,4.4767,2,1,980000,0,0,0,1,0,0,1,0,0,0,0,0,0,0,0,0,0,0,0,0,0,0,1.0,0,0,30,12,30,490000.0,0,0.0,0.13517798225306457,1,13.795308871054397
37.390956,-122.032795,3.1562,3.1562,2.5205,4.4767,0,1,20000000,0,1,0,0,0,0,0,0,0,0,0,0,0,0,0,1,0,0,0,1,0,0,3.0,1,0,191,2,12,10000000.0,1,0.0,0.0,1,16.811242881518265
47.603327,-122.334983,-0.9178,-0.9178,2.5205,4.4767,4,1,1500000,0,0,0,0,0,1,0,1,0,0,0,0,0,0,0,0,0,0,0,0,0,0,3.0,0,0,184,32,34,750000.0,0,0.0,0.26279523156450735,0,14.220976332738882
34.031328,-118.471463,4.1753,5.537000000000001,6.3836,6.3836,0,2,8000000,1,1,0,0,0,0,0,0,0,0,0,1,0,0,0,0,0,0,1,0,0,0,1.5,1,1,182,2,11,2666666.6666666665,1,0.13543528901890675,0.0,1,15.894952224644102
37.453687,-122.228595,0.326,4.6932,3.2548,4.6932,13,4,25200000,3,1,0,0,0,0,1,0,0,0,0,0,0,0,0,0,0,0,1,1,1,1,4.0,1,1,177,2,30,5040000.0,4,0.7050860204945004,0.7205267989603702,1,17.04235459216419
37.396312,-121.961396,1.337,4.3041,2.0822,5.8356,12,4,46300000,4,1,0,0,0,0,0,0,0,0,0,1,0,0,0,0,1,0,1,1,1,0,4.25,1,1,181,2,11,9260000.0,6,1.2977743170462657,0.6434091232916581,1,17.650652540654736
38.963492,-77.091025,4.0274,8.2712,5.811,11.0986,15,4,24500000,5,0,0,0,0,1,1,0,0,0,0,0,0,0,0,0,0,0,0,1,1,1,4.3333,1,1,47,13,30,4900000.0,3,0.7341065922771987,0.8326771968247062,0,17.01418371633128
37.496904,-122.333057,0.9863,1.6575,-1.3342,-1.3342,1,2,7500000,1,1,0,0,0,0,0,0,0,0,0,1,0,0,0,0,0,0,1,0,0,0,1.0,0,0,177,2,11,2500000.0,1,0.9090909090909091,0.05941624591774115,1,15.830413711839864
47.5827803,-122.1548103,2.6493,2.6493,1.0,1.0,1,1,29000000,1,0,0,0,0,1,0,0,0,0,0,1,0,0,0,0,1,0,0,0,0,0,5.0,1,0,17,32,11,14500000.0,3,0.5,0.05499701073461489,0,17.182806422433504
37.390233,-122.033741,0.0,3.3808,5.6795,5.6795,5,3,24000000,1,1,0,0,0,0,0,0,0,0,0,0,0,0,0,1,0,0,1,1,1,0,2.6667,1,1,191,2,20,6000000.0,3,0.14971180477580656,0.27787712765068123,1,16.993564429978885
41.78942,-87.596232,1.8493,2.1726,2.1699,5.0822,4,2,1000000,3,1,0,0,0,0,0,0,0,0,0,0,0,0,0,1,0,1,0,0,0,0,4.5,1,1,174,2,1,333333.3333333333,2,0.9464020947033029,0.2699873024532779,1,13.815511557963774
39.977763,-105.13193,1.1014,1.8712,2.6466,2.6959,14,2,12010000,2,0,0,0,0,1,1,0,0,0,0,0,0,0,0,0,1,0,1,0,0,0,2.5,1,1,109,3,30,4003333.3333333335,4,0.5484560960895081,0.8091900744509976,0,16.301250277320108
42.479262,-71.152277,3.7562,3.7562,-1.0,8.674,2,1,22000000,3,0,0,1,0,0,0,0,1,0,0,0,0,0,0,0,0,0,0,0,1,0,4.0,1,1,216,12,18,11000000.0,1,2.727272727272727,0.11169095434830521,1,16.906553056777135
37.459177,-122.173907,8.4493,8.4493,2.5205,4.4767,1,1,42700000,0,1,0,0,0,0,0,0,0,0,0,0,0,1,0,0,0,0,0,1,0,0,3.0,1,0,117,2,3,21350000.0,1,0.0,0.05385113859281782,1,17.569709501618057
40.730646,-73.986614,1.7644,1.7644,0.0,3.0849,5,1,3750000,2,0,1,0,0,0,0,0,0,0,0,0,0,0,0,1,0,0,1,0,0,0,1.0,1,1,135,23,1,1875000.0,1,1.8181818181818181,0.30984181546459183,1,15.137266664613225
37.441537,-122.158332,0.0,0.6411,1.5836,3.0685,11,2,41000000,2,1,0,0,0,0,0,0,0,0,0,0,0,0,0,1,0,0,1,1,0,0,1.5,1,0,143,2,22,13666666.666666666,2,0.7741136398823348,0.5936613381428648,1,17.529082649058825
42.493447,-71.514104,0.0,2.7507,3.3315,5.2438,9,2,20000000,2,0,0,1,0,0,0,0,0,1,0,0,0,0,0,0,0,0,1,1,0,0,1.0,1,1,30,12,8,6666666.666666667,2,0.4617338104582708,0.5052988193956301,1,16.811242881518265
37.779281,-122.419236,1.2877,3.8521,1.3945,4.2356,11,2,9356180,4,1,0,0,0,0,0,0,0,0,0,0,0,0,0,1,0,0,1,1,0,0,1.5,1,1,174,2,1,3118726.6666666665,2,1.6704948841094176,0.6451027296609437,1,16.051547752373384
40.743662,-73.984268,-9.0466,-9.0466,-6.0466,-3.8822,6,1,100000,2,0,1,0,0,0,0,0,0,0,1,0,0,0,0,0,0,1,0,0,0,0,1.0,0,0,135,23,0,50000.0,2,1.8181818181818181,0.4795037916419279,1,11.51293546492023
33.7812614,-84.36756170000002,2.0767,4.6603,4.5836,4.726,9,2,13600000,2,0,0,0,0,1,1,0,0,0,0,0,0,0,0,0,0,0,0,1,1,0,3.0,1,1,12,7,30,4533333.333333333,2,0.3581918475535497,0.5164820786963688,0,16.42558042423569
37.7766184,-122.3938931,1.1671,1.1671,1.926,4.0137,19,1,3000000,4,1,0,0,0,0,0,0,0,0,1,0,0,0,0,0,0,0,1,0,0,0,2.0,1,1,174,2,0,1500000.0,1,1.367053998632946,1.1939080642481867,1,14.914123179965662
37.791564,-122.399981,1.874,6.4767,2.5205,4.4767,4,5,21138876,0,1,0,0,0,0,0,0,0,0,1,0,0,0,0,0,1,0,1,1,0,0,2.0,1,0,174,2,0,3523146.0,5,0.0,0.22388112645680117,1,16.866624414951822
42.36401400000001,-71.101375,0.1945,0.7836,1.211,2.3836,13,4,2345000,3,0,0,1,0,0,0,0,0,1,0,0,0,0,0,0,0,1,1,0,0,0,5.75,1,1,37,12,8,469000.0,3,1.3568521031207597,0.8297274025954211,1,14.667796386301658
37.566123,-122.323045,0.7945,0.7945,2.0466,3.326,7,1,4000000,4,1,0,0,0,0,0,1,0,0,0,0,0,0,0,0,0,0,1,0,0,0,1.0,0,0,177,2,34,2000000.0,1,1.3129390139828003,0.4320506219490418,1,15.201805169084134
37.406914,-122.09037,3.811,5.1781,1.7507,3.589,2,2,17000000,2,1,0,0,0,0,1,0,0,0,0,0,0,0,0,0,1,0,0,0,1,0,3.0,1,0,125,2,30,5666666.666666667,4,0.7270876504162577,0.11332264046042419,1,16.648723960844016
38.046407,-84.497039,-0.2384,0.8493,0.9014,0.9014,3,4,59700,1,0,0,0,0,1,1,0,0,0,0,0,0,0,0,0,0,1,0,0,0,0,1.0,1,1,99,11,30,11940.0,2,0.5259282633848743,0.250060346862227,0,10.997104049659168
37.814202,-122.477959,-0.0082,-0.0082,2.9726,3.7041,12,1,2350000,3,1,0,0,0,0,0,0,0,1,0,0,0,0,0,0,0,0,1,0,0,0,2.0,1,1,117,2,8,1175000.0,1,0.7551729346020238,0.7657981129800715,1,14.669926311652166
38.87804000000001,-77.436151,1.8822,1.8822,1.0,1.0,2,1,10000000,1,0,0,0,0,1,1,0,0,0,0,0,0,0,0,0,0,0,1,0,0,0,2.0,1,0,44,31,30,5000000.0,1,0.5,0.11683542545250893,0,16.118095750958314
37.424298,-122.139809,0.6767,1.4493,0.0,0.0,2,2,21189,1,1,0,0,0,0,0,0,1,0,0,0,0,0,0,0,1,1,0,0,0,0,1.0,1,0,143,2,18,7063.0,5,0.9090909090909091,0.18246036515160402,1,9.961284651262345
42.3988661,-71.253781,2.4521,5.1562,7.6712,8.2219,7,3,28000000,2,0,0,1,0,0,1,0,0,0,0,0,0,0,0,0,0,0,1,1,1,0,2.6667,1,1,205,12,30,7000000.0,3,0.2306485838176954,0.38572348970331327,1,17.147715103853763
37.386778,-121.966277,3.3315,3.3315,2.5205,4.4767,0,1,9500000,0,1,0,0,0,0,1,0,0,0,0,0,0,0,0,0,1,0,0,0,0,0,2.0,0,0,181,2,30,4750000.0,3,0.0,0.0,1,16.066802461833923
38.919954,-77.21249300000002,2.6822,6.4164,2.8411,7.2356,11,3,23500000,2,0,0,0,0,1,0,0,1,0,0,0,0,0,0,0,1,0,0,1,1,0,3.6667,1,1,115,31,18,5875000.0,5,0.5206841790112208,0.6120458063282559,0,16.97251102166758
45.413842,-122.725662,4.4712,4.4712,6.7534,6.7534,6,1,13000000,1,0,0,0,0,1,1,0,0,0,0,0,0,0,0,0,0,0,0,0,0,1,4.0,1,1,94,25,30,6500000.0,1,0.1289756751876596,0.34521525912670215,0,16.380459992348886
40.73901,-73.997259,1.5616,3.1562,3.0,3.4959,8,2,21750000,2,0,1,0,0,0,0,0,0,0,0,1,0,0,0,0,1,0,0,1,0,0,2.0,1,1,135,23,11,7250000.0,4,0.5,0.4470491424592796,1,16.89512436147598
40.602206,-75.47127900000002,5.1644,5.1644,2.5205,4.4767,0,1,5750000,0,0,0,0,0,1,0,0,0,0,0,0,0,0,0,1,0,0,0,0,1,0,4.0,1,0,5,26,24,2875000.0,1,0.0,0.0,0,15.564710586686562
42.645342,-71.23454699999998,0.7342,1.1753,0.1616,0.1616,1,2,23400000,1,0,0,0,0,1,1,0,0,0,0,0,0,0,0,0,0,0,1,1,0,0,2.5,1,1,194,14,30,7800000.0,2,0.8608815426997245,0.05565373299787969,0,16.96824662306297
37.48657100000001,-122.229161,1.0685,1.0685,0.8384,3.9918,4,1,4300000,3,1,0,0,0,0,0,0,0,0,1,0,0,0,0,0,0,0,1,0,0,0,2.0,1,0,163,2,0,2150000.0,1,1.6318537859007833,0.24578893182392644,1,15.274125813221904
30.384453000000004,-97.709809,2.2082,4.6521,-0.6548,-0.6548,1,2,20000000,1,0,0,0,1,0,0,0,0,0,0,0,0,0,0,1,1,0,0,0,1,0,2.0,1,1,13,29,27,6666666.666666667,4,0.9090909090909091,0.05614431326618112,0,16.811242881518265
37.3777985,-121.9744545,4.2356,9.3616,5.0055,5.0055,16,2,51000000,1,1,0,0,0,0,0,0,0,0,0,0,0,1,0,0,0,0,0,0,1,0,3.5,1,1,181,2,3,17000000.0,1,0.166514028806927,0.8534545825882428,1,17.747336210296442
42.241765,-71.166164,3.6877,10.137,3.0027,3.0027,2,4,27101994,1,0,0,1,0,0,0,0,0,1,0,0,0,0,0,0,1,0,0,1,0,0,4.6667,1,1,57,12,8,5420398.8,4,0.24983136382941515,0.11040502254025253,1,17.11511789937655
37.320309,-122.05004,5.1507,5.1507,4.0027,4.0027,6,1,6480000,1,1,0,0,0,0,0,0,0,0,0,0,0,0,0,1,0,0,0,0,0,1,3.0,1,1,55,2,24,3240000.0,1,0.1998920582885242,0.35962100500350225,1,15.684231222649434
37.477037,-122.15164,0.4192,2.2329,2.2329,4.337,8,2,35000000,2,1,0,0,0,0,0,0,0,1,0,0,0,0,0,0,0,0,1,1,0,0,2.5,1,1,191,2,8,11666666.666666666,2,0.618639611494324,0.43547229627505774,1,17.370858648025116
42.358956,-71.054776,-3.5068,0.3945,-0.937,0.0849,5,3,11300000,2,0,0,1,0,0,0,1,0,0,0,0,0,0,0,0,1,0,0,1,1,0,1.0,1,0,27,12,34,2825000.0,5,1.8181818181818181,0.2900179301884871,1,16.24031337217814
33.956215,-83.987962,0.2986,0.2986,0.2986,0.2986,1,1,19000,1,0,0,0,0,1,0,0,0,0,0,0,1,0,0,0,0,1,0,0,0,0,1.0,0,0,98,7,6,9500.0,2,0.7700600646850454,0.0921468162573963,0,9.852246888342531
40.730646,-73.986614,0.1534,0.1534,2.5205,4.4767,4,1,600000,0,0,1,0,0,0,0,1,0,0,0,0,0,0,0,0,0,1,0,0,0,0,2.0,0,0,128,23,34,300000.0,2,0.0,0.2796286358177552,1,13.304686600863562
38.97864000000001,-76.492786,5.4932,6.5836,6.7534,6.7534,3,2,13000000,1,0,0,0,0,1,0,0,0,0,0,0,0,0,0,1,0,0,1,1,0,0,1.5,1,1,9,13,20,4333333.333333333,2,0.1289756751876596,0.17260762956335107,0,16.380459992348886
37.386665,-122.084171,0.0,2.8356,2.9205,4.3096,7,5,43600000,3,1,0,0,0,0,0,0,0,0,0,0,0,0,0,1,0,0,1,1,1,1,3.0,1,0,125,2,26,7266666.666666667,4,0.7652085193215151,0.37653503116160253,1,17.590567731255042
37.406914,-122.09037,2.1836,3.3068,2.7260000000000004,3.5425,6,2,2000000,2,1,0,0,0,0,0,1,0,0,0,0,0,0,0,0,1,0,1,0,0,0,1.5,1,1,125,2,34,666666.6666666666,4,0.5367686527106816,0.38688066418897366,1,14.508658238524095
30.354768,-97.798152,2.0,4.0466,6.0027,6.0027,4,3,26800000,1,0,0,0,1,0,1,0,0,0,0,0,0,0,0,0,0,0,1,1,1,0,3.0,1,1,13,29,30,6700000.0,3,0.14280206206177617,0.22094671545730765,0,17.103912482794517
37.261986,-121.784279,1.2904,6.388999999999999,0.0,0.0,2,6,55900000,1,1,0,0,0,0,0,0,0,0,0,0,0,0,0,1,1,0,1,1,1,0,3.2,1,0,176,2,12,7985714.285714285,6,0.9090909090909091,0.1061623250966203,1,17.839074956014414
37.386665,-122.084171,1.6027,2.8137,3.4301,7.411,14,2,11000000,3,1,0,0,0,0,0,0,1,0,0,0,0,0,0,0,0,0,1,1,0,0,2.0,1,1,125,2,18,3666666.6666666665,2,0.677185616577504,0.8133195756671232,1,16.213405921671733
37.386778,-121.966277,0.4137,2.474,3.0,3.0,19,3,31500000,1,1,0,0,0,0,0,0,0,1,0,0,0,0,0,0,0,0,1,1,1,0,3.3333,1,1,181,2,8,7875000.0,3,0.25,1.040212528506347,1,17.265498135541893
38.894955,-77.03664599999998,3.3863,3.3863,-0.0301,4.4274,4,1,1500000,2,0,0,0,0,1,0,0,0,1,0,0,0,0,0,0,1,0,0,0,0,0,2.0,0,1,207,5,8,750000.0,3,1.8181818181818181,0.26279523156450735,0,14.220976332738882
40.729839,-73.991781,0.0082,1.1479,-0.0219,1.2274,5,3,900000,3,0,1,0,0,0,0,0,0,0,0,0,0,0,0,1,0,1,0,0,0,0,1.5,1,0,135,23,29,225000.0,2,2.727272727272727,0.33990133397361977,1,13.710151153416941
42.48510200000001,-71.211568,0.4959,4.9671,1.0,4.5123,10,4,29050000,2,0,0,1,0,0,1,0,0,0,0,0,0,0,0,0,1,0,0,1,0,0,2.6667,1,1,35,12,30,5810000.0,4,1.0,0.5499180076854959,1,17.184529075685603
36.170538,-115.101942,0.7589,2.4521,2.1644,2.9014,3,2,250000,2,0,0,0,0,1,0,0,0,0,0,0,0,0,0,1,0,1,0,0,0,0,1.5,1,1,97,22,21,83333.33333333333,2,0.6320313487548982,0.2233934626157021,0,12.429220196836383
37.386778,-121.966277,3.6493,3.6493,2.5205,4.4767,2,1,21000000,0,1,0,0,0,0,1,0,0,0,0,0,0,0,0,0,0,0,0,0,1,0,4.0,1,0,181,2,30,10500000.0,1,0.0,0.11198187568580807,1,16.860033043306743
37.779281,-122.419236,-0.0027,-0.0027,0.0356,0.0356,2,1,500000,1,1,0,0,0,0,0,1,0,0,0,0,0,0,0,0,0,1,0,0,0,0,1.0,0,0,174,2,34,250000.0,2,0.9090909090909091,0.14161933546913233,1,13.122365377402328
32.997114,-96.676137,5.6110000000000015,6.474,4.0027,4.0027,3,2,30920000,1,0,0,0,1,0,0,0,0,0,0,0,0,0,0,1,1,0,0,0,0,0,3.5,1,1,165,29,24,10306666.666666666,3,0.1998920582885242,0.16441136460534642,0,17.24691381402502
37.409147,-122.01546299999998,2.0,8.0356,6.5863,6.5863,9,4,29288979,1,1,0,0,0,0,1,0,0,0,0,0,0,0,0,0,1,0,1,1,1,0,2.6667,1,1,191,2,30,5857795.8,6,0.13181656406944098,0.49470332435277986,1,17.192721894025468
42.6555302,-71.1455618,8.0986,12.3671,11.8411,12.0548,11,4,24200000,2,0,0,1,0,0,1,0,0,0,0,0,0,0,0,0,1,0,1,0,1,0,2.3333,1,0,8,12,30,4840000.0,5,0.15574989681569334,0.6110478597666473,1,17.001863232449228
37.351894,-122.085807,1.0,1.0,1.2521,5.2548,4,1,1000000,3,1,0,0,0,0,0,1,0,0,0,0,0,0,0,0,0,0,1,0,0,0,1.0,0,1,106,2,34,500000.0,1,1.3320900492873318,0.2699873024532779,1,13.815511557963774
44.912723,-93.499059,1.0,3.0575,5.4192,5.4192,3,2,5550000,1,0,0,0,0,1,0,1,0,0,0,0,0,0,0,0,0,1,1,0,0,0,1.0,1,1,121,16,34,1850000.0,3,0.1557826520438684,0.1814957939643599,0,15.52930866590278
37.4063024,-122.1088743,-0.1534,2.3425,0.063,1.5836,8,2,3000000,3,1,0,0,0,0,0,0,1,0,0,0,0,0,0,0,0,1,1,0,0,0,3.5,1,0,125,2,18,1000000.0,3,2.727272727272727,0.5026981323150259,1,14.914123179965662
37.391642,-122.09393500000002,0.6767,1.9178,4.9781,6.6548,13,2,14300000,3,1,0,0,0,0,0,1,0,0,0,0,0,0,0,0,0,0,1,1,0,0,4.5,1,1,125,2,34,4766666.666666667,2,0.501831685652632,0.7438871006622001,1,16.475770165160203
32.901049,-117.192656,4.2192,4.2192,2.5205,4.4767,0,1,1000000,0,1,0,0,0,0,0,0,0,0,0,0,0,0,0,1,1,0,0,0,0,0,2.0,0,0,173,2,20,500000.0,3,0.0,0.0,1,13.815511557963774
37.417002,-122.07871000000002,2.5644,3.389,8.1452,8.1452,7,2,11000000,1,1,0,0,0,0,1,0,0,0,0,0,0,0,0,0,1,0,0,1,0,0,1.5,1,1,125,2,30,3666666.6666666665,4,0.1093469798364169,0.4066597878335616,1,16.213405921671733
40.730646,-73.986614,2.0027,3.0027,2.0877,4.0685,7,2,2000000,3,0,1,0,0,0,0,0,0,0,0,0,0,0,0,1,1,1,0,0,0,0,3.0,0,0,135,23,23,666666.6666666666,5,0.971596981572044,0.45136077488713594,1,14.508658238524095
40.234451,-111.658656,0.8301,2.7178,4.2466,4.7918,17,2,5000000,2,1,0,0,0,0,0,1,0,0,0,0,0,0,0,0,1,1,0,0,0,0,1.0,1,1,174,2,34,1666666.6666666667,5,0.38119925284946443,1.035010844852016,1,15.424948670398354
37.320309,-122.05004,2.0027,2.0027,3.6603,4.0795,12,1,11000000,2,1,0,0,0,0,0,0,0,1,0,0,0,0,0,0,0,0,0,1,0,0,3.0,1,1,55,2,8,5500000.0,1,0.42915692122824717,0.6971310648575342,1,16.213405921671733
37.445667,-122.166911,0.4192,3.4192,3.6027,4.8521,19,4,14100000,4,1,0,0,0,0,0,0,0,1,0,0,0,0,0,0,0,1,1,1,0,0,2.25,1,1,163,2,8,2820000.0,4,0.8690551198209746,1.0880965689265762,1,16.46168542627038
34.062504,-118.354605,0.4932,0.4932,2.2411,2.2411,8,1,5000000,1,1,0,0,0,0,0,0,0,0,0,0,0,0,0,1,0,0,1,0,0,0,1.0,0,0,107,2,26,2500000.0,1,0.30853722501619824,0.48706392698918405,1,15.424948670398354
45.630695,-122.674456,0.0,1.5808,-0.1671,-0.1671,1,2,400000,1,0,0,0,0,1,0,1,0,0,0,0,0,0,0,0,0,1,0,0,0,0,1.0,0,0,201,32,34,133333.33333333334,2,0.9090909090909091,0.07194647128732755,0,12.899222326086994
37.658313,-122.391032,7.3945,7.3945,4.0027,4.0027,4,1,10000000,1,1,0,0,0,0,0,0,0,0,0,0,0,1,0,0,0,0,0,0,1,0,1.0,0,1,188,2,3,5000000.0,1,0.1998920582885242,0.23367085090501785,1,16.118095750958314
42.405685,-71.25585699999998,0.8329,4.0712,2.0,2.0,3,3,11035000,1,0,0,1,0,0,1,0,0,0,0,0,0,0,0,0,1,0,0,1,1,0,1.6667,1,0,205,12,30,2758750.0,5,0.3333333333333333,0.17425060793509423,1,16.216582688293723
42.4717204,-71.26214350000002,5.6438,5.6438,8.0055,11.3288,9,1,12700000,2,0,0,1,0,0,0,0,0,0,0,0,0,0,0,1,0,0,0,0,0,1,4.0,1,1,99,12,24,6350000.0,1,0.22208650269279887,0.5185194215054411,1,16.357112630168974
39.78373,-100.445882,2.9507,3.5562,0.0,0.0,3,2,20757182,1,1,0,0,0,0,0,0,0,0,0,0,0,1,0,0,0,0,0,1,0,0,1.0,1,1,152,2,3,6919060.666666667,1,0.9090909090909091,0.16808226565445197,1,16.84840291341313
37.404044,-121.978956,5.4658,7.2822,10.5918,10.5918,5,3,27000000,1,1,0,0,0,0,1,0,0,0,0,0,0,0,0,0,0,0,0,0,0,1,6.0,1,1,181,2,30,6750000.0,1,0.08626787901792647,0.2760700169197888,1,17.11134746100564
40.7445343,-73.98740079999997,3.7534,3.7534,5.5425,6.7562,7,1,10000000,3,0,1,0,0,0,0,0,0,0,1,0,0,0,0,0,0,0,1,0,0,0,1.0,0,1,135,23,0,5000000.0,1,0.45854031333588074,0.40892398908378125,1,16.118095750958314
33.923916,-118.39665,4.2219,4.2219,2.5205,4.4767,4,1,26000000,0,1,0,0,0,0,0,0,0,0,0,0,0,0,0,1,0,0,0,0,0,1,4.0,1,0,62,2,24,13000000.0,1,0.0,0.22131719308959757,1,17.073607134447293
44.671539,-70.144101,2.1616,4.9562,2.5205,4.4767,2,2,4000000,0,0,0,0,0,1,0,0,0,0,0,0,0,0,0,1,0,0,1,0,0,0,2.0,1,0,67,4,17,1333333.3333333333,1,0.0,0.12344303484258339,0,15.201805169084134
37.377787,-122.029217,2.0849,3.9425,-3.0,-3.0,3,2,20220000,1,1,0,0,0,0,0,0,0,0,0,0,0,0,0,1,0,0,1,1,0,0,3.0,1,1,191,2,12,6740000.0,2,0.9090909090909091,0.16832954919881987,1,16.822182821012582
40.717248,-74.002662,4.3534,4.3534,6.1699,9.0904,7,1,10000000,3,0,1,0,0,0,0,0,0,0,0,1,0,0,0,0,0,0,0,1,0,0,4.0,1,1,135,23,11,5000000.0,1,0.41841587748783104,0.40892398908378125,1,16.118095750958314
40.7434025,-73.9890857,1.5123,3.6082,1.3178,4.1589,8,2,7350000,3,0,1,0,0,0,0,0,0,0,0,1,0,0,0,0,0,0,1,1,0,0,4.5,1,0,135,23,11,2450000.0,2,1.2943308309603934,0.4759012243542239,1,15.810211007243431
37.288136,-121.79765,0.7671,0.7671,0.0,0.0,1,1,50000,1,1,0,0,0,0,0,0,0,0,0,0,0,0,0,1,0,1,0,0,0,0,1.0,0,0,176,2,17,25000.0,2,0.9090909090909091,0.0846038126840007,1,10.819798284210286
37.39972,-122.108306,2.7945,6.0356,7.5014,8.0055,16,4,45000000,2,1,0,0,0,0,0,0,0,0,0,0,0,0,0,1,0,0,1,1,1,0,2.0,1,0,125,2,27,9000000.0,3,0.23525536970381347,0.8591908119365955,1,17.622173069956816
47.6447802,-122.325878,1.3096,1.3096,1.0027,1.3096,3,1,500000,2,0,0,0,0,1,0,0,0,0,0,0,1,0,0,0,0,0,1,0,0,0,1.0,1,0,184,32,6,250000.0,1,0.9986518200429421,0.2124290032036985,0,13.122365377402328
37.779281,-122.419236,0.0849,1.3342,2.5205,4.4767,6,2,500000,0,1,0,0,0,0,1,0,0,0,0,0,0,0,0,0,0,0,0,0,0,0,1.0,1,0,174,2,30,166666.66666666666,0,0.0,0.424858006407397,1,13.122365377402328
30.306591,-97.826727,1.0877,3.6438,3.4986,3.4986,2,3,44000000,1,0,0,0,1,0,0,0,0,0,0,0,0,0,0,1,0,0,1,1,1,0,4.0,1,1,13,29,28,11000000.0,3,0.22229137954030145,0.10752861481224453,0,17.599700214609808
39.5604863,-104.8656251,10.3644,10.3644,5.8384,5.8384,4,1,21000000,1,0,0,0,0,1,0,0,0,0,0,0,0,0,0,1,1,0,0,0,0,0,5.0,1,0,65,3,28,10500000.0,3,0.14623303696771175,0.22396375137161614,0,16.860033043306743
34.083228000000005,-118.341449,0.7041,1.1315,1.4493,2.2055,12,2,19000000,2,1,0,0,0,0,0,0,0,0,0,1,0,0,0,0,0,0,1,1,0,0,3.5,1,1,107,2,11,6333333.333333333,2,0.816559833421794,0.6756775935286095,1,16.759949589762293
39.78373,-100.445882,1.4247,4.5397,2.5205,4.4767,0,3,18700000,0,1,0,0,0,0,0,0,0,0,0,0,0,0,0,1,1,0,1,0,0,0,2.0,1,0,117,2,28,4675000.0,4,0.0,0.0,1,16.74403413530075
28.032975,-82.64611,0.4192,0.4192,2.5205,4.4767,5,3,5900000,0,0,0,0,0,1,1,0,0,0,0,0,0,0,0,0,0,1,0,0,0,0,1.0,0,0,192,6,30,1475000.0,2,0.0,0.30137796494177255,0,15.59046307836746
37.237937,-121.974591,3.4301,4.2548,6.0055,6.4219,13,2,28000000,2,0,0,1,0,0,0,0,0,0,0,0,0,0,0,1,0,0,0,1,1,0,2.0,1,1,113,12,22,9333333.333333334,2,0.2854899721647277,0.7163436237347247,1,17.147715103853763
42.7370219,-71.48729759999998,0.0,4.3945,3.1534,4.3945,5,7,24300000,2,0,0,0,0,1,1,0,0,0,0,0,0,0,0,0,1,1,1,1,0,0,2.0,1,0,131,19,30,3037500.0,7,0.48153320171425823,0.27768541730222157,0,17.00598694946304
37.3169065,-122.0497023,3.0877,3.0877,1.0,1.0,4,1,13400000,1,1,0,0,0,0,0,0,0,0,0,0,0,0,0,1,0,0,0,1,0,0,2.0,1,1,55,2,24,6700000.0,1,0.5,0.22974291606320868,1,16.410765339548004
37.78192670000001,-122.3932389,3.8493,4.8329,4.9644,7.2575,18,3,9400000,3,1,0,0,0,0,0,0,0,1,0,0,0,0,0,0,0,1,1,1,0,0,1.5,1,1,174,2,8,2350000.0,4,0.5029843739521158,1.0553334576365454,1,16.056220353623207
40.0186313,-105.2764361,1.0849,7.937,3.0,7.4301,10,6,15324624,3,0,0,0,0,1,0,0,0,1,0,0,0,0,0,0,1,1,1,1,0,0,2.5,1,1,29,3,8,2189232.0,7,0.75,0.5699638759910526,0,16.544971569666604
44.950404,-93.101503,3.9205,6.7342,2.5205,4.4767,3,3,44000000,0,0,0,0,0,1,0,0,0,0,0,0,0,0,0,1,1,0,0,1,1,0,2.3333,1,0,169,16,16,11000000.0,5,0.0,0.1612929222183668,0,17.599700214609808
39.952399,-75.16359,1.811,2.4548,0.7479,0.7479,2,2,1175000,1,0,0,0,0,1,1,0,0,0,0,0,0,0,0,0,1,0,0,0,0,0,1.0,0,0,147,26,30,391666.6666666667,3,0.5721151095600435,0.13354005728924873,0,13.976779556623864
32.7154,-117.1565,0.3288,5.3726,9.0055,9.0055,9,3,35150000,1,1,0,0,0,0,0,1,0,0,0,0,0,0,0,0,0,0,1,1,1,0,3.0,1,1,173,2,34,8787500.0,3,0.09994503023337165,0.4897923144376347,1,17.37513520467045
42.504817,-71.195611,1.3288,5.6712,2.4959,5.6712,4,3,12000000,2,0,0,1,0,0,1,0,0,0,0,0,0,0,0,0,1,0,1,1,0,0,2.6667,1,1,35,12,30,3000000.0,5,0.5720987442432565,0.23120829588665945,1,16.300417291085605
37.537542,-122.327609,6.1342,6.1342,7.1726,7.1726,5,1,8000000,1,1,0,0,0,0,0,0,0,0,0,0,0,0,0,1,0,0,0,1,0,0,2.0,1,1,177,2,27,4000000.0,1,0.12236008124709397,0.2959463828910192,1,15.894952224644102
37.782978,-122.394517,2.0959,2.0959,2.2822,3.1699,6,1,4100000,3,1,0,0,0,0,0,0,0,0,1,0,0,0,0,0,0,0,1,0,0,0,2.0,1,1,174,2,0,2050000.0,1,0.9140210834196576,0.36976555773056613,1,15.226497775576945
40.116421,-88.243383,1.9562,3.5123,3.4986,3.4986,1,2,2408500,1,0,0,0,0,1,0,0,0,0,0,0,0,0,0,1,0,1,0,0,0,0,3.0,1,0,43,9,29,802833.3333333334,2,0.22229137954030145,0.06371652722866446,0,14.694515120248507
44.96659,-93.331943,1.0,2.0,3.2493,3.2493,2,2,18400000,1,0,0,0,0,1,0,0,0,1,0,0,0,0,0,0,1,0,0,0,0,0,1.0,0,0,74,16,8,6133333.333333333,3,0.23533287835643518,0.1128167672771118,0,16.72786127692704
47.603832,-122.330062,5.4247,5.4247,2.5205,4.4767,0,1,8700000,0,0,0,0,0,1,0,0,0,0,0,0,0,0,0,1,0,0,1,0,0,0,2.0,1,0,184,32,20,4350000.0,1,0.0,0.0,0,15.978833698567334
42.4871509,-71.1986329,0.9178,2.6329,2.9534,3.9699,5,2,15000000,2,0,0,1,0,0,1,0,0,0,0,0,0,0,0,0,0,0,1,1,0,0,2.0,1,1,35,12,30,5000000.0,2,0.5058936611524257,0.2853301363646113,1,16.52356082573315
39.78373,-100.445882,0.6685,0.6685,0.0,0.0,2,1,2600000,1,1,0,0,0,0,0,0,0,0,0,0,0,0,0,1,0,0,0,0,0,0,1.0,0,0,117,2,26,1300000.0,0,0.9090909090909091,0.12681486024467342,1,14.77102238760702
40.745064,-73.992637,0.0822,1.8164,1.0849,2.3014,7,3,4000000,2,0,1,0,0,0,0,1,0,0,0,0,0,0,0,0,0,1,1,0,0,0,2.0,1,1,135,23,34,1000000.0,3,0.959278622475898,0.4320506219490418,1,15.201805169084134
40.730646,-73.986614,0.3233,1.0986,0.8411,2.0411,5,4,12123837,3,0,1,0,0,0,0,0,0,0,0,0,0,0,0,1,0,1,1,0,0,0,4.6667,1,1,135,23,7,2424767.4,3,1.6294606485253382,0.2888389595228256,1,16.310684155143804
47.60706500000001,-122.335373,0.9178,2.4877,2.5808,5.3808,18,3,22400000,3,0,0,0,0,1,0,0,1,0,0,0,0,0,0,0,1,0,1,1,0,0,3.3333,1,1,184,32,18,5600000.0,5,0.8378016085790885,1.004208102730557,0,16.924571561468124
37.779281,-122.419236,1.2849,2.0082,2.1616,3.4438,12,2,5700000,3,1,0,0,0,0,0,0,0,1,0,0,0,0,0,0,0,0,1,1,0,0,4.0,1,1,174,2,8,1900000.0,2,0.9488866396761134,0.7248137676505879,1,15.555976908243359
39.78373,-100.445882,4.5452,7.8603,2.5205,4.4767,2,2,28500000,0,1,0,0,0,0,0,0,0,0,0,0,0,1,0,0,1,0,0,1,0,0,4.5,1,0,117,2,3,9500000.0,4,0.0,0.11009933079953459,1,17.1654146803266
42.579258,-71.437841,0.9151,2.0712,2.0027,2.0027,9,2,21000000,1,0,0,1,0,0,1,0,0,0,0,0,0,0,0,0,0,0,1,1,0,0,2.5,1,1,211,12,30,7000000.0,2,0.33303360309055186,0.5039184405861363,1,16.860033043306743
35.780398,-78.639099,21.8959,21.8959,24.6849,24.6849,1,1,8000000,1,0,0,0,0,1,1,0,0,0,0,0,0,0,0,0,1,0,0,0,0,0,2.0,0,0,160,18,30,4000000.0,3,0.03893338109161414,0.059189276578203845,0,15.894952224644102
37.41924,-122.208414,0.2055,0.2055,0.1644,0.1644,1,1,1500000,1,1,0,0,0,0,0,0,0,0,0,1,0,0,0,0,0,0,1,0,0,0,1.0,1,0,117,2,11,750000.0,1,0.8588114050154585,0.06569880789112684,1,14.220976332738882
42.3729,-71.24847199999998,0.5808,2.4603,2.5014,5.0932,17,3,28300000,4,0,0,1,0,0,0,0,0,0,1,0,0,0,0,0,0,0,1,1,1,0,1.6667,1,1,205,12,0,7075000.0,3,1.1424001827840293,0.9362072562142197,1,17.158372397949154
37.441537,-122.158332,2.1452,4.9726,2.3671,2.7123,4,5,7939553,2,1,0,0,0,0,0,1,0,0,0,0,0,0,0,0,1,0,0,1,0,0,2.0,1,1,143,2,34,1323258.8333333333,4,0.5939829526892578,0.23686344020264483,1,15.887367660361019
37.779281,-122.419236,0.8329,0.8329,2.5205,4.4767,3,1,545000,0,1,0,0,0,0,0,0,0,0,0,0,0,0,0,1,0,1,0,0,0,0,2.0,1,0,174,2,24,272500.0,2,0.0,0.2111405806575719,1,13.208542908506082
42.558426,-71.268947,4.7452,8.9562,5.0027,5.0027,10,3,15247925,1,0,0,1,0,0,0,0,0,0,0,0,0,0,0,1,0,0,0,0,1,1,1.5,1,1,24,12,28,3811981.25,2,0.166591700401486,0.5701269211130874,1,16.539954051768856
40.757929,-73.985506,0.2466,2.5589,2.0027,4.7781,11,3,12800000,2,0,1,0,0,0,0,0,0,0,0,1,0,0,0,0,0,1,1,1,0,0,1.5,1,1,127,23,11,3200000.0,4,0.6660672061811037,0.6334597175050903,1,16.36495580701484
41.875555,-87.624421,1.063,2.4822,0.0,1.3068,1,2,950000,2,0,0,0,0,1,0,0,1,0,0,0,0,0,0,0,1,0,1,0,0,0,3.0,1,0,48,9,18,316666.6666666667,4,1.8181818181818181,0.06773132031664879,0,13.76421831620775
42.479262,-71.152277,2.9178,4.9205,2.0027,12.5096,6,2,16000000,5,0,0,1,0,0,0,1,0,0,0,0,0,0,0,0,0,0,1,1,0,0,1.0,1,1,216,12,34,5333333.333333333,2,1.6651680154527593,0.34113976064667484,1,16.588099342704055
37.288326,-121.945633,6.0055,6.0055,6.0055,6.0055,2,1,10000000,1,1,0,0,0,0,0,0,0,0,0,0,0,0,0,1,0,0,0,0,1,0,1.0,1,1,38,2,28,5000000.0,1,0.14274498608236386,0.11683542545250893,1,16.118095750958314
40.730646,-73.986614,0.7781,0.7781,0.3397,2.4877,5,1,1500000,3,0,1,0,0,0,0,0,0,0,0,0,0,0,0,1,0,0,0,0,0,0,1.0,0,1,135,23,9,750000.0,0,2.2393073076061802,0.32849403945563416,1,14.220976332738882
37.779281,-122.419236,5.8438,6.9452,5.9205,6.3808,6,2,13000000,2,1,0,0,0,0,0,0,0,0,0,0,0,0,0,1,1,0,0,0,1,0,2.0,1,0,174,2,12,4333333.333333333,4,0.2889964597933675,0.34521525912670215,1,16.380459992348886
40.650104,-73.94958199999998,2.6411,2.6411,4.0959,4.926,6,1,10000000,2,0,1,0,0,0,0,0,0,0,0,0,0,0,0,1,1,0,0,0,0,0,6.0,1,1,32,23,12,5000000.0,3,0.39247237975627464,0.3505062763575268,1,16.118095750958314
42.712207,-73.203599,2.0521,2.9973,2.0027,3.8137,9,2,3915000,2,0,1,0,0,0,0,0,0,0,1,0,0,0,0,0,1,0,1,0,0,0,3.0,1,1,135,23,0,1305000.0,4,0.6660672061811037,0.5562310623748137,1,15.180326142834849
40.650104,-73.94958199999998,0.0,1.5041,1.5808,3.1726,7,2,1400000,2,0,1,0,0,0,0,0,0,0,0,0,0,0,0,1,0,1,1,0,0,0,6.0,1,1,32,23,33,466666.6666666667,3,0.7749535027898327,0.4619857192889465,1,14.151983508870947
41.8969173,-87.6435474,0.0,0.6904,0.0,0.6904,6,2,650000,2,0,0,0,0,1,0,0,0,0,0,0,1,0,0,0,1,1,0,0,0,0,1.0,1,0,48,9,6,216666.66666666666,5,1.8181818181818181,0.41710899974423066,0,13.384729180332174
30.268735,-97.745209,0.4137,3.2438,0.4137,6.8,5,3,9700000,4,0,0,0,1,0,0,0,0,0,0,1,0,0,0,0,1,0,1,0,0,0,1.0,1,0,13,29,11,2425000.0,4,2.8294546226214896,0.2926092199102108,0,16.08763654656639
37.336191,-121.890583,3.1644,3.1644,2.0027,2.0027,6,1,15000000,1,1,0,0,0,0,1,0,0,0,0,0,0,0,0,0,0,0,0,0,0,1,3.0,1,1,176,2,30,7500000.0,1,0.33303360309055186,0.34239616363753356,1,16.52356082573315
37.782714,-122.39358,3.7753,10.2548,10.0301,11.0329,18,4,38764000,3,1,0,0,0,0,0,0,0,1,0,0,0,0,0,0,1,0,1,1,0,0,2.0,1,1,64,2,8,7752800.0,5,0.27198302825903664,0.9743949277883355,1,17.47300256463371
37.3965713,-122.0836937,2.4767,2.6438,3.4164,5.2,8,2,20750000,3,1,0,0,0,0,0,0,0,1,0,0,0,0,0,0,0,0,1,1,0,0,2.0,1,1,125,2,8,6916666.666666667,2,0.6792862965311114,0.4482280657196491,1,16.84805685283375
37.779281,-122.419236,1.2493,1.8849,2.2521,3.2219,4,2,1020000,2,1,0,0,0,0,0,0,0,0,0,0,0,0,0,1,0,1,1,0,0,0,2.5,1,1,174,2,29,340000.0,3,0.6149872390147905,0.2696269155702216,1,13.83531416565213
30.271129,-97.743699,0.4301,0.4301,2.0027,2.0027,6,1,13000000,1,0,0,0,1,0,1,0,0,0,0,0,0,0,0,0,0,0,1,0,0,0,4.0,1,0,13,29,30,6500000.0,1,0.33303360309055186,0.34521525912670215,0,16.380459992348886
40.738567,-73.987199,0.1671,3.9178,0.0,2.9178,8,2,14700000,2,0,1,0,0,0,1,0,0,0,0,0,0,0,0,0,0,1,1,0,0,0,4.0,1,1,135,23,30,4900000.0,3,1.8181818181818181,0.45705515166036614,1,16.503358119776173
37.4233896,-122.08995120000002,1.1616,4.1644,3.0,8.9205,19,4,33000000,4,1,0,0,0,0,0,0,1,0,0,0,0,0,0,0,0,0,1,1,1,1,1.3333,1,1,125,2,18,6600000.0,4,1.0,1.0375699633235793,1,17.312018149733785
37.404788,-121.940842,5.4767,5.4767,2.5205,4.4767,5,1,30000000,0,1,0,0,0,0,0,0,0,0,0,0,0,0,0,1,0,0,0,0,1,0,6.0,1,1,176,2,16,15000000.0,1,0.0,0.27447330260889197,1,17.216707972959764
32.959908,-96.70737,0.2384,3.7644,2.4192,3.8795,10,4,33000000,3,0,0,0,1,0,1,0,0,0,0,0,0,0,0,0,0,0,1,1,1,0,4.0,1,0,165,29,30,6600000.0,3,0.8773982218062705,0.5460894543808311,0,17.312018149733785
38.894955,-77.03664599999998,-0.5014,-0.5014,2.5205,4.4767,1,1,150000,0,0,0,0,0,1,0,0,0,0,0,0,0,0,0,1,0,1,0,0,0,0,1.0,0,0,207,5,29,75000.0,2,0.0,0.07740898359473693,0,11.918397239722838
42.37564,-71.2358,0.1671,0.1671,0.5863,0.5863,3,1,20000,1,0,0,1,0,0,0,0,0,0,1,0,0,0,0,0,0,1,0,0,0,0,1.0,0,0,205,12,0,10000.0,2,0.6303977809998108,0.2751400621944135,1,9.90353755128617
37.54827,-121.988572,3.7589,5.0685,2.5205,4.4767,2,3,30926154,0,1,0,0,0,0,0,0,0,0,0,0,0,0,0,1,0,0,0,1,0,0,3.0,1,0,72,2,16,7731538.5,1,0.0,0.10960638098169947,1,17.247112823968997
37.288326,-121.945633,0.8164,0.8164,2.5205,4.4767,0,1,2000000,0,1,0,0,0,0,0,0,0,0,1,0,0,0,0,0,0,0,0,0,0,0,1.0,0,0,38,2,0,1000000.0,0,0.0,0.0,1,14.508658238524095
42.504817,-71.195611,4.5397,9.337,2.0027,2.0027,2,2,19000000,1,0,0,1,0,0,1,0,0,0,0,0,0,0,0,0,1,0,0,1,0,0,3.5,1,0,35,12,30,6333333.333333333,4,0.33303360309055186,0.11261293225476823,1,16.759949589762293
37.779281,-122.419236,3.0356,6.7534,4.0027,4.0027,2,3,33000000,1,1,0,0,0,0,0,0,0,0,1,0,0,0,0,0,0,0,1,1,1,0,4.0,1,0,174,2,0,8250000.0,3,0.1998920582885242,0.10921789087616623,1,17.312018149733785
33.982966999999995,-84.346041,4.3562,6.3151,4.0027,4.0027,1,3,15650000,1,0,0,0,0,1,0,0,0,0,0,0,0,0,0,1,1,0,0,0,0,0,1.3333,1,1,12,7,4,3912500.0,3,0.1998920582885242,0.056928216495528094,0,16.5659815388482
37.779281,-122.419236,6.3342,7.5342,7.1726,10.9315,8,3,17400000,3,1,0,0,0,0,0,1,0,0,0,0,0,0,0,0,0,0,1,1,0,0,2.3333,1,1,174,2,34,4350000.0,2,0.3670802437412819,0.45269401776378393,1,16.67198082165602
34.102827000000005,-118.32999,0.8329,0.8329,-0.1671,1.189,5,1,154000,2,1,0,0,0,0,0,0,0,0,0,0,0,0,0,1,0,1,0,0,0,0,1.0,0,0,81,2,25,77000.0,2,1.8181818181818181,0.38625803978358514,1,11.944714374881176
34.054935,-118.244476,4.8082,4.8082,6.6027,6.7233,4,1,35000000,2,1,0,0,0,0,0,1,0,0,0,0,0,0,0,0,0,0,0,0,0,1,3.0,1,0,107,2,34,17500000.0,1,0.26306443763399845,0.21773614813752887,1,17.370858648025116
38.916336,-77.230488,0.5836,4.4301,1.2521,2.1452,5,4,7516703,3,0,0,0,0,1,0,0,1,0,0,0,0,0,0,0,1,1,0,0,0,0,1.0,0,0,202,31,18,1503340.6,5,1.3320900492873318,0.29704196753362827,0,15.832638301973095
30.409765000000004,-97.75101,2.6247,2.6247,2.874,4.3014,1,1,48000000,3,0,0,0,1,0,0,0,0,0,0,0,0,0,0,1,1,0,0,0,0,0,5.0,1,0,13,29,4,24000000.0,3,0.7743933918430562,0.05351396339583362,0,17.6867115897055
40.477604,-74.626824,0.6767,0.789,0.0,0.0,2,2,125000,1,0,0,0,0,1,0,0,0,0,0,0,0,0,0,1,0,1,0,0,0,0,1.0,0,0,80,20,1,41666.666666666664,2,0.9090909090909091,0.1570342262729576,0,11.736077016252437
39.050108,-77.40082,0.5808,0.5808,-0.5041,3.8301,5,1,750000,3,0,0,0,0,1,0,0,0,0,0,0,0,0,0,1,0,1,0,0,0,0,2.0,1,1,155,31,26,375000.0,2,2.727272727272727,0.3441670271711329,0,13.527829818844937
33.749099,-84.390185,2.4384,2.4384,2.3288,2.4384,10,1,17000000,2,0,0,0,0,1,0,0,0,1,0,0,0,0,0,0,1,0,0,0,0,0,5.0,1,1,12,7,8,8500000.0,3,0.600817111271329,0.566613202302121,0,16.648723960844016
37.54841500000001,-122.315636,10.4247,13.0877,8.9808,12.7233,4,3,4087500,3,1,0,0,0,0,0,0,0,1,0,0,0,0,0,0,1,1,0,0,0,0,1.0,0,0,177,2,8,1021875.0,5,0.3005771080474511,0.24655676787602607,1,15.223444338835934
34.491118,-119.808096,10.8795,10.8795,15.4986,15.4986,3,1,1000000,1,1,0,0,0,0,0,0,0,0,0,0,0,0,0,1,0,0,1,0,0,0,2.0,1,0,180,2,12,500000.0,1,0.06061120337483181,0.20249047683995844,1,13.815511557963774
30.280148,-97.749908,-0.1041,6.3644,5.4822,6.7699,13,5,23500000,3,0,0,0,1,0,0,0,0,0,0,0,0,0,0,1,1,0,1,1,1,0,1.75,1,1,13,29,13,3916666.6666666665,6,0.4628058375242973,0.7233268620243024,0,16.97251102166758
37.7776778,-122.3921102,0.0,0.0,2.5205,4.4767,2,1,990000,0,1,0,0,0,0,0,1,0,0,0,0,0,0,0,0,0,0,1,0,0,0,2.0,0,0,174,2,34,495000.0,1,0.0,0.13508528836972206,1,13.805461232211272
33.426418,-111.9396,0.7534,0.7534,3.1699,4.6247,13,1,1000000,2,0,0,0,0,1,0,0,0,0,1,0,0,0,0,0,0,0,1,0,0,0,3.0,1,1,193,1,0,500000.0,1,0.4796278088203554,0.8774587329731532,0,13.815511557963774
42.364367,-71.078978,0.6658,5.1315,2.7479,6.0027,15,4,41000000,2,0,0,1,0,0,0,0,0,0,0,0,0,0,0,1,1,0,1,1,1,0,1.75,1,1,37,12,13,8200000.0,6,0.5336321673470477,0.8095381883766338,1,17.529082649058825
45.3774456,-122.7569561,0.3699,0.3699,2.5205,4.4767,3,1,7000000,0,0,0,0,0,1,0,0,0,0,0,0,0,0,0,1,0,0,1,0,0,0,1.0,1,0,200,25,28,3500000.0,1,0.0,0.17898243990586662,0,15.76142084987672
42.3624253,-71.116031,0.8301,2.0767,1.0027,1.0027,4,2,55000000,1,0,0,1,0,0,0,0,0,0,0,0,0,1,0,0,0,0,1,1,0,0,2.0,1,1,37,12,3,18333333.333333332,2,0.49932591002147103,0.2125077406320162,1,17.822843761378564
37.388869,-122.072353,0.0849,1.5863,2.1151,4.0,5,2,5700000,3,1,0,0,0,0,0,0,0,1,0,0,0,0,0,0,0,1,1,0,0,0,4.0,1,1,125,2,8,1900000.0,3,0.9630509453950113,0.30200573652107826,1,15.555976908243359
42.276316,-71.419229,5.6384,5.6384,4.2493,4.2493,3,1,10500000,1,0,0,1,0,0,0,0,0,0,0,0,0,0,0,1,0,0,0,0,0,1,4.0,1,1,69,12,27,5250000.0,1,0.19050159068828226,0.17475504967319186,1,16.166885910365842
41.019264,-73.683462,1.9699,3.9205,2.5205,4.4767,2,2,23000000,0,0,1,0,0,0,0,0,0,0,0,0,1,0,0,0,1,0,0,0,0,0,3.0,1,0,166,23,6,7666666.666666667,3,0.0,0.11141437598326222,1,16.951004817371683
47.676378,-122.122155,5.4329,9.4959,2.5205,4.4767,13,3,14000000,0,0,0,0,0,1,0,0,0,0,0,0,0,0,0,1,0,0,1,1,0,0,3.0,1,1,162,32,23,3500000.0,2,0.0,0.7447907063944742,0,16.454567959008102
37.536402,-122.325129,1.6466,1.6466,2.5205,4.4767,4,2,7500000,0,1,0,0,0,0,1,0,0,0,0,0,0,0,0,0,0,1,1,0,0,0,2.0,1,1,177,2,30,2500000.0,3,0.0,0.2376649836709646,1,15.830413711839864
47.6257402,-122.3581623,0.1589,2.4274,-0.1699,2.2137,1,2,9000000,2,0,0,0,0,1,0,0,0,0,0,0,1,0,0,0,1,0,1,0,0,0,1.0,1,0,184,32,6,3000000.0,4,1.8181818181818181,0.05877949580217705,0,16.012735246411598
40.245664,-74.845997,0.7644,0.7644,2.5205,4.4767,3,1,500000,0,0,0,0,0,1,0,0,0,0,0,1,0,0,0,0,1,0,0,0,0,0,1.0,1,0,218,26,11,250000.0,3,0.0,0.2124290032036985,0,13.122365377402328
37.388869,-122.072353,0.0356,0.726,0.474,0.9205,4,2,70000,2,1,0,0,0,0,0,0,0,0,0,0,0,0,0,1,0,1,0,0,0,0,1.0,1,1,125,2,21,23333.333333333332,2,1.3568521031207599,0.32904844239769165,1,11.156264806643742
33.09568,-117.244034,0.5808,1.6548,2.5205,4.4767,3,2,850000,0,1,0,0,0,0,0,0,0,0,0,0,1,0,0,0,0,1,1,0,0,0,1.0,1,0,40,2,6,283333.3333333333,3,0.0,0.20473633202012767,1,13.652992804936396
34.019657,-118.487549,3.8767,3.8767,3.0027,5.8329,9,1,15000000,2,1,0,0,0,0,0,0,0,1,0,0,0,0,0,0,1,0,0,0,0,0,1.0,1,1,182,2,8,7500000.0,3,0.4996627276588303,0.5135942454563003,1,16.52356082573315
38.021489,-122.519998,4.8877,4.8877,3.2877,3.2877,8,1,10571182,1,1,0,0,0,0,0,0,0,0,0,0,0,0,0,1,0,0,1,0,0,0,1.0,0,1,178,2,4,5285591.0,1,0.2332252722905054,0.4658301292900652,1,16.173642272113586
34.102827000000005,-118.32999,0.5808,0.5808,2.5205,4.4767,13,1,500000,0,1,0,0,0,0,0,0,0,0,0,0,0,0,0,1,0,1,0,0,0,0,1.0,0,0,81,2,25,250000.0,2,0.0,0.9205256805493601,1,13.122365377402328
37.872222,-122.268403,0.9233,4.7425,0.6712,7.7671,12,7,24900000,3,1,0,0,0,0,0,0,0,0,0,0,0,0,0,1,1,1,1,0,0,0,3.0,1,1,19,2,19,3112500.0,6,1.7951172809956917,0.6655434363450783,1,17.030378401595577
34.147645000000004,-118.144478,1.7616,2.326,0.8767,3.0274,12,2,3529175,3,1,0,0,0,0,0,1,0,0,0,0,0,0,0,0,1,0,1,0,0,0,1.0,0,0,145,2,34,1176391.6666666667,4,1.5985506474130122,0.7464276451596533,1,15.07657497389894
40.74188770000001,-74.00474659999998,0.0,4.6164,3.2904,5.2685,15,4,23400000,3,0,1,0,0,0,0,0,0,0,0,0,0,0,0,1,0,0,1,1,1,0,2.25,1,1,135,23,33,4680000.0,3,0.6992355025172479,0.8348059949681954,1,16.96824662306297
37.4155698,-121.9486567,7.4027,7.4027,7.4,11.874,15,1,8800000,3,1,0,0,0,0,0,0,0,0,0,0,0,0,0,1,0,0,0,0,0,1,5.0,1,1,176,2,27,4400000.0,1,0.35714285714285715,0.8828586429662882,1,15.990262393084793
40.728425,-73.999882,0.0,0.0,0.3288,0.3288,2,1,1500000,1,0,1,0,0,0,0,0,0,0,0,0,0,0,0,1,0,0,0,0,0,0,6.0,1,0,135,23,9,750000.0,0,0.7525586995785671,0.13139761578225367,1,14.220976332738882
45.520247,-122.674195,1.4164,2.0,7.0055,11.4219,3,3,8800000,2,0,0,0,0,1,0,0,0,0,0,0,0,0,0,1,0,0,1,1,0,0,1.0,0,1,154,25,20,2200000.0,2,0.24982824308288054,0.17657172859325765,0,15.990262393084793
37.77522800000001,-122.39963,2.5808,4.6082,0.5808,10.2219,3,2,7100000,3,1,0,0,0,0,0,1,0,0,0,0,0,0,0,0,0,1,1,0,0,0,1.5,1,1,174,2,34,2366666.6666666665,3,1.8977732793522268,0.1788311010929395,1,15.775605482856605
42.3751,-71.105616,1.3315,2.9973,2.1616,5.9616,8,3,3500000,6,0,0,1,0,0,0,0,0,0,0,0,1,0,0,0,1,1,1,0,0,0,1.6667,1,1,37,12,6,875000.0,6,1.8977732793522268,0.49787550881407816,1,15.068273812173887
37.36883,-122.03635,1.589,1.589,1.1863,2.5452,6,1,3000000,2,1,0,0,0,0,1,0,0,0,0,0,0,0,0,0,0,0,1,0,0,0,2.0,1,1,191,2,30,1500000.0,1,0.914787540593697,0.3770235992362695,1,14.914123179965662
42.961748,-78.870914,0.1288,0.274,0.3068,0.3068,5,2,11000,1,0,1,0,0,0,0,1,0,0,0,0,0,0,0,0,0,1,0,0,0,0,1.0,0,0,90,23,34,3666.6666666666665,2,0.7652280379553107,0.485166450273236,1,9.305741456739435
33.55327800000001,-117.6779,6.5452,8.6,5.0027,5.0027,4,3,26200000,1,1,0,0,0,0,0,0,0,0,0,0,0,0,0,1,1,0,0,0,1,0,2.5,1,1,93,2,28,6550000.0,4,0.166591700401486,0.22122339849323203,1,17.081270006899263
37.398022,-122.049143,1.3259999999999998,2.7096,4.3699,6.462999999999999,6,2,29000000,3,1,0,0,0,0,1,0,0,0,0,0,0,0,0,0,0,0,0,1,1,0,2.5,1,1,125,2,30,9666666.666666666,2,0.5586696214082199,0.32998206440768935,1,17.182806422433504
37.400945,-122.111318,4.8438,4.8438,2.5205,4.4767,2,1,10000000,0,1,0,0,0,0,1,0,0,0,0,0,0,0,0,0,0,0,0,1,0,0,2.0,0,0,125,2,30,5000000.0,1,0.0,0.11683542545250893,1,16.118095750958314
32.833501,-117.26162,0.8521,0.8521,0.0,2.9425,3,1,500000,3,1,0,0,0,0,0,1,0,0,0,0,0,0,0,0,0,1,0,0,0,0,3.0,1,0,92,2,34,250000.0,2,2.727272727272727,0.2124290032036985,1,13.122365377402328
37.487259,-122.232217,0.0849,1.8384,1.4164,2.337,3,3,11500000,3,1,0,0,0,0,0,0,0,1,0,0,0,0,0,0,0,1,1,1,0,0,1.5,1,1,163,2,8,2875000.0,4,1.2415163052474754,0.17383385907894383,1,16.257857680289998
30.2734822,-97.7588828,1.1699,3.8932,2.3014,3.4301,8,5,5350000,3,0,0,0,1,0,0,0,0,1,0,0,0,0,0,0,0,1,1,0,0,0,3.0,1,1,13,29,8,891666.6666666666,3,0.9087053977100623,0.485065814741882,0,15.49260730578806
37.779281,-122.419236,-0.4959,0.6301,0.589,3.011,8,2,2535000,2,1,0,0,0,0,0,1,0,0,0,0,0,0,0,0,0,1,1,0,0,0,5.0,1,1,174,2,34,845000.0,3,1.2586532410320956,0.5080750724450008,1,14.74570458948466
32.958634,-96.823641,5.4658,8.9534,8.8384,8.9534,4,3,19000000,2,0,0,0,1,0,0,0,0,1,0,0,0,0,0,0,1,0,0,1,1,0,5.3333,1,1,1,29,8,4750000.0,5,0.20328508700601725,0.22522586450953647,0,16.759949589762293
37.388869,-122.072353,0.0,2.7644,1.1616,1.1616,4,3,475000,1,1,0,0,0,0,0,0,0,0,0,0,0,0,0,1,0,1,0,0,0,0,4.0,0,1,125,2,33,118750.0,2,0.46262028127313104,0.2842711590473046,1,13.07107218827772
40.730646,-73.986614,5.7671,7.862999999999999,9.2575,9.2575,16,2,36000000,1,0,1,0,0,0,0,0,0,0,0,1,0,0,0,0,1,0,0,1,0,0,1.0,1,1,135,23,11,12000000.0,4,0.09748964172556665,0.8696110835061713,1,17.399029524198163
37.662431,-121.874679,3.1671,3.1671,2.5205,4.4767,4,1,12000000,0,1,0,0,0,0,0,0,0,0,0,1,0,0,0,0,0,0,0,0,1,0,5.0,1,1,152,2,11,6000000.0,1,0.0,0.23120829588665945,1,16.300417291085605
40.730646,-73.986614,0.0795,0.0795,0.5014,1.3781,8,1,1750000,2,0,1,0,0,0,0,0,0,0,0,0,0,0,0,1,0,0,0,0,0,0,5.0,1,1,135,23,21,875000.0,0,1.332090049287332,0.5203209081145096,1,14.375126917328105
40.729839,-73.991781,0.5562,0.5562,-0.0247,1.9288,3,1,130000,2,0,1,0,0,0,0,1,0,0,0,0,0,0,0,0,0,1,0,0,0,0,1.0,0,1,135,23,34,65000.0,2,1.8181818181818181,0.23482819232846286,1,11.775297421715827
41.505161,-81.693445,7.9178,10.9041,2.5205,4.4767,4,3,13222860,0,0,0,0,0,1,0,0,0,0,0,0,0,0,0,1,1,0,0,0,0,0,3.0,1,0,50,24,22,3305715.0,3,0.0,0.22991864959685912,0,16.397457783497018
39.914281,-86.07647800000002,4.1315,6.1507,5.5699,6.1096,10,2,2192000,3,0,0,0,0,1,0,0,0,0,0,0,0,0,0,1,1,0,0,1,0,0,3.0,0,0,84,10,24,730666.6666666666,4,0.45662795476339063,0.6410122708552084,0,14.600325383254319
42.3751,-71.105616,5.1452,5.1452,2.0,2.0,4,1,2000000,1,0,0,1,0,0,0,1,0,0,0,0,0,0,0,0,1,0,0,0,0,0,1.0,1,1,37,12,34,1000000.0,3,0.3333333333333333,0.2579204427926491,1,14.508658238524095
37.5455355,-122.32088020000002,3.0219,4.9589,6.5836,6.6822,11,2,9400000,2,1,0,0,0,0,0,0,0,0,0,0,0,0,0,1,0,0,1,0,0,0,2.0,1,1,64,2,1,3133333.3333333335,1,0.2637269898201382,0.644926001889,1,16.056220353623207
37.431091,-122.099263,5.3452,7.2274,2.5205,4.4767,2,4,13045000,0,1,0,0,0,0,0,0,0,0,0,0,0,0,0,1,0,0,1,1,0,0,2.0,1,1,125,2,28,2609000.0,2,0.0,0.11504887917098826,1,16.383915553210688
25.752358,-80.25468000000002,0.1753,4.0986,0.7342,5.0493,8,4,10000000,3,1,0,0,0,0,0,1,0,0,0,0,0,0,0,0,0,0,1,1,1,0,1.25,1,1,174,2,34,2000000.0,3,1.729904278629916,0.4673417018100357,1,16.118095750958314
37.558245,-122.302654,1.4247,1.4247,1.0,1.0,7,1,6000000,1,1,0,0,0,0,0,0,0,0,1,0,0,0,0,0,0,0,0,1,0,0,2.0,1,1,177,2,0,3000000.0,1,0.5,0.4215021444396354,1,15.607270193858982
40.03935300000001,-76.307448,2.0,3.5562,4.5699,4.5699,3,2,2100000,1,0,0,0,0,1,0,0,1,0,0,0,0,0,0,0,1,1,0,0,0,0,2.0,0,0,95,26,18,700000.0,5,0.1795364369198729,0.19283367856594485,0,14.557448378884015
39.78373,-100.445882,0.4192,0.8877,0.0849,1.863,3,2,3250000,3,0,0,0,0,1,0,0,0,0,0,0,0,0,0,1,1,0,1,0,0,0,1.0,1,1,184,32,33,1083333.3333333333,4,2.727272727272727,0.1875683937433674,0,14.99416586199818
34.185043,-118.878852,3.9178,9.3014,10.7507,10.7507,10,2,24500000,1,1,0,0,0,0,0,0,0,0,0,0,0,0,0,1,1,0,1,0,0,0,2.0,1,1,196,2,12,8166666.666666667,4,0.08510131311326134,0.5551181312164708,1,17.01418371633128
40.233844,-111.658534,-0.0192,0.8959,1.063,1.063,4,2,72000,1,0,0,0,0,1,0,0,0,1,0,0,0,0,0,0,0,1,0,0,0,0,1.0,0,0,158,30,8,24000.0,2,0.48473097430925843,0.3282876806228741,0,11.184435286790631
37.416597,-122.154064,6.6027,6.6027,4.0027,4.0027,3,1,10360000,1,1,0,0,0,0,0,0,0,0,0,0,0,0,0,1,0,0,0,0,1,0,5.0,1,0,143,2,22,5180000.0,1,0.1998920582885242,0.1748917999244303,1,16.153462891320704
40.775309,-73.98365600000002,0.0192,1.5699,2.4849,4.8712,12,3,1310000,2,0,1,0,0,0,1,0,0,0,0,0,0,0,0,0,0,1,0,0,0,0,6.0,1,1,135,23,30,327500.0,2,0.5739045596717266,0.7954638167529289,1,14.085538458535822
40.759089,-73.987573,-0.1151,-0.1151,0.0466,0.0466,1,1,150000,1,0,1,0,0,0,0,0,0,0,0,1,0,0,0,0,0,1,0,0,0,0,1.0,0,0,135,23,11,75000.0,2,0.9090909090909091,0.07740898359473693,1,11.918397239722838
39.96226,-83.00070600000002,0.0,0.0,0.0,0.0,2,1,250000,1,0,0,0,0,1,0,0,0,0,0,0,1,0,0,0,0,1,0,0,0,0,1.0,0,0,53,24,6,125000.0,2,0.9090909090909091,0.14892897507713473,0,12.429220196836383
34.144926,-118.149767,-0.2521,2.0877,1.4164,1.4164,6,3,1830000,1,1,0,0,0,0,0,0,0,0,0,0,0,0,0,1,0,1,1,0,0,0,2.0,0,1,145,2,13,457500.0,3,0.4138387684158251,0.3891094220622518,1,14.419827071265543
39.78373,-100.445882,0.4192,1.0247,0.7726,2.1699,10,2,9800000,4,0,0,0,0,1,0,0,0,1,0,0,0,0,0,0,0,0,1,1,0,0,4.5,1,1,154,25,8,3266666.6666666665,2,2.256572266726842,0.5848673853136357,0,16.097893045681612
38.904549,-77.061767,1.8247,1.8247,3.8959,5.9068,15,1,2300000,3,1,0,0,0,0,0,1,0,0,0,0,0,0,0,0,0,0,1,0,0,0,1.0,0,1,174,2,34,1150000.0,1,0.6127576135133479,0.958563221661458,1,14.648420115681892
47.682233,-122.135521,2.4192,3.0904,-0.1616,3.9699,3,2,1310000,4,0,0,0,0,1,0,1,0,0,0,0,0,0,0,0,0,1,0,0,0,0,1.0,0,0,162,32,34,436666.6666666667,2,3.6363636363636362,0.19886595418823222,0,14.085538458535822
37.781557,-122.407959,0.0822,0.8384,0.0,4.1836,4,2,4500000,5,1,0,0,0,0,0,0,0,0,0,1,0,0,0,0,0,1,0,1,0,0,5.5,1,0,174,2,11,1500000.0,3,4.545454545454545,0.245104224238117,1,15.319588176962746
37.571318,-122.267962,2.1616,5.7315,5.0027,5.0027,5,3,22000000,1,1,0,0,0,0,1,0,0,0,0,0,0,0,0,0,0,0,1,1,1,0,2.6667,1,1,68,2,30,5500000.0,3,0.166591700401486,0.279227385870763,1,16.906553056777135
37.320309,-122.05004,0.8603,2.926,3.0,3.0,4,3,19000000,1,1,0,0,0,0,0,0,0,1,0,0,0,0,0,0,0,0,1,1,0,0,2.0,1,1,55,2,8,4750000.0,2,0.25,0.22522586450953647,1,16.759949589762293
37.36883,-122.03635,3.4685,3.4685,2.0,2.0,3,1,30000000,1,1,0,0,0,0,0,0,0,0,0,0,0,0,0,1,0,0,0,1,0,0,4.0,1,1,191,2,28,15000000.0,1,0.3333333333333333,0.16468398156533517,1,17.216707972959764
34.1086325,-118.0215818,5.8658,9.9644,8.1699,8.1699,7,6,53818873,1,1,0,0,0,0,0,0,0,0,0,0,0,0,0,1,1,0,0,0,1,0,4.25,1,1,10,2,12,7688410.428571428,4,0.10905244331999259,0.3723179521538841,1,17.801134781453687
37.553743,-122.300246,2.6658,2.6658,2.5205,4.4767,6,1,5500000,0,1,0,0,0,0,0,1,0,0,0,0,0,0,0,0,0,0,1,0,0,0,1.0,1,0,177,2,34,2750000.0,1,0.0,0.3631904355136572,1,15.520258832020865
47.578174,-122.212731,1.9973,1.9973,-0.0822,3.5205,3,1,6000000,2,0,0,0,0,1,0,0,0,0,0,0,0,0,0,1,0,0,1,0,0,0,1.0,1,1,17,32,20,3000000.0,1,1.8181818181818181,0.18064377618841518,0,15.607270193858982
39.78373,-100.445882,1.4959,1.6658,0.0,7.5233,2,2,30150000,3,1,0,0,0,0,0,0,0,0,1,0,0,0,0,0,0,0,1,1,0,0,1.5,1,0,163,2,0,10050000.0,2,2.727272727272727,0.10975927012005537,1,17.221695514304965
40.737216,-73.99094699999998,1.0,2.7096,2.5205,4.4767,1,2,12000000,0,0,1,0,0,0,0,0,0,0,0,1,0,0,0,0,0,0,1,1,0,0,1.0,0,0,135,23,11,4000000.0,2,0.0,0.05780207397166486,1,16.300417291085605
37.36883,-122.03635,0.1644,1.4986,3.1644,5.5479,6,2,3500000,2,1,0,0,0,0,1,0,0,0,0,0,0,0,0,0,0,1,1,0,0,0,1.0,0,1,191,2,30,1166666.6666666667,3,0.4802612621265968,0.3734066316105586,1,15.068273812173887
37.433414,-122.128772,1.4301,1.4301,2.3452,3.4575,5,1,4000000,3,1,0,0,0,0,1,0,0,0,0,0,0,0,0,0,0,0,1,0,0,0,4.0,1,1,143,2,30,2000000.0,1,0.8968073657778308,0.30860758710645847,1,15.201805169084134
33.87751,-117.727046,2.4521,3.6027,2.5205,4.4767,9,2,4000000,0,1,0,0,0,0,0,0,0,0,0,0,0,0,0,1,0,0,1,0,0,0,1.0,1,0,219,2,15,1333333.3333333333,1,0.0,0.5554936567916252,1,15.201805169084134
37.409618,-122.017792,5.8274,7.7151,10.0082,10.0082,11,2,25000000,1,1,0,0,0,0,1,0,0,0,0,0,0,0,0,0,1,0,0,0,0,0,4.5,1,1,191,2,30,8333333.333333333,3,0.09084137279482567,0.6099458968048631,1,17.034386422832473
40.73901,-73.997259,0.8356,3.7616,0.9041,0.9041,5,3,1420698,1,0,1,0,0,0,0,0,1,0,0,0,0,0,0,0,1,1,0,0,0,0,2.0,1,1,135,23,18,355174.5,5,0.5251825009190694,0.32967048410142735,1,14.16665956198155
37.2496346,-121.9665932,1.6219,5.3315,-3.7507,-3.7507,5,2,10000000,1,1,0,0,0,0,0,0,0,0,0,0,0,0,0,1,1,0,1,0,0,0,3.0,1,1,38,2,28,3333333.3333333335,4,0.9090909090909091,0.29208856363127234,1,16.118095750958314
37.5068854,-122.2475729,0.337,5.2301,4.1726,5.7205,13,4,53000000,3,1,0,0,0,0,0,0,0,0,0,0,0,0,0,1,0,1,1,1,1,0,4.5,1,1,172,2,1,10600000.0,5,0.5799791207516529,0.6920119599178244,1,17.78580249038432
34.050451,-118.437775,0.4658,1.2247,0.0,1.2247,5,2,300000,2,1,0,0,0,0,0,0,0,0,0,1,0,0,0,0,0,1,0,1,0,0,2.0,1,0,107,2,11,100000.0,3,1.8181818181818181,0.3673353346292145,1,12.611541086966115
37.441537,-122.158332,5.6685,8.5014,6.7534,8.0932,4,3,1400000,2,1,0,0,0,0,1,0,0,0,0,0,0,0,0,0,0,1,0,0,0,0,1.0,0,1,143,2,30,350000.0,2,0.2579513503753192,0.2639918395936837,1,14.151983508870947
37.79287100000001,-122.400747,1.2795,1.2795,2.7041,3.5836,8,1,5000000,3,1,0,0,0,0,0,0,0,0,0,0,0,0,0,1,0,0,1,0,0,0,1.0,1,1,174,2,4,2500000.0,1,0.8099133392726978,0.48706392698918405,1,15.424948670398354
39.78373,-100.445882,2.9342,5.5342,3.9178,6.1973,6,2,9600000,2,0,0,0,0,1,0,0,0,1,0,0,0,0,0,0,0,0,1,0,0,0,3.0,1,1,184,32,8,3200000.0,1,0.40668591646671276,0.35134413631298095,0,16.077273760604726
42.49739,-71.416794,0.9151,3.7479,0.5808,4.8822,14,3,28000000,2,0,0,1,0,0,0,0,0,0,0,0,0,0,0,1,0,0,1,1,1,0,2.6667,1,1,0,12,20,7000000.0,3,1.2651821862348178,0.7714469794066265,1,17.147715103853763
33.017317,-96.837682,4.7479,5.2301,5.8548,7.7562,10,2,30000000,3,0,0,0,1,0,0,0,0,0,0,0,0,0,0,1,1,0,0,0,0,0,1.0,0,1,56,29,20,10000000.0,3,0.43764953025617087,0.5489466052177839,0,17.216707972959764
34.007967,-118.489681,1.0,2.1644,4.3644,5.3342,10,2,3500000,2,1,0,0,0,0,0,0,0,0,0,1,0,0,0,0,0,1,1,0,0,0,2.0,0,1,143,2,11,1166666.6666666667,3,0.3728282752963985,0.6223443860175977,1,15.068273812173887
42.337037,-71.25174799999998,0.0849,0.0849,-1.0,0.1342,7,1,16700000,2,0,0,1,0,0,0,1,0,0,0,0,0,0,0,0,0,0,1,0,0,0,4.0,0,0,138,12,34,8350000.0,1,1.8181818181818181,0.3970297785438677,1,16.630919337267223
37.36883,-122.03635,7.537000000000001,7.537000000000001,7.0055,7.0055,6,1,15000000,1,1,0,0,0,0,0,0,0,0,0,0,0,0,0,1,0,0,0,0,0,1,6.0,1,1,191,2,16,7500000.0,1,0.12491412154144027,0.34239616363753356,1,16.52356082573315
37.3767076,-121.997483,3.9178,3.9178,2.5205,4.4767,2,2,12000000,0,1,0,0,0,0,0,0,0,0,0,0,0,0,0,1,0,0,1,1,0,0,4.0,1,0,181,2,12,4000000.0,2,0.0,0.11560414794332972,1,16.300417291085605
41.678675,-83.51272800000002,1.2849,1.2849,0.0,0.0,1,1,15000,1,0,0,0,0,1,0,0,0,0,0,0,1,0,0,0,0,1,0,0,0,0,1.0,0,0,198,24,6,7500.0,2,0.9090909090909091,0.09419857232506053,0,9.61587214452889
47.603832,-122.330062,1.3096,1.3096,1.3096,2.8822,11,1,200000,3,0,0,0,0,1,0,0,0,0,0,0,0,0,0,1,1,0,0,0,0,0,1.0,0,1,184,32,21,100000.0,3,1.2989262209906476,0.8329498201711356,0,12.206077645517674
33.158093,-117.350597,4.0274,4.0274,2.5205,4.4767,0,1,15000000,0,1,0,0,0,0,0,0,0,0,0,0,0,0,0,1,0,0,0,0,1,0,1.0,0,0,40,2,28,7500000.0,1,0.0,0.0,1,16.52356082573315
37.779281,-122.419236,-0.0822,1.2301,0.3151,1.2986,4,2,1400000,2,1,0,0,0,0,0,0,0,1,0,0,0,0,0,0,0,1,0,0,0,0,3.0,0,1,174,2,8,466666.6666666667,2,1.5207968975743291,0.2639918395936837,1,14.151983508870947
40.707645,-74.010816,-0.8658,6.1233,5.0027,5.0027,5,4,11400000,1,0,1,0,0,0,0,0,0,1,0,0,0,0,0,0,1,0,0,1,0,0,3.0,1,0,135,23,8,2280000.0,4,0.166591700401486,0.2898697927898122,1,16.249124001084017
37.4815098,-121.9453283,0.7562,4.4137,2.7836,4.0027,14,4,34250000,2,1,0,0,0,0,0,0,0,0,0,0,0,0,0,1,1,0,1,1,1,0,2.25,1,1,72,2,4,6850000.0,6,0.528597103287874,0.7629761609800758,1,17.34919715186959
30.269004,-97.740395,0.0,2.7205,1.0027,5.9479,4,4,3800000,4,0,0,0,1,0,0,0,0,0,0,0,0,0,0,1,0,1,1,0,0,0,4.75,1,1,13,29,17,760000.0,3,1.9973036400858841,0.24767016846122905,0,15.150511887854474
37.555962,-122.288006,4.4521,6.1151,6.5863,6.5863,3,2,10100000,1,1,0,0,0,0,1,0,0,0,0,0,0,0,0,0,1,0,0,0,1,0,3.0,1,1,177,2,30,3366666.6666666665,4,0.13181656406944098,0.1751513270015755,1,16.128046080821385
37.354469,-121.990433,4.0795,4.0795,2.5205,4.4767,0,1,4000000,0,1,0,0,0,0,1,0,0,0,0,0,0,0,0,0,0,0,0,1,0,0,6.0,1,0,181,2,30,2000000.0,1,0.0,0.0,1,15.201805169084134
37.552262,-122.292146,1.9562,1.9562,1.9562,2.0027,11,1,3011408,3,1,0,0,0,0,1,0,0,0,0,0,0,0,0,0,0,0,0,1,0,0,1.0,1,1,177,2,30,1505704.0,1,1.0148163182463974,0.69104512048725,1,14.91791863350977
37.551882,-122.313472,9.7315,9.7315,6.0027,6.0027,2,1,8000000,1,1,0,0,0,0,1,0,0,0,0,0,0,0,0,0,1,0,0,0,0,0,3.0,1,0,177,2,30,4000000.0,3,0.14280206206177617,0.11837855315640769,1,15.894952224644102
37.566009,-122.321646,0.0,2.8795,2.3397,2.3397,15,2,12700000,1,1,0,0,0,0,0,0,0,0,0,0,0,0,0,1,0,0,1,0,0,0,1.5,1,1,177,2,1,4233333.333333333,1,0.29942809234362366,0.8641990358424017,1,16.357112630168974
33.831671,-118.315766,0.0,0.0,0.3342,3.2219,5,1,300000,4,1,0,0,0,0,0,0,0,0,0,0,0,0,0,1,0,1,0,0,0,0,2.0,0,0,199,2,24,150000.0,2,2.99805126667666,0.3673353346292145,1,12.611541086966115
33.615663399999995,-111.8931647,4.0877,4.0877,4.6685,5.1863,13,1,1000000,2,1,0,0,0,0,0,0,0,0,1,0,0,0,0,0,0,1,0,0,0,0,5.0,1,1,182,2,0,500000.0,2,0.35282702655023374,0.8774587329731532,1,13.815511557963774
28.66677,-81.392794,0.0,0.0,2.5205,4.4767,2,1,125000,0,0,0,0,0,1,0,0,0,1,0,0,0,0,0,0,0,1,0,0,0,0,1.0,0,0,7,6,8,62500.0,2,0.0,0.1570342262729576,0,11.736077016252437
39.364504,-84.247556,0.2247,0.9534,0.5808,1.0685,2,2,700000,2,0,0,0,0,1,0,1,0,0,0,0,0,0,0,0,0,1,0,0,0,0,2.5,0,0,213,4,34,233333.33333333334,2,1.2651821862348178,0.1383237112437169,0,13.45883704259595
47.603832,-122.330062,0.2521,0.6438,1.2685,1.7479,6,2,532000,2,0,0,0,0,1,0,0,0,1,0,0,0,0,0,0,0,1,0,0,0,0,5.0,1,1,184,32,8,177333.33333333334,2,0.8816398501212255,0.42299989607505944,0,13.184400648021263
37.445326,-122.160671,0.2137,2.2137,4.6301,5.5534,8,2,8500000,3,1,0,0,0,0,0,1,0,0,0,0,0,0,0,0,0,0,1,1,0,0,1.0,1,1,143,2,34,2833333.3333333335,2,0.5328502158043374,0.47182116396937956,1,15.955576839107596
47.602416,-122.332614,3.5699,3.5699,5.8795,9.3808,2,1,9400000,3,0,0,0,0,1,0,0,0,0,0,0,0,0,0,1,0,0,0,1,0,0,1.0,1,1,184,32,20,4700000.0,1,0.4360782033578022,0.11725927307072727,0,16.056220353623207
41.818712,-71.411775,-1.0,2.2493,1.7479,1.7479,3,2,350000,1,0,0,0,0,1,0,0,1,0,0,0,0,0,0,0,0,1,0,0,0,0,1.0,1,0,157,27,18,116666.66666666667,2,0.3639142617999199,0.21793311622843226,0,12.765691290604371
40.643438,-73.886452,1.1671,3.2110000000000003,0.7534,2.8110000000000004,16,2,12300000,3,0,1,0,0,0,0,0,0,1,0,0,0,0,0,0,0,0,0,1,1,0,1.5,1,1,135,23,8,4100000.0,2,1.710961560396943,0.9235150651761375,1,16.325109901643454
42.599814,-71.367284,1.5753,5.9589,4.4164,4.4164,6,5,25413298,1,0,0,1,0,0,0,0,0,0,0,0,0,0,0,1,1,0,1,1,0,0,3.0,1,1,46,12,20,4235549.666666667,5,0.1846244738202496,0.3323955498745849,1,17.050783177644348
37.779281,-122.419236,-0.3288,0.337,0.4082,0.8712,5,2,1015000,2,1,0,0,0,0,0,0,0,0,0,1,0,0,0,0,0,1,0,0,0,0,5.0,1,0,174,2,11,338333.3333333333,2,1.42025280499929,0.33714531958096083,1,13.830400155679214
40.011355,-105.274166,0.0,3.4712,0.0,1.9123,4,5,10000003,2,0,0,0,0,1,0,0,0,1,0,0,0,0,0,0,1,0,1,1,0,0,1.5,1,1,29,3,8,1666667.1666666667,5,1.8181818181818181,0.23367084680986397,0,16.11809605095824
41.916619,-87.686634,0.7699,2.8548,-0.4329,2.8521,3,2,1750000,2,0,0,0,0,1,0,0,0,0,0,0,0,0,0,1,1,1,0,0,0,0,1.0,1,1,48,9,33,583333.3333333334,5,1.8181818181818181,0.19512034054294108,0,14.375126917328105
37.779281,-122.419236,0.9397,0.9397,1.4959,3.8164,4,1,100000,2,1,0,0,0,0,0,0,0,0,0,0,0,0,0,1,0,1,0,0,0,0,3.0,1,1,174,2,17,50000.0,2,0.801314155214552,0.31966919442795194,1,11.51293546492023
37.441537,-122.158332,1.926,1.926,1.6685,2.4658,1,1,12000000,2,1,0,0,0,0,1,0,0,0,0,0,0,0,0,0,1,0,0,0,0,0,2.0,1,1,143,2,30,6000000.0,3,0.7494847292486416,0.05780207397166486,1,16.300417291085605
37.7611016,-122.4160008,0.6685,0.6685,-0.9151,0.863,7,1,50000,2,1,0,0,0,0,0,0,0,0,1,0,0,0,0,0,0,1,0,0,0,0,3.0,0,0,174,2,0,25000.0,2,1.8181818181818181,0.592226688788005,1,10.819798284210286
37.381876,-121.95993,2.5808,2.5808,3.0027,4.6082,4,1,20000000,2,1,0,0,0,0,1,0,0,0,0,0,0,0,0,0,0,0,0,1,0,0,4.0,1,0,181,2,30,10000000.0,1,0.4996627276588303,0.22457725306472448,1,16.811242881518265
30.265927,-97.783642,2.9671,3.7151,6.9671,8.3342,16,2,42500000,3,0,0,0,1,0,0,0,0,0,0,0,0,0,0,1,0,0,0,0,1,1,5.5,1,1,13,29,24,14166666.666666666,2,0.37654855593628794,0.861836109221798,0,17.565014657424058
33.916552,-118.397491,0.0,2.3479,0.0,5.1616,7,3,22487000,2,1,0,0,0,0,0,0,0,0,0,0,0,0,0,1,1,0,0,1,1,0,2.3333,1,1,63,2,28,5621750.0,5,1.8181818181818181,0.3904409357088717,1,16.928447966889106
37.5568425,-122.2884881,2.5342,2.5342,-1.2521,4.0493,3,1,7800000,2,1,0,0,0,0,1,0,0,0,0,0,0,0,0,0,1,0,0,0,0,0,2.0,1,1,177,2,30,3900000.0,3,1.8181818181818181,0.17783432203292632,1,15.86963441986494
43.493525,-112.040092,2.337,2.337,0.5808,2.3726,5,1,4000000,4,0,0,0,0,1,0,0,1,0,0,0,0,0,0,0,0,0,1,0,0,0,1.0,1,0,83,8,18,2000000.0,1,2.5303643724696356,0.30860758710645847,0,15.201805169084134
37.779281,-122.419236,0.7918,4.3205,3.9753,3.9753,5,3,25500000,1,1,0,0,0,0,0,0,0,0,0,0,0,0,0,1,0,0,1,1,0,0,2.6667,1,1,174,2,4,6375000.0,2,0.20099290495045524,0.27694403699520254,1,17.05418904934434
37.775196,-122.419204,0.9616,5.7151,6.0438,6.8849,18,6,35200000,3,1,0,0,0,0,0,0,0,0,0,0,0,0,0,1,1,0,1,1,1,0,2.3333,1,1,174,2,1,5028571.428571428,6,0.4259064709389818,0.9795088559973206,1,17.376556668977415
42.504817,-71.195611,5.2027,8.1178,8.0055,8.0055,2,2,10000000,1,0,0,1,0,0,0,0,0,0,0,0,0,0,0,1,1,0,0,0,1,0,2.5,1,0,35,12,24,3333333.3333333335,4,0.11104325134639943,0.11683542545250893,1,16.118095750958314
37.428087700000006,-122.143368,0.7178,3.7068,0.537,3.6274,11,3,22100000,4,1,0,0,0,0,0,0,0,0,0,0,0,0,0,1,1,0,1,1,0,0,2.6667,1,1,117,2,1,5525000.0,5,2.602472348731295,0.6141447057801812,1,16.91108821173685
42.485093,-71.43284,3.0521,9.4767,1.0,1.0,4,5,33000000,1,0,0,1,0,0,0,0,1,0,0,0,0,0,0,0,1,0,0,1,1,1,2.0,1,1,0,12,18,5500000.0,6,0.5,0.21843578175233247,1,17.312018149733785
37.400115,-122.052208,6.2986,6.2986,6.0027,6.0027,9,1,15000000,1,1,0,0,0,0,0,0,0,0,0,0,0,1,0,0,0,0,0,0,0,0,3.0,1,1,125,2,3,7500000.0,0,0.14280206206177617,0.5135942454563003,1,16.52356082573315
37.2624049,-121.95770520000002,6.937,9.1589,6.0055,6.0055,6,3,13000000,1,1,0,0,0,0,0,0,1,0,0,0,0,0,0,0,0,0,0,0,0,1,3.0,1,1,38,2,18,3250000.0,1,0.14274498608236386,0.34521525912670215,1,16.380459992348886
37.293687,-121.934573,1.9671,3.1945,2.2493,2.2493,5,2,12800000,1,1,0,0,0,0,0,0,1,0,0,0,0,0,0,0,0,0,1,1,0,0,2.5,1,1,38,2,18,4266666.666666667,2,0.3077585941587419,0.28793623522958656,1,16.36495580701484
40.73901,-73.997259,0.1671,3.7808,3.8356,6.1178,6,2,626096,3,0,1,0,0,0,0,0,1,0,0,0,0,0,0,0,1,0,1,0,0,0,1.0,1,0,135,23,18,208698.66666666666,4,0.6203987095706842,0.41819830080434506,1,13.34726059015508
42.3751,-71.105616,-0.1671,3.6493,4.1507,4.6849,12,4,20350000,3,0,0,1,0,0,0,0,0,0,0,0,0,0,0,1,0,1,1,1,0,0,3.75,1,1,37,12,1,4070000.0,4,0.5824451045488963,0.6730761646098804,1,16.828591518992926
37.404788,-121.940842,5.7836,5.7836,2.0027,2.0027,1,1,10000000,1,1,0,0,0,0,0,0,0,0,0,0,0,0,0,1,1,0,0,0,0,0,3.0,1,0,176,2,12,5000000.0,3,0.33303360309055186,0.05841771272625446,1,16.118095750958314
37.4210225,-122.1377411,0.5671,0.5671,0.5671,2.3534,5,1,425000,3,1,0,0,0,0,0,1,0,0,0,0,0,0,0,0,0,1,0,0,0,0,2.0,1,1,143,2,34,212500.0,2,1.9143641120541128,0.358170119724907,1,12.959846800844963
35.966068,-115.118671,5.3644,7.9781,5.2521,5.2521,5,3,37891054,1,1,0,0,0,0,0,0,0,0,0,0,0,0,0,1,1,0,0,1,1,0,3.0,1,1,183,2,28,9472763.5,5,0.15994625805729273,0.27099939595616607,1,17.450225626365402
32.833501,-117.26162,1.0877,7.7616,6.8849,6.8849,9,5,40000000,1,1,0,0,0,0,0,0,1,0,0,0,0,0,0,0,1,0,1,1,1,0,4.0,1,1,92,2,18,6666666.666666667,6,0.12682469023069412,0.48637107097106314,1,17.50439003707821
34.048857,-118.251343,0.7014,2.126,2.4027,4.0548,10,3,5550000,4,1,0,0,0,0,0,0,0,0,0,1,0,0,0,0,0,0,1,1,0,0,3.0,1,1,62,2,11,1387500.0,2,1.1755370735004556,0.6049859798811996,1,15.52930866590278
37.78699829999999,-122.400893,0.5808,0.5808,0.0,2.1315,3,1,770000,3,1,0,0,0,0,0,0,1,0,0,0,0,0,0,0,0,1,0,0,0,0,6.0,1,1,174,2,18,385000.0,2,2.727272727272727,0.2061268160151893,1,13.554147092530322
32.960431,-96.83026,0.1068,4.7342,2.5205,4.4767,0,4,19550000,0,0,0,0,1,0,0,0,0,0,0,0,0,0,1,0,1,0,1,0,0,0,1.0,1,0,1,29,5,3910000.0,4,0.0,0.0,0,16.788485895546543
40.730646,-73.986614,1.4795,2.2521,2.2521,2.2521,6,2,4000000,1,1,0,0,0,0,0,1,0,0,0,0,0,0,0,0,1,0,0,0,0,0,1.0,0,1,174,2,34,1333333.3333333333,3,0.30749361950739523,0.37032910452775014,1,15.201805169084134
38.92719,-77.21696899999998,1.0849,5.8192,6.3507,9.4411,14,4,42000000,4,0,0,0,0,1,0,1,0,0,0,0,0,0,0,0,0,0,1,1,1,0,2.3333,1,1,115,31,34,8400000.0,3,0.5441658617546629,0.7545876151171572,0,17.553180200057167
39.6350086,-106.5213459,3.6548,3.6548,2.5205,4.4767,0,1,1900000,0,0,0,0,0,1,0,0,0,0,0,0,0,0,0,1,0,0,1,0,0,0,1.0,1,0,14,3,22,950000.0,1,0.0,0.0,0,14.45736497045232
37.779281,-122.419236,4.5315,4.5315,5.5288,5.5288,1,1,1310000,1,1,0,0,0,0,0,0,0,0,0,0,0,0,0,1,1,0,0,0,0,0,4.0,1,0,174,2,21,655000.0,3,0.1531675039823551,0.0662886513960774,1,14.085538458535822
45.520247,-122.674195,7.0027,7.0027,7.6712,7.6712,3,1,3000000,1,0,0,0,0,1,0,0,0,0,0,0,0,0,0,1,0,0,1,0,0,0,3.0,0,1,154,25,12,1500000.0,1,0.1153242919088477,0.18851179961813475,0,14.914123179965662
37.504764,-122.259568,0.0,3.4548,2.0247,3.9753,9,4,36000000,3,1,0,0,0,0,1,0,0,0,0,0,0,0,0,0,0,0,1,1,1,1,3.0,1,1,191,2,30,7200000.0,4,0.9918339008827322,0.48915623447222134,1,17.399029524198163
37.445586,-122.161929,0.1644,0.1644,1.4822,1.4822,3,1,3000000,1,1,0,0,0,0,1,0,0,0,0,0,0,0,0,0,1,0,0,0,0,0,1.0,0,1,143,2,30,1500000.0,3,0.40286842317299176,0.18851179961813475,1,14.914123179965662
34.748528,-92.287158,9.7534,9.7534,9.7534,9.7534,1,1,50000,1,0,0,0,0,1,1,0,0,0,0,0,0,0,0,0,1,0,0,0,0,0,1.0,0,0,102,0,30,25000.0,3,0.09299384380753994,0.0846038126840007,0,10.819798284210286
42.391389,-71.270987,2.1233,6.0192,2.0,6.5123,5,3,21900000,2,0,0,1,0,0,1,0,0,0,0,0,0,0,0,0,1,0,1,1,0,0,1.6667,1,1,205,12,30,5475000.0,5,0.6666666666666666,0.2792984454663363,1,16.90199724044883
40.730646,-73.986614,0.4904,0.4904,1.1808,1.1808,6,1,240000,1,0,1,0,0,0,0,0,0,0,0,1,0,0,0,0,0,1,0,0,0,0,2.0,1,1,135,23,11,120000.0,2,0.458547322083639,0.4481491986301095,1,12.388398368982115
32.9388917,-117.2398594,0.0,5.3014,5.0027,5.0027,17,4,34700000,1,1,0,0,0,0,1,0,0,0,0,0,0,0,0,0,1,0,1,1,0,0,2.25,1,1,173,2,30,6940000.0,5,0.166591700401486,0.925812454714005,1,17.36225027373553
41.808458,-88.073008,1.2274,5.8712,3.6466,6.6959,4,4,33000000,2,0,0,0,0,1,1,0,0,0,0,0,0,0,0,0,1,0,1,1,1,0,5.3333,1,1,101,9,30,6600000.0,6,0.43042224422158143,0.21843578175233247,0,17.312018149733785
40.7908157,-73.9722939,1.3014,2.4685,0.0,2.4685,3,2,1800000,2,0,1,0,0,0,0,0,0,0,0,0,0,0,0,1,1,1,0,0,0,0,5.0,1,0,135,23,7,600000.0,5,1.8181818181818181,0.1947634878683347,1,14.403297778421795
40.01621,-105.28131,0.0,3.6548,3.1507,5.3123,14,3,27300000,4,0,0,0,0,1,0,0,0,0,1,0,0,0,0,0,0,0,1,1,1,0,3.0,1,1,29,3,0,6825000.0,3,0.9636928710819861,0.7725247256599708,0,17.122397296785223
37.440682,-122.123103,3.1342,5.2521,3.1342,3.5425,6,2,6760000,2,1,0,0,0,0,0,1,0,0,0,0,0,0,0,0,1,0,0,0,0,0,1.5,1,0,143,2,34,2253333.3333333335,3,0.4837695321948624,0.3587115026303748,1,15.72653359594813
29.758938,-95.367697,4.2795,4.2795,2.5205,4.4767,4,1,9000000,0,0,0,0,1,0,0,0,0,0,0,0,0,0,0,1,0,0,0,0,0,1,2.0,1,0,82,29,22,4500000.0,1,0.0,0.2351179832087082,0,16.012735246411598
37.336191,-121.890583,4.0356,4.0356,-7.0055,-7.0055,3,1,954000,1,1,0,0,0,0,0,0,0,0,0,0,0,0,0,1,1,0,0,0,0,0,1.0,0,0,176,2,24,477000.0,3,0.9090909090909091,0.20313615134690508,1,13.768419998647904
59.3352318,18.0571206,5.3041,8.6247,2.5205,4.4767,4,3,53000000,0,1,0,0,0,0,0,0,0,0,0,0,0,0,0,1,0,0,0,0,1,1,4.6667,1,1,181,2,28,13250000.0,2,0.0,0.2129267568977921,1,17.78580249038432
37.563585,-122.324621,2.3315,6.6767,6.9589,8.9342,17,4,23100000,3,1,0,0,0,0,0,0,0,0,0,0,0,0,0,1,1,0,1,1,1,0,2.0,1,1,177,2,29,4620000.0,6,0.37693651132694217,0.9467933746995861,1,16.955343218782065
40.729839,-73.991781,1.0822,2.8548,1.611,4.5096,9,2,5686383,3,0,1,0,0,0,0,0,1,0,0,0,0,0,0,0,0,0,1,0,0,0,2.0,0,1,135,23,18,1895461.0,1,1.1489850631941785,0.5436888712558173,1,15.553585103207503
37.658713,-122.399382,4.4466,8.0849,6.5863,6.5863,4,6,49008830,1,1,0,0,0,0,0,0,0,0,0,0,0,1,0,0,1,0,1,0,1,0,3.0,1,0,188,2,3,7001261.428571428,5,0.13181656406944098,0.2138178609781871,1,17.707511064326216
37.780134,-122.396744,1.6055,3.5479,2.5205,4.4767,10,3,32200000,0,1,0,0,0,0,0,0,1,0,0,0,0,0,0,0,0,0,1,1,1,0,4.0,1,1,174,2,18,8050000.0,3,0.0,0.5468222859429053,1,17.287477041570536
29.739322,-95.444747,1.2904,1.2904,7.1233,7.1233,3,1,2000000,1,0,0,0,1,0,0,1,0,0,0,0,0,0,0,0,0,0,1,0,0,0,1.0,0,0,82,29,34,1000000.0,1,0.12310267994534241,0.19344033209448683,0,14.508658238524095
40.750519,-73.993494,3.2137,3.2137,3.0027,4.6219,5,1,2700000,2,0,1,0,0,0,0,0,0,0,0,1,0,0,0,0,0,0,1,0,0,0,2.0,1,1,135,23,11,1350000.0,1,0.4996627276588303,0.3162802867282363,1,14.80876270134486
43.090756,-89.522805,5.1315,5.1315,3.1616,8.5123,6,1,2000000,2,0,0,0,0,1,0,0,0,0,1,0,0,0,0,0,0,0,1,0,0,0,2.0,0,0,118,33,0,1000000.0,1,0.4805843906189927,0.38688066418897366,0,14.508658238524095
40.7429533,-73.98446109999998,0.0,3.9288,2.9151,5.7342,16,3,18000000,3,0,1,0,0,0,0,0,0,0,1,0,0,0,0,0,1,0,1,1,0,0,2.3333,1,1,135,23,0,4500000.0,5,0.7662639523894664,0.9036544841069354,1,16.705882371415992
37.7405936,-122.3764714,0.5178,0.5178,0.5808,4.526,9,1,1100000,2,1,0,0,0,0,0,0,0,0,1,0,0,0,0,0,0,0,1,0,0,0,6.0,1,1,174,2,0,550000.0,1,1.2651821862348178,0.6035884683722854,1,13.910821646859095
42.504817,-71.195611,7.2521,9.2274,6.0027,6.0027,1,3,52000000,1,0,0,1,0,0,0,0,0,0,0,0,0,0,0,1,1,0,0,1,0,0,2.6667,1,0,35,12,27,13000000.0,4,0.14280206206177617,0.05328571921597833,1,17.76675429577647
37.556732,-122.288378,0.7589,2.8329,0.7589,3.8356,12,2,15500000,2,1,0,0,0,0,1,0,0,0,0,0,0,0,0,0,0,0,1,1,0,0,1.0,1,1,174,2,30,5166666.666666667,2,1.137074307806015,0.683513347488125,1,16.5563506464056
37.386778,-121.966277,3.1205,3.1205,4.0027,4.0027,4,1,20000000,1,1,0,0,0,0,0,0,0,0,0,0,0,0,0,1,0,0,0,1,0,0,3.0,1,1,181,2,27,10000000.0,1,0.1998920582885242,0.22457725306472448,1,16.811242881518265
