latitude,longitude,age_first_funding_year,age_last_funding_year,age_first_milestone_year,age_last_milestone_year,relationships,funding_rounds,funding_total_usd,milestones,is_CA,is_NY,is_MA,is_TX,is_otherstate,is_software,is_web,is_mobile,is_enterprise,is_advertising,is_gamesvideo,is_ecommerce,is_biotech,is_consulting,is_othercategory,has_VC,has_angel,has_roundA,has_roundB,has_roundC,has_roundD,avg_participants,city_encoded,state_encoded,category_encoded,funding_efficiency,investor_strength,milestone_speed,network_funding_ratio,is_top_state,log_funding
0.4184283103679463,-0.393990022184698,-0.5580010080938613,-0.3397232491417027,0.5475475795398329,0.1223602399835719,2.3968432580277352,-0.1237380003493169,-0.5834376273208526,0.2145210140329482,0.9872280837476723,-0.3616821166278091,-0.3242123322201614,-0.2266083655811306,-0.5506201772224562,-0.4684396830725553,2.353256281421644,-0.2968364669508921,-0.3019339255063415,-0.2648609196163668,-0.2506821295079583,-0.162435292576479,-0.162435292576479,-0.0507673082566809,-0.6921614352674402,1.4575657762062992,1.6554107089736416,-0.9897695519176712,-0.760324474345021,-0.4806377619661694,-0.270376493571209,-1.0915187054817956,0.8210543264473853,-0.8067976084037375,1.2489606080439473,-0.5633897532851024,1.603947556412344,-0.4308920627918338,2.552073722669521,0.6279054331465134,-0.0338230369830465
-0.2195180407139187,-0.8695370056911885,-0.5944387774962094,-0.8895938699411786,-0.8149857872570858,-1.3422827899134877,1.9540689365874937,-0.1237380003493169,0.2266255045678301,-0.5878700865325985,0.9872280837476723,-0.3616821166278091,-0.3242123322201614,-0.2266083655811306,-0.5506201772224562,-0.4684396830725553,-0.4249430917893408,-0.2968364669508921,-0.3019339255063415,-0.2648609196163668,-0.2506821295079583,-0.162435292576479,-0.162435292576479,-0.0507673082566809,1.444749662502673,-0.6860753842634565,-0.6040796973096797,1.0103361919575191,-0.760324474345021,-0.4806377619661694,-0.270376493571209,0.3919749731553789,0.8210543264473853,-0.8067976084037375,-1.5528165858524408,0.3374238681226985,-1.082535110732551,-0.0845396227066346,1.8561379037150452,0.6279054331465134,0.621864226473645
-1.4266620373263843,-0.6412936954292965,1.351354231495998,1.6905360530979163,1.0526342160558275,1.182009125019046,-0.7025769920539569,0.6852381700016797,1.7861863005404344,0.2145210140329482,0.9872280837476723,-0.3616821166278091,-0.3242123322201614,-0.2266083655811306,-0.5506201772224562,-0.4684396830725553,-0.4249430917893408,-0.2968364669508921,-0.3019339255063415,-0.2648609196163668,-0.2506821295079583,-0.162435292576479,-0.162435292576479,-0.0507673082566809,1.444749662502673,1.4575657762062992,-0.6040796973096797,-0.9897695519176712,-0.760324474345021,2.08056894220972,-0.270376493571209,-0.7206452858225021,-1.4248670537161543,-0.8067976084037375,-1.5528165858524408,1.3076927453867089,0.9323268896261204,-0.5389361281532331,-0.7963575396591654,0.6279054331465134,1.1021631074630829
1.0686912143536822,1.3813202594616554,-0.8925916317762641,0.2455418241106818,0.1412184081223001,-0.0158260995505298,-0.259802670613715,3.921142851405666,0.8777042834690144,0.2145210140329482,-1.0129371484286014,-0.3616821166278091,-0.3242123322201614,-0.2266083655811306,1.816133954706112,2.134746555716359,-0.4249430917893408,-0.2968364669508921,-0.3019339255063415,-0.2648609196163668,-0.2506821295079583,-0.162435292576479,-0.162435292576479,-0.0507673082566809,-0.6921614352674402,1.4575657762062992,1.6554107089736416,1.0103361919575191,1.3152279503582291,-0.4806377619661694,-0.270376493571209,-0.3497718661632084,0.1003482119172942,0.760810026200028,0.8987384588068987,-0.2171658263655154,2.947188889984792,-0.2926580295166651,-0.3559059506479528,-1.592596507707975,0.8721777752587855
0.9707923540075027,1.4002795343831154,-0.7600613377553341,-0.5577446988664235,-0.5369632660164029,-0.5866229830376027,-0.4811898313338359,0.6852381700016797,-0.9489123721052092,0.2145210140329482,-1.0129371484286014,-0.3616821166278091,3.0843984038242387,-0.2266083655811306,-0.5506201772224562,-0.4684396830725553,2.353256281421644,-0.2968364669508921,-0.3019339255063415,-0.2648609196163668,-0.2506821295079583,-0.162435292576479,-0.162435292576479,-0.0507673082566809,-0.6921614352674402,-0.6860753842634565,1.6554107089736416,-0.9897695519176712,-0.760324474345021,-0.4806377619661694,-0.270376493571209,-1.0915187054817956,-1.6427549488066469,0.1153245295984775,1.2489606080439473,-0.9734388509270998,-0.4109144439463271,0.2271330112945856,-0.2459474880373434,0.6279054331465134,-1.9631341986797664
-0.2961530880263155,-0.860988537145756,1.486101425204018,1.256378065317565,-0.0940228401306786,0.0127641775944568,-1.1453513134941986,1.4942143403526764,0.537023527067232,-1.3902611870981454,0.9872280837476723,-0.3616821166278091,-0.3242123322201614,-0.2266083655811306,-0.5506201772224562,-0.4684396830725553,-0.4249430917893408,-0.2968364669508921,-0.3019339255063415,-0.2648609196163668,-0.2506821295079583,-0.162435292576479,6.156297588648554,-0.0507673082566809,-0.6921614352674402,1.4575657762062992,-0.6040796973096797,-0.9897695519176712,-0.760324474345021,-0.4806377619661694,3.698546374323143,1.8754686517925536,0.6366876459861992,-0.8067976084037375,-1.4652610485431783,0.0158249864612219,0.9323268896261204,-0.9560852880068772,-1.2064582041831984,0.6279054331465134,0.7548220488458803
-0.2722864702569447,-0.8666506037097119,3.3851265499075063,2.4160775030839448,-0.0940228401306786,0.0127641775944568,-1.352731306062015,-0.9327141707003136,-0.6156062594786973,-1.3902611870981454,0.9872280837476723,-0.3616821166278091,-0.3242123322201614,-0.2266083655811306,-0.5506201772224562,-0.4684396830725553,-0.4249430917893408,-0.2968364669508921,-0.3019339255063415,-0.2648609196163668,-0.2506821295079583,-0.162435292576479,6.156297588648554,-0.0507673082566809,-0.6921614352674402,-0.6860753842634565,-0.6040796973096797,-0.9897695519176712,-0.6290042490565486,-0.4806377619661694,-0.270376493571209,-0.9976580437254384,-1.4374138610771594,-0.8067976084037375,-1.4652610485431783,-0.4065779544150016,-1.7116623303665683,-0.9560852880068772,-1.409080136822823,0.6279054331465134,-0.4479130797708055
1.019181976299229,1.3951806727261178,0.2294014534933859,2.5340340250156044,-1.7426815235734232,-2.2103907306211745,0.8471331329868893,0.6852381700016797,0.4771902200613954,-0.5878700865325985,-1.0129371484286014,-0.3616821166278091,3.0843984038242387,-0.2266083655811306,-0.5506201772224562,-0.4684396830725553,-0.4249430917893408,-0.2968364669508921,-0.3019339255063415,-0.2648609196163668,-0.2506821295079583,-0.162435292576479,6.156297588648554,-0.0507673082566809,-0.6921614352674402,-0.6860753842634565,-0.6040796973096797,-0.9897695519176712,1.3152279503582291,-0.4806377619661694,-0.270376493571209,-0.3497718661632084,1.50823922634817,0.1153245295984775,-1.4652610485431783,0.2159616321748635,-1.082535110732551,0.2964050644536896,0.7398318873290494,0.6279054331465134,0.7314797203090185
0.2140113958093393,0.8577723900333274,-0.9131636338690434,-1.080108347612192,-0.9917908921398312,-1.3518267880724952,-0.8665736530891286,-0.7230021598563148,-0.8922211058691512,0.2145210140329482,-1.0129371484286014,-0.3616821166278091,-0.3242123322201614,-0.2266083655811306,1.816133954706112,-0.4684396830725553,-0.4249430917893408,-0.2968364669508921,-0.3019339255063415,3.775566442374484,-0.2506821295079583,-0.162435292576479,-0.162435292576479,-0.0507673082566809,-0.6921614352674402,-0.1303763231959005,-0.0183488761177399,0.4918460153349984,-0.760324474345021,-0.4806377619661694,-0.270376493571209,0.5568696371749442,-0.8395340477386186,1.269679694487888,-1.727927660470965,-0.8693475272924982,-0.3861144955492082,1.407748198095884,-0.8083870547876033,-1.592596507707975,-1.187604521923158
-0.282627223297776,-0.8653780941848531,-0.8219329926586576,0.0657771001141541,-0.2874863726250308,0.0118250808999134,1.289907454427131,0.6852381700016797,0.6089450200853861,0.2145210140329482,0.9872280837476723,-0.3616821166278091,-0.3242123322201614,-0.2266083655811306,-0.5506201772224562,-0.4684396830725553,-0.4249430917893408,-0.2968364669508921,-0.3019339255063415,-0.2648609196163668,-0.2506821295079583,-0.162435292576479,-0.162435292576479,-0.0507673082566809,1.444749662502673,1.4575657762062992,-0.6040796973096797,1.0103361919575191,1.3152279503582291,-0.4806377619661694,-0.270376493571209,-0.1025476446183232,0.6366876459861992,-0.8067976084037375,-0.6772612127598194,0.3258479921466637,1.603947556412344,-0.0375923628691282,1.1594975540332937,0.6279054331465134,0.7816772492954205
-0.3083465723290667,-0.8574617517188848,-0.3795055995704468,0.3566232795625927,-1.0397069509080208,0.2404480468073641,0.504645324718996,1.753501456242749,-0.2912222115743675,0.3962592083674683,0.9872280837476723,-0.3616821166278091,-0.3242123322201614,-0.2266083655811306,-0.5506201772224562,-0.4684396830725553,2.353256281421644,-0.2968364669508921,-0.3019339255063415,-0.2648609196163668,-0.2506821295079583,-0.162435292576479,-0.162435292576479,-0.0507673082566809,-0.6921614352674402,0.9720401098194946,1.6554107089736416,1.0103361919575191,-0.760324474345021,-0.4806377619661694,-0.270376493571209,-0.661210470021918,0.1466190087546744,-0.8067976084037375,1.2489606080439473,-0.5770613460796665,1.8192104925104624,1.2935800209366115,0.5030220164515854,0.6279054331465134,0.2481620654482397
-0.3202192793846329,-0.8544388050460398,-0.8440213749954794,-1.2463308562022493,-1.121479598774555,0.2862500038609155,-0.0384155098935941,-0.9327141707003136,-0.2692542630836532,0.2145210140329482,0.9872280837476723,-0.3616821166278091,-0.3242123322201614,-0.2266083655811306,-0.5506201772224562,-0.4684396830725553,2.353256281421644,-0.2968364669508921,-0.3019339255063415,-0.2648609196163668,-0.2506821295079583,-0.162435292576479,-0.162435292576479,-0.0507673082566809,-0.6921614352674402,-0.6860753842634565,-0.6040796973096797,1.0103361919575191,-0.760324474345021,-0.4806377619661694,-0.270376493571209,-0.3497718661632084,-0.0002154319706254,-0.8067976084037375,1.2489606080439473,0.1711521950123801,-1.082535110732551,1.5488954169142566,-0.0692676712438608,0.6279054331465134,0.3124751405411914
-1.266712288401781,0.8110973549719426,1.189036867133989,0.8078738053891403,-0.0940228401306786,0.0127641775944568,-1.1453513134941986,0.6852381700016797,0.9406629200272462,-1.3902611870981454,-1.0129371484286014,-0.3616821166278091,-0.3242123322201614,-0.2266083655811306,1.816133954706112,-0.4684396830725553,-0.4249430917893408,3.368858315395045,-0.3019339255063415,-0.2648609196163668,-0.2506821295079583,-0.162435292576479,-0.162435292576479,-0.0507673082566809,-0.6921614352674402,1.4575657762062992,-0.6040796973096797,-0.9897695519176712,1.3152279503582291,-0.4806377619661694,-0.270376493571209,-1.0915187054817956,-1.894164058526446,-0.34573653940263,-0.1519279889042467,0.6025079131170089,0.9323268896261204,-0.9560852880068772,-1.2093093488762816,-1.592596507707975,0.8914606872265147
1.008355568081396,1.3942108920074152,0.8467072481802912,0.7466490819153715,-0.0940228401306786,0.0127641775944568,-1.1453513134941986,-0.1237380003493169,0.2493375549946156,-1.3902611870981454,-1.0129371484286014,-0.3616821166278091,3.0843984038242387,-0.2266083655811306,-0.5506201772224562,2.134746555716359,-0.4249430917893408,-0.2968364669508921,-0.3019339255063415,-0.2648609196163668,-0.2506821295079583,-0.162435292576479,-0.162435292576479,-0.0507673082566809,-0.6921614352674402,-0.6860753842634565,-0.6040796973096797,1.0103361919575191,1.3152279503582291,-0.4806377619661694,-0.270376493571209,0.3919749731553789,-1.5086700902894206,0.1153245295984775,0.8987384588068987,0.3626803247976836,-0.4109144439463271,-0.9560852880068772,-1.203844776914065,0.6279054331465134,0.6327107641416275
0.5473586042681919,1.2708668847505975,-0.0853579948063229,-0.5893344222095027,-0.0940228401306786,0.0127641775944568,-0.4811898313338359,-0.9327141707003136,-0.924118383722635,-1.3902611870981454,-1.0129371484286014,2.7648588471103626,-0.3242123322201614,-0.2266083655811306,-0.5506201772224562,-0.4684396830725553,2.353256281421644,-0.2968364669508921,-0.3019339255063415,-0.2648609196163668,-0.2506821295079583,-0.162435292576479,-0.162435292576479,-0.0507673082566809,-0.6921614352674402,-0.6860753842634565,1.6554107089736416,-0.9897695519176712,-0.760324474345021,-0.4806377619661694,-0.270376493571209,1.8754686517925536,0.1673906411759073,1.129658881400914,1.2489606080439473,-0.9211895561807244,-0.4109144439463271,-0.9560852880068772,-0.3345825563620428,0.6279054331465134,-1.3532992073784889
-0.3210282219480471,-0.8536805913365075,-0.1250069304901282,-0.6236700841593031,-0.6001256536287287,-1.071218109033156,-0.3736950076953664,-0.9327141707003136,-0.5912270838687057,-0.6704278982861532,0.9872280837476723,-0.3616821166278091,-0.3242123322201614,-0.2266083655811306,-0.5506201772224562,-0.4684396830725553,2.353256281421644,-0.2968364669508921,-0.3019339255063415,-0.2648609196163668,-0.2506821295079583,-0.162435292576479,-0.162435292576479,-0.0507673082566809,-0.6921614352674402,-0.6860753842634565,-0.6040796973096797,1.0103361919575191,-0.760324474345021,-0.4806377619661694,-0.270376493571209,-0.9388824265248216,0.893871823650573,-0.8067976084037375,1.2489606080439473,-0.3659124323026012,-1.082535110732551,-0.3389263824032454,-0.3735369330632032,0.6279054331465134,-0.0469796019720442
0.8298442948674221,0.6439040036562634,-0.8925916317762641,-1.2883923110402715,-0.0940228401306786,0.0127641775944568,-1.1453513134941986,-0.9327141707003136,2.4448357629172137,-1.3902611870981454,-1.0129371484286014,-0.3616821166278091,-0.3242123322201614,-0.2266083655811306,1.816133954706112,-0.4684396830725553,2.353256281421644,-0.2968364669508921,-0.3019339255063415,-0.2648609196163668,-0.2506821295079583,-0.162435292576479,-0.162435292576479,-0.0507673082566809,-0.6921614352674402,-0.6860753842634565,-0.6040796973096797,-0.9897695519176712,-0.760324474345021,-0.4806377619661694,-0.270376493571209,-0.3497718661632084,1.3573937605162902,-0.161312111802187,1.2489606080439473,4.698372054003455,-1.7541557775187746,-0.9560852880068772,-1.2159678036621475,-1.592596507707975,1.225278097402639
-0.2195180407139187,-0.8695370056911885,-0.6741087731224461,-1.0991878986850707,-0.2586573046952529,-0.3788952095969881,-0.6252664758341786,-0.9327141707003136,-0.9265278375019044,-1.1100585321966658,0.9872280837476723,-0.3616821166278091,-0.3242123322201614,-0.2266083655811306,-0.5506201772224562,-0.4684396830725553,-0.4249430917893408,-0.2968364669508921,-0.3019339255063415,-0.2648609196163668,-0.2506821295079583,-0.162435292576479,-0.162435292576479,-0.0507673082566809,1.444749662502673,-0.6860753842634565,1.6554107089736416,-0.9897695519176712,-0.760324474345021,-0.4806377619661694,-0.270376493571209,0.1682783302942508,0.8210543264473853,-0.8067976084037375,-0.2380994038236817,-0.9252086295697168,-0.4109144439463271,-0.7424536617433286,-0.502799391811706,0.6279054331465134,-1.4073654770980677
0.3013138876167845,0.1015409670779626,0.2459677402460022,-0.3024089792480545,-1.0308620978674985,-0.5627977520834473,-1.1453513134941986,-0.9327141707003136,0.5521648940184223,0.2145210140329482,-1.0129371484286014,-0.3616821166278091,-0.3242123322201614,-0.2266083655811306,1.816133954706112,2.134746555716359,-0.4249430917893408,-0.2968364669508921,-0.3019339255063415,-0.2648609196163668,-0.2506821295079583,-0.162435292576479,-0.162435292576479,-0.0507673082566809,-0.6921614352674402,-0.6860753842634565,-0.6040796973096797,1.0103361919575191,-0.760324474345021,-0.4806377619661694,-0.270376493571209,-1.0915187054817956,0.988660399593918,1.959568805602908,0.8987384588068987,1.5413149696303206,-1.082535110732551,1.5488954169142566,-1.2065799197307596,-1.592596507707975,0.7605813097755951
0.2915810853824189,-0.0993303531080182,0.9880648336825424,1.852184681608192,2.254263907124014,1.529822715590658,1.289907454427131,2.303190510703673,-0.1519086692119281,-0.5878700865325985,-1.0129371484286014,-0.3616821166278091,-0.3242123322201614,-0.2266083655811306,1.816133954706112,2.134746555716359,-0.4249430917893408,-0.2968364669508921,-0.3019339255063415,-0.2648609196163668,-0.2506821295079583,-0.162435292576479,-0.162435292576479,-0.0507673082566809,-0.6921614352674402,-0.6860753842634565,-0.6040796973096797,1.0103361919575191,1.3152279503582291,-0.4806377619661694,-0.270376493571209,0.0211015534960852,-1.1231761220523953,-0.714585394603516,0.8987384588068987,-0.5339238871642866,-0.4109144439463271,-0.8160483523560984,1.2589892652056969,-1.592596507707975,0.4021503430817962
1.6480176291777155,0.4159303617294757,-0.4895189613963065,-0.5902768780440476,0.1768632741476764,-0.4141422234731402,-0.9239641527740776,-0.1237380003493169,0.4310339584088996,-0.5878700865325985,-1.0129371484286014,-0.3616821166278091,-0.3242123322201614,-0.2266083655811306,1.816133954706112,-0.4684396830725553,-0.4249430917893408,-0.2968364669508921,3.3119829059387924,-0.2648609196163668,-0.2506821295079583,-0.162435292576479,-0.162435292576479,-0.0507673082566809,-0.6921614352674402,1.4575657762062992,-0.6040796973096797,-0.9897695519176712,-0.760324474345021,-0.4806377619661694,-0.270376493571209,-1.0915187054817956,-0.8550064050179427,0.4841733847993635,-1.027483361996868,0.5647319781975643,0.2607062228398966,-0.6318579122728449,-0.9889689188245872,-1.592596507707975,0.712800176019386
-0.8321870645477218,-0.7527316980955241,-0.7699360307926155,-1.0969053538288076,-0.975195155581332,-1.26660087168228,-0.5401237387607145,-0.6359019926978804,-0.9289854121030484,0.2145210140329482,0.9872280837476723,-0.3616821166278091,-0.3242123322201614,-0.2266083655811306,-0.5506201772224562,-0.4684396830725553,-0.4249430917893408,-0.2968364669508921,-0.3019339255063415,-0.2648609196163668,3.989115626083163,-0.162435292576479,-0.162435292576479,-0.0507673082566809,-0.6921614352674402,-0.6860753842634565,1.6554107089736416,-0.9897695519176712,-0.760324474345021,-0.4806377619661694,-0.270376493571209,-0.002935367809199,0.1101062770960221,-0.8067976084037375,-0.7648167500690816,-0.9449838964192068,-0.4109144439463271,1.3477460517858404,-0.3643535773253186,0.6279054331465134,-1.7883269381126512
2.3329544791007777,-0.8635986941721022,0.6523456065230755,0.049511010525342,0.3632275684659631,-0.2397484891605337,-0.7025769920539569,-0.9327141707003136,0.173630720238664,-0.5878700865325985,-1.0129371484286014,-0.3616821166278091,-0.3242123322201614,-0.2266083655811306,1.816133954706112,-0.4684396830725553,-0.4249430917893408,-0.2968364669508921,-0.3019339255063415,-0.2648609196163668,-0.2506821295079583,-0.162435292576479,-0.162435292576479,-0.0507673082566809,1.444749662502673,-0.6860753842634565,-0.6040796973096797,-0.9897695519176712,1.3152279503582291,-0.4806377619661694,-0.270376493571209,-0.3497718661632084,0.988660399593918,1.959568805602908,0.1982941603328017,0.9099035527556936,-1.082535110732551,-0.6660776285658216,-0.7647962318755228,-1.592596507707975,0.5957275047412827
1.1358900124893403,1.382756926134642,-0.8925916317762641,-1.0846822276919734,-0.8139450612417463,-1.3375177437226564,0.6257459722667684,-0.1237380003493169,-0.9525084467561168,0.2145210140329482,-1.0129371484286014,-0.3616821166278091,-0.3242123322201614,-0.2266083655811306,1.816133954706112,-0.4684396830725553,-0.4249430917893408,3.368858315395045,-0.3019339255063415,-0.2648609196163668,-0.2506821295079583,-0.162435292576479,-0.162435292576479,-0.0507673082566809,-0.6921614352674402,-0.6860753842634565,1.6554107089736416,-0.9897695519176712,-0.760324474345021,-0.4806377619661694,-0.270376493571209,-1.0915187054817956,-0.218103327061118,0.760810026200028,-0.1519279889042467,-0.97380717425361,-0.4109144439463271,0.7839240422616546,1.2912485309074402,-1.592596507707975,-2.1477002018605544
-0.2188305874373378,-0.8683881045645842,0.6589559983173069,0.3985687270234543,0.8143451273293546,0.9799642102559964,2.6182304187478564,0.6852381700016797,-0.2503275543946652,1.016912114598495,0.9872280837476723,-0.3616821166278091,-0.3242123322201614,-0.2266083655811306,-0.5506201772224562,-0.4684396830725553,-0.4249430917893408,-0.2968364669508921,3.3119829059387924,-0.2648609196163668,-0.2506821295079583,-0.162435292576479,-0.162435292576479,-0.0507673082566809,-0.6921614352674402,-0.6860753842634565,1.6554107089736416,1.0103361919575191,1.3152279503582291,-0.4806377619661694,-0.270376493571209,-0.7206452858225021,0.8210543264473853,-0.8067976084037375,-1.027483361996868,-0.3908039660060378,0.9323268896261204,-0.2631039046120899,2.6301085314007087,0.6279054331465134,0.3279219411874569
-0.3204196144476568,-0.8524588508098313,0.3795863304769583,-0.1866963462289303,-0.0940228401306786,0.0127641775944568,-1.3667384742143194,-0.9327141707003136,0.5521648940184223,-1.3902611870981454,0.9872280837476723,-0.3616821166278091,-0.3242123322201614,-0.2266083655811306,-0.5506201772224562,-0.4684396830725553,-0.4249430917893408,-0.2968364669508921,-0.3019339255063415,-0.2648609196163668,-0.2506821295079583,-0.162435292576479,-0.162435292576479,-0.0507673082566809,1.444749662502673,-0.6860753842634565,-0.6040796973096797,-0.9897695519176712,1.3152279503582291,-0.4806377619661694,-0.270376493571209,0.3919749731553789,1.105984650796491,-0.8067976084037375,-0.6772612127598194,1.5413149696303206,-1.082535110732551,-0.9560852880068772,-1.4221629647615412,0.6279054331465134,0.7605813097755951
-0.1565832093976191,-0.8739900245017064,1.0775066592398548,0.4176970898875506,0.1911360880723318,-0.4007861815951902,0.4043588115466475,-0.9327141707003136,-0.1616610722515202,-0.5878700865325985,0.9872280837476723,-0.3616821166278091,-0.3242123322201614,-0.2266083655811306,-0.5506201772224562,-0.4684396830725553,-0.4249430917893408,-0.2968364669508921,-0.3019339255063415,-0.2648609196163668,-0.2506821295079583,-0.162435292576479,-0.162435292576479,-0.0507673082566809,1.444749662502673,-0.6860753842634565,-0.6040796973096797,1.0103361919575191,-0.760324474345021,-0.4806377619661694,-0.270376493571209,-1.0915187054817956,0.8880967557059984,-0.8067976084037375,-1.3777055112339165,0.3506223030637234,-1.082535110732551,-0.6347616441636459,0.3665324862508877,0.6279054331465134,0.3952095931918174
-0.2802539933391156,-0.8651903251218923,0.3254536708449299,0.4425499993022163,1.416182114485656,0.7798670516001477,1.0685202937070102,-0.1237380003493169,-0.2503275543946652,0.2145210140329482,0.9872280837476723,-0.3616821166278091,-0.3242123322201614,-0.2266083655811306,-0.5506201772224562,-0.4684396830725553,-0.4249430917893408,-0.2968364669508921,-0.3019339255063415,-0.2648609196163668,-0.2506821295079583,-0.162435292576479,-0.162435292576479,-0.0507673082566809,1.444749662502673,-0.6860753842634565,-0.6040796973096797,1.0103361919575191,-0.760324474345021,-0.4806377619661694,-0.270376493571209,-0.3497718661632084,-1.0226124781644754,-0.8067976084037375,-1.6403721231617028,-0.192961722051988,-1.082535110732551,-0.5927382265303691,1.054225171782056,0.6279054331465134,0.3279219411874569
0.5473586042681919,1.2708668847505975,-0.8307602841399786,-1.234846857329461,-0.0940228401306786,0.0127641775944568,-0.4811898313338359,-0.9327141707003136,-0.9165477002470398,-1.3902611870981454,-1.0129371484286014,2.7648588471103626,-0.3242123322201614,-0.2266083655811306,-0.5506201772224562,-0.4684396830725553,2.353256281421644,-0.2968364669508921,-0.3019339255063415,-0.2648609196163668,-0.2506821295079583,-0.162435292576479,-0.162435292576479,-0.0507673082566809,-0.6921614352674402,-0.6860753842634565,1.6554107089736416,-0.9897695519176712,-0.760324474345021,-0.4806377619661694,-0.270376493571209,-0.3497718661632084,0.0500663899733344,1.129658881400914,1.2489606080439473,-0.9085613278432318,-0.4109144439463271,-0.9560852880068772,-0.3484443763518561,0.6279054331465134,-1.248821549416582
1.0448692966565158,1.392490176455856,-0.5966556771832993,-0.8781447768400407,-0.970797339267907,-1.4880862470811076,-1.1453513134941986,-0.1237380003493169,0.809568132188658,-0.5878700865325985,-1.0129371484286014,-0.3616821166278091,-0.3242123322201614,-0.2266083655811306,1.816133954706112,2.134746555716359,-0.4249430917893408,-0.2968364669508921,-0.3019339255063415,-0.2648609196163668,-0.2506821295079583,-0.162435292576479,-0.162435292576479,-0.0507673082566809,-0.6921614352674402,-0.6860753842634565,-0.6040796973096797,1.0103361919575191,1.3152279503582291,-0.4806377619661694,-0.270376493571209,0.0211015534960852,1.1562664727404508,0.2997489571989205,0.8987384588068987,0.9856729227806488,-0.4109144439463271,0.2299851215201746,-1.2084636508144588,-1.592596507707975,0.8505509956763441
0.5473586042681919,1.2708668847505975,0.7351770402861569,0.1212423712657042,1.2002686350889815,0.5435277168067371,0.8471331329868893,-0.9327141707003136,0.5521648940184223,-0.5878700865325985,-1.0129371484286014,2.7648588471103626,-0.3242123322201614,-0.2266083655811306,-0.5506201772224562,-0.4684396830725553,-0.4249430917893408,-0.2968364669508921,-0.3019339255063415,3.775566442374484,-0.2506821295079583,-0.162435292576479,-0.162435292576479,-0.0507673082566809,-0.6921614352674402,-0.6860753842634565,-0.6040796973096797,1.0103361919575191,-0.760324474345021,-0.4806377619661694,-0.270376493571209,-1.0915187054817956,0.1673906411759073,1.129658881400914,-1.727927660470965,1.5413149696303206,-1.082535110732551,-0.7593412624586426,0.7336674855462749,0.6279054331465134,0.7605813097755951
-0.2767268230239199,-0.8644219250438638,-0.6507480295482895,0.1862718238493025,-1.308847450321919,0.0127641775944568,0.6257459722667684,0.6852381700016797,-0.24275687091907,0.2145210140329482,0.9872280837476723,-0.3616821166278091,-0.3242123322201614,-0.2266083655811306,-0.5506201772224562,2.134746555716359,-0.4249430917893408,-0.2968364669508921,-0.3019339255063415,-0.2648609196163668,-0.2506821295079583,-0.162435292576479,-0.162435292576479,-0.0507673082566809,-0.6921614352674402,-0.6860753842634565,-0.6040796973096797,1.0103361919575191,1.3152279503582291,2.08056894220972,-0.270376493571209,-0.3497718661632084,0.9383785776499582,-0.8067976084037375,0.8987384588068987,-0.3844898518372915,0.2607062228398966,1.5488954169142566,0.6027164971591419,0.6279054331465134,0.3339859301250376
-0.3241218895604818,-0.8508982922635842,0.686566476238334,0.0791460106560318,-0.0940228401306786,0.0127641775944568,-0.9239641527740776,-0.1237380003493169,-0.0534897840291909,-1.3902611870981454,0.9872280837476723,-0.3616821166278091,-0.3242123322201614,-0.2266083655811306,-0.5506201772224562,-0.4684396830725553,-0.4249430917893408,-0.2968364669508921,-0.3019339255063415,-0.2648609196163668,-0.2506821295079583,-0.162435292576479,-0.162435292576479,-0.0507673082566809,1.444749662502673,-0.6860753842634565,-0.6040796973096797,1.0103361919575191,1.3152279503582291,-0.4806377619661694,-0.270376493571209,1.1337218124739663,0.9383785776499582,-0.8067976084037375,-0.6772612127598194,0.0259275691312159,-0.4109144439463271,-0.9560852880068772,-0.9782659290340764,0.6279054331465134,0.4678569614949878
0.5467815041709473,1.2702805262664674,-0.8086719018031568,-0.90969959441147,-0.970797339267907,-0.6218564997625071,-0.7025769920539569,1.4942143403526764,-0.6440030951256138,1.016912114598495,-1.0129371484286014,2.7648588471103626,-0.3242123322201614,-0.2266083655811306,-0.5506201772224562,2.134746555716359,-0.4249430917893408,-0.2968364669508921,-0.3019339255063415,-0.2648609196163668,-0.2506821295079583,-0.162435292576479,-0.162435292576479,-0.0507673082566809,-0.6921614352674402,-0.6860753842634565,1.6554107089736416,1.0103361919575191,-0.760324474345021,-0.4806377619661694,-0.270376493571209,0.3919749731553789,0.1673906411759073,1.129658881400914,0.8987384588068987,-0.7721764617983125,0.2607062228398966,2.602125940574279,-0.7133024153016518,0.6279054331465134,-0.1337347709035075
0.8448494170716985,0.6681653593222568,1.058723472800149,0.4014310002987387,-0.6591742352462646,-1.1964793327458678,-0.7025769920539569,-0.9327141707003136,0.0222170507267607,-0.5878700865325985,-1.0129371484286014,-0.3616821166278091,-0.3242123322201614,-0.2266083655811306,1.816133954706112,2.134746555716359,-0.4249430917893408,-0.2968364669508921,-0.3019339255063415,-0.2648609196163668,-0.2506821295079583,-0.162435292576479,-0.162435292576479,-0.0507673082566809,-0.6921614352674402,-0.6860753842634565,-0.6040796973096797,-0.9897695519176712,-0.760324474345021,2.08056894220972,-0.270376493571209,1.1337218124739663,-1.290782195198928,-0.161312111802187,0.8987384588068987,0.657338986005843,-1.082535110732551,-0.2672155941535655,-0.7593838476603472,-1.592596507707975,0.5137247645196329
0.0768720985137531,1.128304213629994,0.1885298847168582,0.9513016210982148,0.0251402886256888,0.972347092622478,1.0685202937070102,0.6852381700016797,0.8171388156642531,0.2145210140329482,-1.0129371484286014,-0.3616821166278091,-0.3242123322201614,-0.2266083655811306,1.816133954706112,-0.4684396830725553,-0.4249430917893408,3.368858315395045,-0.3019339255063415,-0.2648609196163668,-0.2506821295079583,-0.162435292576479,-0.162435292576479,-0.0507673082566809,-0.6921614352674402,1.4575657762062992,-0.6040796973096797,-0.9897695519176712,1.3152279503582291,2.08056894220972,-0.270376493571209,0.8864975909290812,-0.1678215051171582,1.8673565918026864,-0.1519279889042467,0.4994861317871861,1.603947556412344,-0.238718186027432,0.927971731890708,-1.592596507707975,0.8529946737647605
-0.3387215606203466,-0.8487291017424007,-0.4541694882039842,-0.9087222328052752,0.8632220812640469,1.02476260072162,1.9540689365874937,-0.9327141707003136,-0.0913432014071667,0.2145210140329482,0.9872280837476723,-0.3616821166278091,-0.3242123322201614,-0.2266083655811306,-0.5506201772224562,-0.4684396830725553,-0.4249430917893408,-0.2968364669508921,-0.3019339255063415,3.775566442374484,-0.2506821295079583,-0.162435292576479,-0.162435292576479,-0.0507673082566809,-0.6921614352674402,-0.6860753842634565,-0.6040796973096797,1.0103361919575191,-0.760324474345021,-0.4806377619661694,-0.270376493571209,-0.3497718661632084,0.8545755410766919,-0.8067976084037375,-1.727927660470965,0.4679155609434548,-1.082535110732551,-0.5040636381416815,1.9152750133305487,0.6279054331465134,0.4434685311450744
0.5544477631845051,1.2709158510756215,-0.8594590582710318,-0.6715724202164579,-0.9188353760734584,0.1976271009832688,-0.0384155098935941,0.6852381700016797,-0.9195758979304433,2.6216943157295884,-1.0129371484286014,2.7648588471103626,-0.3242123322201614,-0.2266083655811306,-0.5506201772224562,2.134746555716359,-0.4249430917893408,-0.2968364669508921,-0.3019339255063415,-0.2648609196163668,-0.2506821295079583,-0.162435292576479,-0.162435292576479,-0.0507673082566809,-0.6921614352674402,1.4575657762062992,1.6554107089736416,-0.9897695519176712,-0.760324474345021,-0.4806377619661694,-0.270376493571209,0.7628483928146726,0.1673906411759073,1.129658881400914,0.8987384588068987,-0.9489715953820664,1.603947556412344,4.337211883141976,0.1962203197083877,0.6279054331465134,-1.2883562480525563
0.5495318889207613,1.270396445644209,-0.8583707620610057,-1.258757310909582,-1.0308620978674985,-1.54429292331748,-1.1453513134941986,-0.9327141707003136,-0.9596248892231763,-0.5878700865325985,-1.0129371484286014,2.7648588471103626,-0.3242123322201614,-0.2266083655811306,-0.5506201772224562,-0.4684396830725553,2.353256281421644,-0.2968364669508921,-0.3019339255063415,-0.2648609196163668,-0.2506821295079583,-0.162435292576479,-0.162435292576479,-0.0507673082566809,-0.6921614352674402,-0.6860753842634565,1.6554107089736416,-0.9897695519176712,-0.760324474345021,-0.4806377619661694,-0.270376493571209,-0.3497718661632084,0.0333057826586811,1.129658881400914,1.2489606080439473,-0.9804159470835644,-0.4109144439463271,0.2964050644536896,-1.0836090731650232,0.6279054331465134,-2.946693503038699
-0.3053682342258804,-0.8563862502354854,-0.5897844714838008,-0.9949050423739813,0.8702391968681517,0.2834682891507886,-0.4494511315237549,-0.8747255959772773,-0.874922341709537,-0.6453866339879539,0.9872280837476723,-0.3616821166278091,-0.3242123322201614,-0.2266083655811306,-0.5506201772224562,2.134746555716359,-0.4249430917893408,-0.2968364669508921,-0.3019339255063415,-0.2648609196163668,-0.2506821295079583,-0.162435292576479,-0.162435292576479,-0.0507673082566809,-0.6921614352674402,-0.6860753842634565,-0.6040796973096797,0.8669657372599986,-0.760324474345021,-0.4806377619661694,-0.270376493571209,-1.0915187054817956,0.3387196568438615,-0.8067976084037375,0.8987384588068987,-0.8406371073313597,-1.1306778455235778,-0.7535578461585605,-0.3545374415207362,0.6279054331465134,-0.8875809108749555
0.4816086885513749,1.242573806281715,-0.6198323557301468,-1.0129857727232612,-1.0308620978674985,-1.54429292331748,-0.9239641527740776,-0.1237380003493169,-0.9525084467561168,-0.5878700865325985,-1.0129371484286014,-0.3616821166278091,-0.3242123322201614,-0.2266083655811306,1.816133954706112,-0.4684396830725553,-0.4249430917893408,-0.2968364669508921,-0.3019339255063415,-0.2648609196163668,-0.2506821295079583,-0.162435292576479,-0.162435292576479,-0.0507673082566809,1.444749662502673,-0.6860753842634565,1.6554107089736416,-0.9897695519176712,-0.760324474345021,-0.4806377619661694,-0.270376493571209,-1.0915187054817956,-0.7544427611300231,0.8530222400002495,-1.6403721231617028,-0.97380717425361,-0.4109144439463271,0.2964050644536896,-0.8191826323906566,-1.592596507707975,-2.1477002018605544
-0.3387763864287746,-0.8532209665815249,1.1835147715497836,0.5094992693265541,0.456892909846514,-0.1520994643364875,-0.0384155098935941,-0.9327141707003136,-0.4713915118820441,-0.5878700865325985,0.9872280837476723,-0.3616821166278091,-0.3242123322201614,-0.2266083655811306,-0.5506201772224562,-0.4684396830725553,-0.4249430917893408,-0.2968364669508921,-0.3019339255063415,-0.2648609196163668,-0.2506821295079583,-0.162435292576479,-0.162435292576479,-0.0507673082566809,1.444749662502673,-0.6860753842634565,-0.6040796973096797,-0.9897695519176712,-0.760324474345021,-0.4806377619661694,3.698546374323143,0.3919749731553789,-1.173457943996355,-0.8067976084037375,0.373405234951326,-0.1660215015986706,-1.082535110732551,-0.6806861260130292,-0.0412895190730612,0.6279054331465134,0.1147566691823107
0.3352359924323741,0.7365742763406681,0.7727031058985309,0.8585569858246662,1.0394021281465111,0.5807089896388427,0.8471331329868893,-0.1237380003493169,-0.7960224193155648,1.016912114598495,-1.0129371484286014,-0.3616821166278091,-0.3242123322201614,-0.2266083655811306,1.816133954706112,-0.4684396830725553,-0.4249430917893408,-0.2968364669508921,-0.3019339255063415,-0.2648609196163668,-0.2506821295079583,-0.162435292576479,-0.162435292576479,-0.0507673082566809,1.444749662502673,1.4575657762062992,-0.6040796973096797,-0.9897695519176712,1.3152279503582291,-0.4806377619661694,-0.270376493571209,0.3919749731553789,-0.6874003318714099,-0.0690998980019654,0.373405234951326,-0.7997901877629628,0.9323268896261204,-0.3269709692014357,1.0391972196242638,-1.592596507707975,-0.5063665407292066
0.0206977311011558,0.5435659049884739,-0.3293781894543493,-0.8006539637774598,-0.0940228401306786,0.0127641775944568,-1.1453513134941986,-0.9327141707003136,-0.9464518999756408,-1.3902611870981454,-1.0129371484286014,-0.3616821166278091,-0.3242123322201614,-0.2266083655811306,1.816133954706112,-0.4684396830725553,-0.4249430917893408,-0.2968364669508921,-0.3019339255063415,-0.2648609196163668,-0.2506821295079583,-0.162435292576479,-0.162435292576479,-0.0507673082566809,1.444749662502673,-0.6860753842634565,1.6554107089736416,-0.9897695519176712,-0.760324474345021,-0.4806377619661694,-0.270376493571209,-1.0915187054817956,0.7204906825594656,0.576385598599585,0.0231830857142775,-0.9584428297763274,-0.4109144439463271,-0.9560852880068772,-1.131945393398328,-1.592596507707975,-1.8642204313963564
0.5533959391441422,1.2712099141863693,-0.1880609112191361,0.3937866363074301,0.456892909846514,0.1318903323652341,0.4043588115466475,1.4942143403526764,3.2284015026413133,0.2145210140329482,-1.0129371484286014,2.7648588471103626,-0.3242123322201614,-0.2266083655811306,-0.5506201772224562,-0.4684396830725553,-0.4249430917893408,-0.2968364669508921,-0.3019339255063415,-0.2648609196163668,-0.2506821295079583,-0.162435292576479,-0.162435292576479,-0.0507673082566809,1.444749662502673,-0.6860753842634565,-0.6040796973096797,1.0103361919575191,1.3152279503582291,2.08056894220972,3.698546374323143,1.1337218124739663,0.1673906411759073,1.129658881400914,-0.8523722873783437,1.8115590560526609,0.9323268896261204,-0.4052869640191812,0.2092625145093518,0.6279054331465134,1.3439058398972414
-0.2195180407139187,-0.8695370056911885,-0.3746835576050565,-0.5874146047687631,-0.2274216140254394,-0.3464924801069616,1.289907454427131,-0.1237380003493169,-0.5304428429916864,1.016912114598495,0.9872280837476723,-0.3616821166278091,-0.3242123322201614,-0.2266083655811306,-0.5506201772224562,-0.4684396830725553,-0.4249430917893408,-0.2968364669508921,3.3119829059387924,-0.2648609196163668,-0.2506821295079583,-0.162435292576479,-0.162435292576479,-0.0507673082566809,-0.6921614352674402,-0.6860753842634565,-0.6040796973096797,1.0103361919575191,1.3152279503582291,-0.4806377619661694,-0.270376493571209,1.1337218124739663,0.8210543264473853,-0.8067976084037375,-1.027483361996868,-0.5044580210434707,-0.4109144439463271,0.3512332099434868,1.3609783726260494,0.6279054331465134,0.041261602956486
-0.271702142291056,-0.8616983576897452,0.7582342481272697,0.1412097292864165,0.4210609858253735,0.1813348262622572,-1.1453513134941986,-0.9327141707003136,-0.7529580527490161,-1.020633501604787,0.9872280837476723,-0.3616821166278091,-0.3242123322201614,-0.2266083655811306,-0.5506201772224562,-0.4684396830725553,-0.4249430917893408,-0.2968364669508921,-0.3019339255063415,-0.2648609196163668,-0.2506821295079583,-0.162435292576479,-0.162435292576479,-0.0507673082566809,1.444749662502673,0.3014095468558739,-0.6040796973096797,-0.9897695519176712,0.3591086236078948,-0.4806377619661694,-0.270376493571209,0.7336664092220315,0.3781088537246905,-0.8067976084037375,0.2524058223770601,-0.6356867018052501,-0.4637605694428356,-0.8588750292203564,-1.1770860557347342,0.6279054331465134,-0.4563612827347817
0.1244736322890698,0.3606901158283541,1.2044745504095415,0.871925896366544,1.759324349257579,2.940137262640432,-0.0384155098935941,-0.1237380003493169,-0.2049034535410942,0.2145210140329482,-1.0129371484286014,-0.3616821166278091,-0.3242123322201614,-0.2266083655811306,1.816133954706112,-0.4684396830725553,-0.4249430917893408,3.368858315395045,-0.3019339255063415,-0.2648609196163668,-0.2506821295079583,-0.162435292576479,-0.162435292576479,-0.0507673082566809,-0.6921614352674402,-0.6860753842634565,-0.6040796973096797,1.0103361919575191,1.3152279503582291,-0.4806377619661694,-0.270376493571209,1.50459523213326,-0.6203579026127968,0.576385598599585,-0.1519279889042467,-0.1424488087020178,-0.4109144439463271,-0.632170446302212,-0.0762882721402272,-1.592596507707975,0.3633791220702355
0.5495318889207613,1.270396445644209,-0.2631533497109222,-0.1866963462289303,0.0842014899962029,-0.3283713920381806,0.4043588115466475,-0.1237380003493169,0.6846518548413377,0.2145210140329482,-1.0129371484286014,2.7648588471103626,-0.3242123322201614,-0.2266083655811306,-0.5506201772224562,-0.4684396830725553,-0.4249430917893408,-0.2968364669508921,-0.3019339255063415,-0.2648609196163668,3.989115626083163,-0.162435292576479,-0.162435292576479,-0.0507673082566809,-0.6921614352674402,1.4575657762062992,-0.6040796973096797,-0.9897695519176712,1.3152279503582291,-0.4806377619661694,-0.270376493571209,-0.3497718661632084,0.1673906411759073,1.129658881400914,-0.7648167500690816,0.846762411068231,0.9323268896261204,-0.2672155941535655,0.2944172159034166,0.6279054331465134,0.8086488929454945
0.320563459813962,0.7372615942917798,0.7785124712090196,0.8609229782776626,1.0289779602096891,0.5754855718870734,0.830844259831673,-0.1237380003493169,-0.7914214032761469,0.9947732174926182,-1.0129371484286014,-0.3616821166278091,-0.3242123322201614,-0.2266083655811306,1.816133954706112,-0.4684396830725553,-0.4249430917893408,-0.2968364669508921,-0.3019339255063415,-0.2648609196163668,-0.2506821295079583,-0.162435292576479,-0.162435292576479,-0.0507673082566809,1.444749662502673,1.4575657762062992,-0.6040796973096797,-0.9713744761525336,1.2961389875752125,-0.4806377619661694,-0.270376493571209,0.378331205220009,-0.6984990001545326,-0.0716441394719784,0.3766262461351461,-0.7946737249127649,0.9323268896261204,-0.3327569660642501,1.020717033188464,-1.592596507707975,-0.4990411643281446
1.1606047593824278,0.5842692510514212,1.1757757762784886,0.5027973611697905,0.1442662485957942,1.4164007037052553,-0.0384155098935941,-0.9327141707003136,-0.8105581315887075,0.2145210140329482,-1.0129371484286014,-0.3616821166278091,-0.3242123322201614,-0.2266083655811306,1.816133954706112,-0.4684396830725553,-0.4249430917893408,-0.2968364669508921,-0.3019339255063415,3.775566442374484,-0.2506821295079583,-0.162435292576479,-0.162435292576479,-0.0507673082566809,-0.6921614352674402,-0.6860753842634565,-0.6040796973096797,1.0103361919575191,-0.760324474345021,-0.4806377619661694,-0.270376493571209,-0.3497718661632084,-0.1175396831731984,2.051781019403129,-1.727927660470965,-0.7317661311183363,-1.082535110732551,-0.2939652439341054,0.0633821741373198,-1.592596507707975,-0.5588956342250347
0.4476868435737411,1.2674334084656218,3.5036413695238577,2.5187103912613376,2.4090347331194955,1.6746522947046774,-0.259802670613715,-0.9327141707003136,-0.9411524215427242,-0.5878700865325985,-1.0129371484286014,-0.3616821166278091,-0.3242123322201614,-0.2266083655811306,1.816133954706112,2.134746555716359,-0.4249430917893408,-0.2968364669508921,-0.3019339255063415,-0.2648609196163668,-0.2506821295079583,-0.162435292576479,-0.162435292576479,-0.0507673082566809,-0.6921614352674402,-0.6860753842634565,1.6554107089736416,-0.9897695519176712,-0.760324474345021,-0.4806377619661694,-0.270376493571209,-0.3497718661632084,0.6031664313568926,0.8530222400002495,0.8987384588068987,-0.9496030699400828,-0.4109144439463271,-0.8217346046481943,-0.0025934963629972,-1.592596507707975,-1.695883781643592
-0.2199346129227895,-0.868338223435474,-0.8925916317762641,-1.2883923110402715,-0.0940228401306786,0.0127641775944568,-0.9239641527740776,-0.9327141707003136,-0.8870220346922186,-1.3902611870981454,0.9872280837476723,-0.3616821166278091,-0.3242123322201614,-0.2266083655811306,-0.5506201772224562,-0.4684396830725553,2.353256281421644,-0.2968364669508921,-0.3019339255063415,-0.2648609196163668,-0.2506821295079583,-0.162435292576479,-0.162435292576479,-0.0507673082566809,-0.6921614352674402,-0.6860753842634565,-0.6040796973096797,1.0103361919575191,-0.760324474345021,-0.4806377619661694,-0.270376493571209,-0.3497718661632084,0.8210543264473853,-0.8067976084037375,1.2489606080439473,-0.859311237327011,-1.082535110732551,-0.9560852880068772,-0.9034622075265644,0.6279054331465134,-0.961856819492692
-2.7610042135312765,0.8917639440460663,0.3038697374184096,-0.2522663116873177,-0.0940228401306786,0.0127641775944568,-0.7337750349203818,-0.0075433750198085,-0.576892762507872,-1.3902611870981454,-1.0129371484286014,-0.3616821166278091,-0.3242123322201614,-0.2266083655811306,1.816133954706112,2.134746555716359,-0.4249430917893408,-0.2968364669508921,-0.3019339255063415,-0.2648609196163668,-0.2506821295079583,-0.162435292576479,-0.162435292576479,-0.0507673082566809,-0.6921614352674402,0.2317977803302252,0.6879327337280752,-0.9897695519176712,-0.760324474345021,-0.4806377619661694,-0.270376493571209,-0.4563102281604174,1.1227452581111443,-0.4379487532028515,0.8987384588068987,-0.5550222863599761,-0.1233371207461612,-0.9560852880068772,-0.7604395315665128,-1.592596507707975,-0.0343403491476233
2.3439130928699288,-0.8654111950670217,-0.3647276626466715,-0.8312663255143441,-0.6581706780171873,-1.0887962451048965,-0.7025769920539569,-0.9327141707003136,-0.924118383722635,0.2145210140329482,-1.0129371484286014,-0.3616821166278091,-0.3242123322201614,-0.2266083655811306,1.816133954706112,-0.4684396830725553,-0.4249430917893408,-0.2968364669508921,-0.3019339255063415,-0.2648609196163668,-0.2506821295079583,6.156297588648554,-0.162435292576479,-0.0507673082566809,-0.6921614352674402,-0.6860753842634565,-0.6040796973096797,1.0103361919575191,-0.760324474345021,-0.4806377619661694,-0.270376493571209,-1.0915187054817956,0.988660399593918,1.959568805602908,-1.2025944366153922,-0.9211895561807244,-1.082535110732551,0.4197966590711909,-0.6064776584619174,-1.592596507707975,-1.3532992073784889
-0.2795434664521648,-0.850504484571989,-0.5877880784349402,0.2522437322674457,0.0037682365249678,-0.1520994643364875,1.7326817758673727,1.4942143403526764,1.630987289290733,0.2145210140329482,0.9872280837476723,-0.3616821166278091,-0.3242123322201614,-0.2266083655811306,-0.5506201772224562,-0.4684396830725553,-0.4249430917893408,-0.2968364669508921,-0.3019339255063415,-0.2648609196163668,-0.2506821295079583,-0.162435292576479,-0.162435292576479,-0.0507673082566809,1.444749662502673,1.4575657762062992,-0.6040796973096797,1.0103361919575191,1.3152279503582291,2.08056894220972,-0.270376493571209,-0.1643351563335615,-0.8885276196472492,-0.8067976084037375,-1.3777055112339165,0.7457365843682907,2.275568223198568,-0.2278162385795469,1.5075144059483965,0.6279054331465134,1.0688515220411652
0.8018987721361595,0.5567093813383912,1.13265055534025,0.4654512639263622,-0.0940228401306786,0.0127641775944568,-1.153688710815194,-0.9327141707003136,-0.9431876476436476,-1.3902611870981454,-1.0129371484286014,-0.3616821166278091,-0.3242123322201614,-0.2266083655811306,1.816133954706112,-0.4684396830725553,-0.4249430917893408,-0.2968364669508921,-0.3019339255063415,-0.2648609196163668,-0.2506821295079583,-0.162435292576479,-0.162435292576479,-0.0507673082566809,1.444749662502673,1.4575657762062992,-0.6040796973096797,-0.9897695519176712,-0.760324474345021,-0.4806377619661694,-0.270376493571209,-1.0915187054817956,1.113559065251362,1.8969364317367088,0.0363723835909218,-0.952997915333334,0.2607062228398966,-0.9560852880068772,-1.153727787465687,-1.592596507707975,-1.775501884992446
0.421341873353271,1.232887798741595,-0.5844828825378245,-1.0215725925491148,-0.0940228401306786,0.0127641775944568,-0.7025769920539569,-0.9327141707003136,-0.924118383722635,-1.3902611870981454,-1.0129371484286014,-0.3616821166278091,-0.3242123322201614,-0.2266083655811306,1.816133954706112,-0.4684396830725553,-0.4249430917893408,-0.2968364669508921,-0.3019339255063415,-0.2648609196163668,3.989115626083163,-0.162435292576479,-0.162435292576479,-0.0507673082566809,-0.6921614352674402,1.4575657762062992,-0.6040796973096797,-0.9897695519176712,-0.760324474345021,-0.4806377619661694,-0.270376493571209,-1.0915187054817956,1.5585210482921297,1.4062955228015783,-0.7648167500690816,-0.9211895561807244,0.2607062228398966,-0.9560852880068772,-0.6064776584619174,-1.592596507707975,-1.3532992073784889
-0.3238384323357717,-0.8498805837655586,0.8146629708850844,1.9793464077284544,0.8296214984830871,0.1966880042887252,2.1754560973076145,-0.1237380003493169,2.899076771452924,-0.5878700865325985,0.9872280837476723,-0.3616821166278091,-0.3242123322201614,-0.2266083655811306,-0.5506201772224562,-0.4684396830725553,-0.4249430917893408,-0.2968364669508921,-0.3019339255063415,-0.2648609196163668,-0.2506821295079583,-0.162435292576479,6.156297588648554,-0.0507673082566809,-0.6921614352674402,-0.6860753842634565,-0.6040796973096797,-0.9897695519176712,-0.760324474345021,2.08056894220972,-0.270376493571209,0.7628483928146726,0.9383785776499582,-0.8067976084037375,-1.4652610485431783,3.309266936879276,-1.082535110732551,-0.7266723519138586,1.854933628041132,0.6279054331465134,1.297001792086062
0.5510890977828896,1.2710164795251506,-0.2995911191132704,-0.7748585985282492,-0.6581706780171873,-1.032589568868524,-0.259802670613715,-0.9327141707003136,-0.8105581315887075,0.2145210140329482,-1.0129371484286014,2.7648588471103626,-0.3242123322201614,-0.2266083655811306,-0.5506201772224562,-0.4684396830725553,-0.4249430917893408,-0.2968364669508921,-0.3019339255063415,-0.2648609196163668,-0.2506821295079583,6.156297588648554,-0.162435292576479,-0.0507673082566809,-0.6921614352674402,-0.6860753842634565,-0.6040796973096797,1.0103361919575191,-0.760324474345021,-0.4806377619661694,-0.270376493571209,0.3919749731553789,0.1673906411759073,1.129658881400914,-1.2025944366153922,-0.7317661311183363,-1.082535110732551,0.4197966590711909,-0.1842086823458237,0.6279054331465134,-0.5588956342250347
0.8897099202635684,0.650172091000225,-0.3845991452964035,-0.1790519822376216,0.0251402886256888,-0.5561197311444723,-0.0384155098935941,-0.1237380003493169,-0.6061496777476381,-0.5878700865325985,-1.0129371484286014,-0.3616821166278091,-0.3242123322201614,-0.2266083655811306,1.816133954706112,-0.4684396830725553,-0.4249430917893408,-0.2968364669508921,-0.3019339255063415,-0.2648609196163668,-0.2506821295079583,-0.162435292576479,-0.162435292576479,-0.0507673082566809,1.444749662502673,1.4575657762062992,-0.6040796973096797,1.0103361919575191,-0.760324474345021,-0.4806377619661694,-0.270376493571209,-1.0915187054817956,-0.6538791172421033,-0.161312111802187,0.6360718468791124,-0.5886462099600875,0.9323268896261204,-0.5974017370171547,-0.0141871240603653,-1.592596507707975,-0.069280214208114
1.008355568081396,1.3942108920074152,1.2368484672386355,1.9602755494717703,0.1209529765408774,-0.4664612882481042,-0.9846340469404684,0.0979573250646754,1.161109987736536,-0.5878700865325985,-1.0129371484286014,-0.3616821166278091,3.0843984038242387,-0.2266083655811306,-0.5506201772224562,1.4213581501331165,-0.4249430917893408,-0.2968364669508921,-0.3019339255063415,-0.2648609196163668,-0.2506821295079583,-0.162435292576479,-0.162435292576479,-0.0507673082566809,-0.106553084164378,1.4575657762062992,-0.6040796973096797,-0.9897695519176712,1.3152279503582291,-0.4806377619661694,-0.270376493571209,0.593462244338967,-1.5086700902894206,0.1153245295984775,0.8267561654576943,1.076670793123501,0.9323268896261204,-0.5690759111008212,-1.0521802029738063,0.6279054331465134,0.8892955341128931
0.3013138876167845,0.1015409670779626,-0.3183339982859384,0.2962250045462076,-0.0940228401306786,0.0127641775944568,-1.3667384742143194,0.6852381700016797,0.4537460088356851,-1.3902611870981454,0.9872280837476723,-0.3616821166278091,-0.3242123322201614,-0.2266083655811306,-0.5506201772224562,-0.4684396830725553,-0.4249430917893408,-0.2968364669508921,-0.3019339255063415,-0.2648609196163668,-0.2506821295079583,-0.162435292576479,-0.162435292576479,-0.0507673082566809,1.444749662502673,1.4575657762062992,-0.6040796973096797,1.0103361919575191,-0.760324474345021,-0.4806377619661694,-0.270376493571209,-0.3497718661632084,-0.1343002904878517,-0.8067976084037375,0.7236273841883746,0.1964086516873652,0.9323268896261204,-0.9560852880068772,-1.4221629647615412,0.6279054331465134,0.7220678977544488
-0.2866209237950053,-0.8543920226989111,-0.1558668255894738,-0.28387130075267,-0.3067588208624278,-0.1176906872781812,-0.2147474524034218,-0.1237380003493169,0.9584436565405364,0.4559430921831275,0.9872280837476723,-0.3616821166278091,-0.3242123322201614,-0.2266083655811306,-0.5506201772224562,2.134746555716359,-0.4249430917893408,-0.2968364669508921,-0.3019339255063415,-0.2648609196163668,-0.2506821295079583,-0.162435292576479,-0.162435292576479,-0.0507673082566809,-0.6921614352674402,-0.6860753842634565,-0.6040796973096797,1.0103361919575191,1.3152279503582291,-0.4806377619661694,-0.270376493571209,-0.0904862141669685,0.844489734676021,-0.8067976084037375,0.8987384588068987,1.151226809818715,-0.4109144439463271,0.2396995026938643,-0.3044587254613132,0.6279054331465134,0.8687600061451699
0.5539605670195644,1.2708519915632934,-0.8031498062189516,-0.5711485151799509,-1.0155857267137656,-0.1816288381760173,0.4043588115466475,1.4942143403526764,-0.6969981065752843,1.016912114598495,-1.0129371484286014,2.7648588471103626,-0.3242123322201614,-0.2266083655811306,-0.5506201772224562,-0.4684396830725553,-0.4249430917893408,-0.2968364669508921,-0.3019339255063415,3.775566442374484,-0.2506821295079583,-0.162435292576479,-0.162435292576479,-0.0507673082566809,-0.6921614352674402,1.4575657762062992,-0.6040796973096797,1.0103361919575191,-0.760324474345021,-0.4806377619661694,-0.270376493571209,-0.7206452858225021,0.1673906411759073,1.129658881400914,-1.727927660470965,-0.8075356526820316,0.9323268896261204,2.801385769374823,0.4895804998543323,0.6279054331465134,-0.2382130837699034
-2.1573419560380294,0.2204598415812027,-0.5911335815990938,-1.0273320448713337,0.4742135642446634,1.3506639350872205,1.289907454427131,-0.9327141707003136,-0.5834376273208526,2.6216943157295884,-1.0129371484286014,-0.3616821166278091,-0.3242123322201614,4.412899750790439,-0.5506201772224562,-0.4684396830725553,2.353256281421644,-0.2968364669508921,-0.3019339255063415,-0.2648609196163668,-0.2506821295079583,-0.162435292576479,-0.162435292576479,-0.0507673082566809,-0.6921614352674402,-0.6860753842634565,-0.6040796973096797,1.0103361919575191,-0.760324474345021,-0.4806377619661694,-0.270376493571209,0.3919749731553789,-1.8774034512117928,1.6829321642022432,1.2489606080439473,-0.3529192809935602,-1.082535110732551,0.4082022248232414,1.3831805793074443,-1.592596507707975,-0.0338230369830465
-0.3168255358591416,-0.8483951319606274,0.0537826910088384,-0.0910894376800974,-0.1550911559593474,-0.1520994643364875,-0.4811898313338359,-0.1237380003493169,1.3092332415779389,0.2145210140329482,0.9872280837476723,-0.3616821166278091,-0.3242123322201614,-0.2266083655811306,-0.5506201772224562,2.134746555716359,-0.4249430917893408,-0.2968364669508921,-0.3019339255063415,-0.2648609196163668,-0.2506821295079583,-0.162435292576479,-0.162435292576479,-0.0507673082566809,-0.6921614352674402,-0.6860753842634565,-0.6040796973096797,1.0103361919575191,1.3152279503582291,-0.4806377619661694,-0.270376493571209,0.0211015534960852,0.8545755410766919,-0.8067976084037375,0.8987384588068987,1.5413149696303206,-0.4109144439463271,-0.135073794230211,-0.5790244609484031,0.6279054331465134,0.9929297019973355
-0.3101249646039847,-0.855302428716603,0.8157915743621486,1.0067668922497648,1.5719564977102154,0.8913413073783494,0.8471331329868893,-0.1237380003493169,1.3470866589559147,-0.5878700865325985,0.9872280837476723,-0.3616821166278091,-0.3242123322201614,-0.2266083655811306,-0.5506201772224562,-0.4684396830725553,-0.4249430917893408,-0.2968364669508921,3.3119829059387924,-0.2648609196163668,-0.2506821295079583,-0.162435292576479,-0.162435292576479,-0.0507673082566809,-0.6921614352674402,-0.6860753842634565,-0.6040796973096797,-0.9897695519176712,-0.760324474345021,-0.4806377619661694,3.698546374323143,1.50459523213326,-0.0002154319706254,-0.8067976084037375,-1.027483361996868,1.583409064088629,-1.082535110732551,-0.7839259683139458,0.6837724313511429,0.6279054331465134,1.002401680441375
-0.2509501184102369,-0.8682905740747869,0.1487869194173945,-0.3865667946957493,-0.2874863726250308,-0.8486657421742554,-0.259802670613715,-0.9327141707003136,-0.7348512968327559,-0.5878700865325985,0.9872280837476723,-0.3616821166278091,-0.3242123322201614,-0.2266083655811306,-0.5506201772224562,-0.4684396830725553,2.353256281421644,-0.2968364669508921,-0.3019339255063415,-0.2648609196163668,-0.2506821295079583,-0.162435292576479,-0.162435292576479,-0.0507673082566809,-0.6921614352674402,-0.6860753842634565,-0.6040796973096797,1.0103361919575191,-0.760324474345021,-0.4806377619661694,-0.270376493571209,-1.0915187054817956,1.0557028288525312,-0.8067976084037375,1.2489606080439473,-0.605483847743411,-1.082535110732551,-0.4968388254380028,-0.2157496635831015,0.6279054331465134,-0.3265473279595058
-0.3387763864287746,-0.8532209665815249,-0.0853579948063229,-0.5893344222095027,0.3296269856850035,-0.1253873805805875,1.289907454427131,-0.9327141707003136,-0.1291966187851426,0.2145210140329482,0.9872280837476723,-0.3616821166278091,-0.3242123322201614,-0.2266083655811306,-0.5506201772224562,-0.4684396830725553,-0.4249430917893408,-0.2968364669508921,3.3119829059387924,-0.2648609196163668,-0.2506821295079583,-0.162435292576479,-0.162435292576479,-0.0507673082566809,-0.6921614352674402,-0.6860753842634565,-0.6040796973096797,-0.9897695519176712,1.3152279503582291,-0.4806377619661694,-0.270376493571209,0.3919749731553789,-1.173457943996355,-0.8067976084037375,-1.027483361996868,0.4047744192559921,-1.082535110732551,-0.3648188941238123,1.2546822757352631,0.6279054331465134,0.4179958212511992
2.338965778213674,-0.8668379491527326,-0.8285433844528889,-0.4410896100127545,-1.094011865726846,-0.774337977869102,-1.1453513134941986,-0.1237380003493169,-0.2806102882970459,0.2145210140329482,-1.0129371484286014,-0.3616821166278091,-0.3242123322201614,-0.2266083655811306,1.816133954706112,-0.4684396830725553,-0.4249430917893408,-0.2968364669508921,-0.3019339255063415,-0.2648609196163668,-0.2506821295079583,6.156297588648554,-0.162435292576479,-0.0507673082566809,-0.6921614352674402,1.4575657762062992,-0.6040796973096797,1.0103361919575191,-0.760324474345021,-0.4806377619661694,-0.270376493571209,-1.0915187054817956,0.988660399593918,1.959568805602908,-1.2025944366153922,-0.2266369976186348,0.9323268896261204,1.5488954169142566,-1.1964613406214462,-1.592596507707975,0.3030031628278034
-0.2769684723217299,-0.863226978778232,0.7859641967540314,0.1652236435444661,1.0444942518644222,2.417929937756213,-0.259802670613715,-0.1237380003493169,0.9079870173713952,2.6216943157295884,0.9872280837476723,-0.3616821166278091,-0.3242123322201614,-0.2266083655811306,-0.5506201772224562,-0.4684396830725553,2.353256281421644,-0.2968364669508921,-0.3019339255063415,-0.2648609196163668,-0.2506821295079583,-0.162435292576479,-0.162435292576479,-0.0507673082566809,-0.6921614352674402,-0.6860753842634565,-0.6040796973096797,1.0103361919575191,1.3152279503582291,-0.4806377619661694,-0.270376493571209,1.1337218124739663,-0.9555700489058624,-0.8067976084037375,1.2489606080439473,1.095117568372251,-0.4109144439463271,0.0902566736148977,-0.3568719011872873,0.6279054331465134,0.8815337650358057
-0.3243334513986745,-0.8520831003802628,0.754303822751896,0.6573019244785139,-0.0940228401306786,0.0127641775944568,-0.9208859278955656,-0.1293621082822198,2.660377143643882,-1.3902611870981454,0.9872280837476723,-0.3616821166278091,-0.3242123322201614,-0.2266083655811306,-0.5506201772224562,-0.4684396830725553,-0.4249430917893408,-0.2968364669508921,-0.3019339255063415,-0.2648609196163668,-0.2506821295079583,-0.162435292576479,-0.162435292576479,-0.0507673082566809,1.444749662502673,-0.6860753842634565,-0.6040796973096797,-0.9897695519176712,-0.760324474345021,2.062763098884928,3.698546374323143,2.606902049415059,-0.0075563135501358,-0.8067976084037375,-0.6699568424705891,3.051434784622629,-0.4155836384892703,-0.9560852880068772,-1.0081459903341383,0.6279054331465134,1.2598188357889433
1.0000567336024708,1.3957288240610977,0.02601760044673,0.3571399997027715,0.3923109746108724,-0.2125331697094876,-0.9047567250389082,-0.0535516748146825,0.1475874775444538,-0.5878700865325985,-1.0129371484286014,-0.3616821166278091,3.0843984038242387,-0.2266083655811306,-0.5506201772224562,2.134746555716359,-0.4249430917893408,-0.2968364669508921,-0.3019339255063415,-0.2648609196163668,-0.2506821295079583,-0.162435292576479,-0.162435292576479,-0.0507673082566809,-0.6921614352674402,-0.5000942616638959,-0.6040796973096797,0.8368081227902797,1.3152279503582291,-0.2584288835232082,-0.270376493571209,-0.0325242563209378,1.5090042823390128,0.1153245295984775,0.8987384588068987,0.2293810539769779,-0.236106130120246,-0.6647356358011556,-0.9638906355369732,0.6279054331465134,0.5804655406908323
1.7547735079321616,-0.8844620166872974,-0.7434950510027178,-1.1592758617076202,-0.0940228401306786,0.0127641775944568,-0.7025769920539569,-0.9327141707003136,-0.4320239578089492,-1.3902611870981454,-1.0129371484286014,-0.3616821166278091,-0.3242123322201614,-0.2266083655811306,1.816133954706112,-0.4684396830725553,-0.4249430917893408,-0.2968364669508921,-0.3019339255063415,-0.2648609196163668,-0.2506821295079583,-0.162435292576479,-0.162435292576479,-0.0507673082566809,1.444749662502673,-0.6860753842634565,-0.6040796973096797,1.0103361919575191,-0.760324474345021,-0.4806377619661694,-0.270376493571209,-1.0915187054817956,1.2568301166283706,1.314083309001357,0.7236273841883746,-0.1003547142437094,-1.082535110732551,-0.9560852880068772,-0.7349058383093798,-1.592596507707975,0.1589895419031008
0.5473586042681919,1.2708668847505975,-0.6231375516272625,-0.6161071490649079,-1.0308620978674985,-1.54429292331748,-0.9239641527740776,-0.1237380003493169,-0.1443379857363329,-0.5878700865325985,-1.0129371484286014,2.7648588471103626,-0.3242123322201614,-0.2266083655811306,-0.5506201772224562,-0.4684396830725553,-0.4249430917893408,-0.2968364669508921,3.3119829059387924,-0.2648609196163668,-0.2506821295079583,-0.162435292576479,-0.162435292576479,-0.0507673082566809,-0.6921614352674402,1.4575657762062992,-0.6040796973096797,1.0103361919575191,-0.760324474345021,-0.4806377619661694,-0.270376493571209,-0.3497718661632084,0.1673906411759073,1.129658881400914,-1.027483361996868,-0.0750982575687243,0.9323268896261204,0.2964050644536896,-0.9755460068460484,0.6279054331465134,0.4074810011913673
0.5473586042681919,1.2708668847505975,-0.598832269603351,-0.0298647142063285,-0.4402500841623579,-0.116831166252526,-0.259802670613715,2.303190510703673,-0.6057022503542303,1.016912114598495,-1.0129371484286014,2.7648588471103626,-0.3242123322201614,-0.2266083655811306,-0.5506201772224562,-0.4684396830725553,-0.4249430917893408,3.368858315395045,-0.3019339255063415,-0.2648609196163668,-0.2506821295079583,-0.162435292576479,-0.162435292576479,-0.0507673082566809,-0.6921614352674402,1.4575657762062992,1.6554107089736416,-0.9897695519176712,-0.760324474345021,-0.4806377619661694,-0.270376493571209,0.3919749731553789,0.1673906411759073,1.129658881400914,-0.1519279889042467,-0.7862396778158887,1.603947556412344,0.6403682319312729,-0.2489398657459027,0.6279054331465134,-0.0685600976043872
-0.3215052174221238,-0.8495191919579034,0.3651966361443936,-0.199157706707913,0.456892909846514,-0.1520994643364875,-0.4811898313338359,-0.9327141707003136,0.5521648940184223,-0.5878700865325985,0.9872280837476723,-0.3616821166278091,-0.3242123322201614,-0.2266083655811306,-0.5506201772224562,-0.4684396830725553,-0.4249430917893408,-0.2968364669508921,-0.3019339255063415,-0.2648609196163668,-0.2506821295079583,-0.162435292576479,-0.162435292576479,-0.0507673082566809,1.444749662502673,-0.6860753842634565,-0.6040796973096797,-0.9897695519176712,1.3152279503582291,-0.4806377619661694,-0.270376493571209,0.3919749731553789,0.9383785776499582,-0.8067976084037375,0.6360718468791124,1.5413149696303206,-1.082535110732551,-0.6806861260130292,-0.5598307846384148,0.6279054331465134,0.7605813097755951
-0.3189605463809947,-0.8547082391559432,0.105698450953777,-0.3655535201625629,0.2389723159916846,0.264337747654904,0.4043588115466475,-0.1237380003493169,0.6089450200853861,1.016912114598495,0.9872280837476723,-0.3616821166278091,-0.3242123322201614,-0.2266083655811306,-0.5506201772224562,-0.4684396830725553,-0.4249430917893408,-0.2968364669508921,3.3119829059387924,-0.2648609196163668,-0.2506821295079583,-0.162435292576479,-0.162435292576479,-0.0507673082566809,-0.6921614352674402,-0.6860753842634565,-0.6040796973096797,1.0103361919575191,1.3152279503582291,-0.4806377619661694,-0.270376493571209,-0.3497718661632084,-0.0002154319706254,-0.8067976084037375,-1.027483361996868,0.7625742221516142,-0.4109144439463271,-0.0202058017466039,0.2989440477683486,0.6279054331465134,0.7816772492954205
-0.3456937924570755,-0.8481180833220221,-0.0997073818718494,-0.1733274356870526,-0.1948245884735573,-0.7619558140447525,-0.259802670613715,-0.1237380003493169,0.0070756837755703,-0.5878700865325985,0.9872280837476723,-0.3616821166278091,-0.3242123322201614,-0.2266083655811306,-0.5506201772224562,-0.4684396830725553,-0.4249430917893408,3.368858315395045,-0.3019339255063415,-0.2648609196163668,-0.2506821295079583,-0.162435292576479,-0.162435292576479,-0.0507673082566809,-0.6921614352674402,-0.6860753842634565,-0.6040796973096797,1.0103361919575191,1.3152279503582291,-0.4806377619661694,-0.270376493571209,0.0211015534960852,-1.4583882683454608,-0.8067976084037375,-0.1519279889042467,0.0932781202645095,-0.4109144439463271,-0.532074150929161,-0.3165448397129898,0.6279054331465134,0.5048402202984124
0.5471489150388008,1.2706385372764115,-0.8892864358791485,-0.887708958272089,-1.039002062058903,-1.117386522249883,-0.259802670613715,0.6852381700016797,-0.8938356498202543,1.016912114598495,-1.0129371484286014,2.7648588471103626,-0.3242123322201614,-0.2266083655811306,-0.5506201772224562,-0.4684396830725553,-0.4249430917893408,-0.2968364669508921,-0.3019339255063415,-0.2648609196163668,-0.2506821295079583,-0.162435292576479,-0.162435292576479,-0.0507673082566809,1.444749662502673,-0.6860753842634565,1.6554107089736416,-0.9897695519176712,-0.760324474345021,-0.4806377619661694,-0.270376493571209,-0.7206452858225021,0.1673906411759073,1.129658881400914,0.8111829214976366,-0.9275036703494708,-0.4109144439463271,2.801385769374823,-0.1170091508632341,0.6279054331465134,-1.0164734660001886
1.0168717570445651,1.3802281336398856,-0.7556678456481924,0.5353295403474146,0.0842014899962029,0.5540316872419997,-0.259802670613715,1.4942143403526764,2.7272222565569133,1.016912114598495,-1.0129371484286014,-0.3616821166278091,3.0843984038242387,-0.2266083655811306,-0.5506201772224562,2.134746555716359,-0.4249430917893408,-0.2968364669508921,-0.3019339255063415,-0.2648609196163668,-0.2506821295079583,-0.162435292576479,-0.162435292576479,-0.0507673082566809,-0.6921614352674402,1.4575657762062992,-0.6040796973096797,1.0103361919575191,1.3152279503582291,2.08056894220972,-0.270376493571209,0.3919749731553789,-0.3689487928929976,0.1153245295984775,0.8987384588068987,1.4771635696758585,2.275568223198568,0.0772192527730903,-0.395577058535493,0.6279054331465134,1.270910760870741
0.5473586042681919,1.2708668847505975,0.704221059200976,0.9876385293856682,0.670762105998772,1.129593616919904,-0.4811898313338359,-0.1237380003493169,0.0411437594157486,1.8193032151640416,-1.0129371484286014,-0.3616821166278091,-0.3242123322201614,-0.2266083655811306,1.816133954706112,-0.4684396830725553,-0.4249430917893408,-0.2968364669508921,-0.3019339255063415,3.775566442374484,-0.2506821295079583,-0.162435292576479,-0.162435292576479,-0.0507673082566809,-0.6921614352674402,1.4575657762062992,-0.6040796973096797,-0.9897695519176712,-0.760324474345021,-0.4806377619661694,-0.270376493571209,-0.3497718661632084,-1.6092337341773404,-0.714585394603516,-1.727927660470965,0.1311628052769872,0.2607062228398966,0.0318779164581724,-0.5394249160391734,-1.592596507707975,0.524640173101927
-1.4693463976481835,0.2616141816395187,0.5860804595126105,0.6519846292010837,-0.0940228401306786,0.0127641775944568,-1.3667384742143194,0.6852381700016797,-0.2730396048214507,-1.3902611870981454,-1.0129371484286014,-0.3616821166278091,-0.3242123322201614,4.412899750790439,-0.5506201772224562,2.134746555716359,-0.4249430917893408,-0.2968364669508921,-0.3019339255063415,-0.2648609196163668,-0.2506821295079583,-0.162435292576479,-0.162435292576479,-0.0507673082566809,-0.6921614352674402,1.4575657762062992,-0.6040796973096797,-0.9897695519176712,1.3152279503582291,2.08056894220972,-0.270376493571209,-1.0915187054817956,-2.078530738987632,1.6829321642022432,0.8987384588068987,-0.4097463085122766,1.603947556412344,-0.9560852880068772,-1.4221629647615412,-1.592596507707975,0.309335178685053
-0.2154619702420616,-0.8685941387738747,-0.8925916317762641,-1.2883923110402715,0.2369652015335299,-0.3579007658777104,-0.7025769920539569,-0.9327141707003136,-0.9430450924116228,-0.5878700865325985,0.9872280837476723,-0.3616821166278091,-0.3242123322201614,-0.2266083655811306,-0.5506201772224562,-0.4684396830725553,-0.4249430917893408,-0.2968364669508921,-0.3019339255063415,-0.2648609196163668,-0.2506821295079583,-0.162435292576479,-0.162435292576479,-0.0507673082566809,1.444749662502673,-0.6860753842634565,1.6554107089736416,-0.9897695519176712,-0.760324474345021,-0.4806377619661694,-0.270376493571209,0.3919749731553789,0.8378149337620385,-0.8067976084037375,0.0231830857142775,-0.9527601270244558,-0.4109144439463271,-0.6437435542261872,-0.5643763055439547,0.6279054331465134,-1.750500277656032
-0.3305694046316199,-0.8548016331403052,-0.4895189613963065,-0.9393345945421596,-0.5654717250794515,0.2833979324182284,-0.4811898313338359,-0.9327141707003136,-0.8862649663446591,1.016912114598495,0.9872280837476723,-0.3616821166278091,-0.3242123322201614,-0.2266083655811306,-0.5506201772224562,-0.4684396830725553,2.353256281421644,-0.2968364669508921,-0.3019339255063415,-0.2648609196163668,-0.2506821295079583,-0.162435292576479,-0.162435292576479,-0.0507673082566809,-0.6921614352674402,-0.6860753842634565,-0.6040796973096797,1.0103361919575191,-0.760324474345021,-0.4806377619661694,-0.270376493571209,-1.0915187054817956,-0.3186669709490378,-0.8067976084037375,1.2489606080439473,-0.8580484144932617,-1.082535110732551,0.8791876408683372,-0.3854651872577915,0.6279054331465134,-0.9560975640618568
-0.2781213733264473,-0.8642784289632207,0.1819194929226269,-0.3578742503996046,-0.0940228401306786,0.0127641775944568,-0.0384155098935941,-0.9327141707003136,-0.5455842099428767,-1.3902611870981454,0.9872280837476723,-0.3616821166278091,-0.3242123322201614,-0.2266083655811306,-0.5506201772224562,-0.4684396830725553,2.353256281421644,-0.2968364669508921,-0.3019339255063415,-0.2648609196163668,-0.2506821295079583,-0.162435292576479,-0.162435292576479,-0.0507673082566809,-0.6921614352674402,-0.6860753842634565,-0.6040796973096797,1.0103361919575191,-0.760324474345021,-0.4806377619661694,-0.270376493571209,-1.0915187054817956,0.8713361483913451,-0.8067976084037375,1.2489606080439473,-0.2897781393060974,-1.082535110732551,-0.9560852880068772,-0.0275836127463291,0.6279054331465134,0.0207936569884482
-0.3060103006733595,-0.8581043410536694,0.1156543459121618,-0.3005240675789647,0.116798515548085,-0.329310488732724,1.511294615147252,-0.1237380003493169,1.1578195720660356,1.016912114598495,0.9872280837476723,-0.3616821166278091,-0.3242123322201614,-0.2266083655811306,-0.5506201772224562,-0.4684396830725553,-0.4249430917893408,-0.2968364669508921,3.3119829059387924,-0.2648609196163668,-0.2506821295079583,-0.162435292576479,-0.162435292576479,-0.0507673082566809,-0.6921614352674402,-0.6860753842634565,-0.6040796973096797,1.0103361919575191,1.3152279503582291,-0.4806377619661694,-0.270376493571209,-1.0915187054817956,0.3014754996931336,-0.8067976084037375,-1.027483361996868,1.3729385917970869,-0.4109144439463271,0.0550501091895584,1.3284546972793845,0.6279054331465134,0.9533939132206656
-0.3202413656107784,-0.8551608373729718,-0.7931939112605666,-0.9393345945421596,-0.5991094766466732,-1.1402726565094952,-0.7025769920539569,2.303190510703673,-0.9479660366707596,-0.5878700865325985,0.9872280837476723,-0.3616821166278091,-0.3242123322201614,-0.2266083655811306,-0.5506201772224562,-0.4684396830725553,-0.4249430917893408,3.368858315395045,-0.3019339255063415,-0.2648609196163668,-0.2506821295079583,-0.162435292576479,-0.162435292576479,-0.0507673082566809,-0.6921614352674402,1.4575657762062992,1.6554107089736416,-0.9897695519176712,-0.760324474345021,-0.4806377619661694,-0.270376493571209,-0.3497718661632084,-0.0002154319706254,-0.8067976084037375,-0.1519279889042467,-0.9765432903934,1.603947556412344,-0.3187151049449677,-0.5447022932136834,0.6279054331465134,-1.9230452368465945
1.4903923163832868,0.00772598232261,-0.8650548032642252,-0.7867252527762736,-1.0580126351700745,-1.0763703195127086,-0.5143301940798265,-0.1237380003493169,-0.640975637116625,0.2145210140329482,-1.0129371484286014,-0.3616821166278091,-0.3242123322201614,-0.2266083655811306,1.816133954706112,-0.4684396830725553,-0.4249430917893408,-0.2968364669508921,-0.3019339255063415,-0.2648609196163668,-0.2506821295079583,6.156297588648554,-0.162435292576479,-0.0507673082566809,-0.6921614352674402,1.4575657762062992,0.6839680475018851,-0.1298464286984315,-0.760324474345021,-0.4806377619661694,-0.270376493571209,-1.0915187054817956,-0.31076131314523,0.7505369482067537,-1.2025944366153922,-0.6273736835892529,1.3151917527904744,1.5488954169142566,-0.4121060035229917,-1.592596507707975,-0.5554844347326839
0.9740816426752305,1.397596639383523,-0.6904909948477534,-0.137932983234144,-0.2620257540354764,0.8894631139892628,2.6182304187478564,0.6852381700016797,1.0442593199321082,1.8193032151640416,-1.0129371484286014,-0.3616821166278091,3.0843984038242387,-0.2266083655811306,-0.5506201772224562,-0.4684396830725553,-0.4249430917893408,3.368858315395045,-0.3019339255063415,-0.2648609196163668,-0.2506821295079583,-0.162435292576479,-0.162435292576479,-0.0507673082566809,-0.6921614352674402,1.4575657762062992,-0.6040796973096797,1.0103361919575191,1.3152279503582291,-0.4806377619661694,-0.270376493571209,-0.3497718661632084,-1.475148875660114,0.1153245295984775,-0.1519279889042467,0.6889095568495742,1.603947556412344,0.8398924049461926,2.397974782606099,0.6279054331465134,0.9218423678351548
-0.7389037109891218,1.0652575953294705,7.933047251596251,6.354540543630741,8.144215622151394,7.041450778583712,-1.1453513134941986,-0.9327141707003136,-0.3563171230529975,-0.5878700865325985,-1.0129371484286014,-0.3616821166278091,-0.3242123322201614,-0.2266083655811306,1.816133954706112,2.134746555716359,-0.4249430917893408,-0.2968364669508921,-0.3019339255063415,-0.2648609196163668,-0.2506821295079583,-0.162435292576479,-0.162435292576479,-0.0507673082566809,-0.6921614352674402,1.4575657762062992,-0.6040796973096797,-0.9897695519176712,-0.760324474345021,-0.4806377619661694,-0.270376493571209,-0.3497718661632084,0.5864058240422394,0.6685978123998065,0.8987384588068987,0.0259275691312159,0.2607062228398966,-0.9024452353803682,-1.1948878635878577,-1.592596507707975,0.2355085835992872
-0.3168255358591416,-0.8483951319606274,0.5297712074605304,-0.0566374410617338,-0.0940228401306786,0.0127641775944568,-1.1453513134941986,-0.9327141707003136,-0.8105581315887075,-1.3902611870981454,0.9872280837476723,-0.3616821166278091,-0.3242123322201614,-0.2266083655811306,-0.5506201772224562,-0.4684396830725553,-0.4249430917893408,-0.2968364669508921,-0.3019339255063415,-0.2648609196163668,-0.2506821295079583,-0.162435292576479,-0.162435292576479,-0.0507673082566809,1.444749662502673,-0.6860753842634565,-0.6040796973096797,-0.9897695519176712,-0.760324474345021,-0.4806377619661694,-0.270376493571209,-1.0915187054817956,0.8545755410766919,-0.8067976084037375,-0.6772612127598194,-0.7317661311183363,-1.7541557775187746,-0.9560852880068772,-1.1745721082783978,0.6279054331465134,-0.5588956342250347
-0.3387763864287746,-0.8532209665815249,-0.5458282134483865,-0.2670494325667957,0.0842014899962029,-0.5008521516026432,-0.4811898313338359,0.6852381700016797,0.4764580592624706,-0.5878700865325985,0.9872280837476723,-0.3616821166278091,-0.3242123322201614,-0.2266083655811306,-0.5506201772224562,-0.4684396830725553,-0.4249430917893408,-0.2968364669508921,3.3119829059387924,-0.2648609196163668,-0.2506821295079583,-0.162435292576479,-0.162435292576479,-0.0507673082566809,-0.6921614352674402,-0.6860753842634565,-0.6040796973096797,1.0103361919575191,1.3152279503582291,-0.4806377619661694,-0.270376493571209,-0.3497718661632084,-1.173457943996355,-0.8067976084037375,-1.027483361996868,0.215350994193604,-0.4109144439463271,-0.6116504410802214,-0.5573402451308525,0.6279054331465134,0.7311881163223921
-0.3157061539505706,-0.8484989423374145,-0.5005631525647174,0.0533157396351714,-0.2874863726250308,-0.8486657421742554,2.6182304187478564,1.4942143403526764,2.255568676027335,-0.5878700865325985,0.9872280837476723,-0.3616821166278091,-0.3242123322201614,-0.2266083655811306,-0.5506201772224562,-0.4684396830725553,-0.4249430917893408,3.368858315395045,-0.3019339255063415,-0.2648609196163668,-0.2506821295079583,-0.162435292576479,-0.162435292576479,-0.0507673082566809,-0.6921614352674402,1.4575657762062992,-0.6040796973096797,1.0103361919575191,1.3152279503582291,2.08056894220972,-0.270376493571209,0.0211015534960852,0.8545755410766919,-0.8067976084037375,-0.1519279889042467,1.1624681195055444,2.275568223198568,-0.4968388254380028,2.3007770299887675,0.6279054331465134,1.19252394535784
0.3013138876167845,0.1015409670779626,-0.6231375516272625,-1.055047227561284,-1.0308620978674985,-1.54429292331748,-0.9239641527740776,-0.9327141707003136,-0.7651340307351365,-0.5878700865325985,0.9872280837476723,-0.3616821166278091,-0.3242123322201614,-0.2266083655811306,-0.5506201772224562,-0.4684396830725553,-0.4249430917893408,-0.2968364669508921,-0.3019339255063415,-0.2648609196163668,-0.2506821295079583,-0.162435292576479,-0.162435292576479,-0.0507673082566809,1.444749662502673,-0.6860753842634565,-0.6040796973096797,-0.9897695519176712,-0.760324474345021,-0.4806377619661694,-0.270376493571209,-1.0915187054817956,-0.1343002904878517,-0.8067976084037375,0.5485163095698503,-0.6559967610933811,-1.7541557775187746,0.2964050644536896,-0.9352190137849852,0.6279054331465134,-0.4085500446717648
0.5473586042681919,1.2708668847505975,-0.694924794221933,-1.1172144068695975,-0.5919730696843455,-1.1335946355705202,-0.0384155098935941,-0.9327141707003136,-0.9438021607591824,-0.5878700865325985,-1.0129371484286014,2.7648588471103626,-0.3242123322201614,-0.2266083655811306,-0.5506201772224562,-0.4684396830725553,-0.4249430917893408,-0.2968364669508921,-0.3019339255063415,-0.2648609196163668,3.989115626083163,-0.162435292576479,-0.162435292576479,-0.0507673082566809,-0.6921614352674402,-0.6860753842634565,1.6554107089736416,-0.9897695519176712,-0.760324474345021,-0.4806377619661694,-0.270376493571209,-0.3497718661632084,0.1673906411759073,1.129658881400914,-0.7648167500690816,-0.954022949858205,-0.4109144439463271,-0.3243265812448526,0.2986412137620787,0.6279054331465134,-1.77389288597102
-0.2779989896498129,-0.8500130093909507,0.0825217724069294,0.609923174363061,-0.2864828153959535,-0.8477266454797121,-0.9239641527740776,0.6852381700016797,1.0139765860297274,-0.5878700865325985,0.9872280837476723,-0.3616821166278091,-0.3242123322201614,-0.2266083655811306,-0.5506201772224562,-0.4684396830725553,-0.4249430917893408,-0.2968364669508921,-0.3019339255063415,-0.2648609196163668,-0.2506821295079583,-0.162435292576479,-0.162435292576479,-0.0507673082566809,1.444749662502673,1.4575657762062992,-0.6040796973096797,-0.9897695519176712,1.3152279503582291,-0.4806377619661694,-0.270376493571209,0.7628483928146726,-0.8885276196472492,-0.8067976084037375,0.7236273841883746,0.6636531001745892,0.9323268896261204,-0.4972517755991697,-0.9973460968070365,0.6279054331465134,0.9131267375298148
-0.5840173098800447,-0.810668639798095,-0.4132981679066642,-0.2687931567949829,0.0135395969198689,-0.0194242924354077,-0.3515169591764691,-0.1237380003493169,-0.3950708862727371,-1.2335999512411668,0.9872280837476723,-0.3616821166278091,-0.3242123322201614,-0.2266083655811306,-0.5506201772224562,2.134746555716359,-0.4249430917893408,-0.2968364669508921,-0.3019339255063415,-0.2648609196163668,-0.2506821295079583,-0.162435292576479,-0.162435292576479,-0.0507673082566809,-0.6921614352674402,-0.6860753842634565,-0.6040796973096797,1.0103361919575191,-0.3550874176144826,-0.4806377619661694,-0.270376493571209,-0.2773614316140498,-0.7874821491826867,-0.8067976084037375,0.8987384588068987,-0.3539204915984023,-0.9514058850822936,-0.9023155327821208,-0.37724024110468,0.6279054331465134,0.1931563595934182
0.5149866926899564,1.278127114690935,-0.6242258478372884,-0.2278153452324079,-0.2874863726250308,0.2138352143039059,0.8471331329868893,0.6852381700016797,0.3401857567017576,2.6216943157295884,-1.0129371484286014,2.7648588471103626,-0.3242123322201614,-0.2266083655811306,-0.5506201772224562,-0.4684396830725553,-0.4249430917893408,-0.2968364669508921,-0.3019339255063415,-0.2648609196163668,3.989115626083163,-0.162435292576479,-0.162435292576479,-0.0507673082566809,-0.6921614352674402,-0.6860753842634565,-0.6040796973096797,1.0103361919575191,1.3152279503582291,2.08056894220972,-0.270376493571209,0.1447507516104938,0.1673906411759073,1.129658881400914,-0.7648167500690816,0.1016969391561712,0.2607062228398966,1.3401470248374954,0.7520786309633825,0.6279054331465134,0.6741535141686431
-0.7428423347054793,1.0611890593959452,0.1421362203561251,0.6978857189205855,-0.2864828153959535,-0.8477266454797121,-0.7025769920539569,0.6852381700016797,0.7338612974327063,-0.5878700865325985,-1.0129371484286014,-0.3616821166278091,-0.3242123322201614,-0.2266083655811306,1.816133954706112,-0.4684396830725553,-0.4249430917893408,-0.2968364669508921,-0.3019339255063415,-0.2648609196163668,-0.2506821295079583,-0.162435292576479,-0.162435292576479,-0.0507673082566809,1.444749662502673,1.4575657762062992,-0.6040796973096797,-0.9897695519176712,1.3152279503582291,2.08056894220972,-0.270376493571209,0.8864975909290812,0.5864058240422394,0.6685978123998065,0.0231830857142775,0.4300308759309772,1.603947556412344,-0.4972517755991697,-0.7795029218679908,-1.592596507707975,0.82552336554012
0.5568081311644122,-0.4042329553818141,-1.693214876951974,-1.981725653320472,-0.0940228401306786,0.0127641775944568,-0.7025769920539569,-0.9327141707003136,-0.3184637056750217,-1.3902611870981454,-1.0129371484286014,-0.3616821166278091,-0.3242123322201614,-0.2266083655811306,1.816133954706112,-0.4684396830725553,-0.4249430917893408,-0.2968364669508921,-0.3019339255063415,-0.2648609196163668,-0.2506821295079583,-0.162435292576479,-0.162435292576479,-0.0507673082566809,1.444749662502673,1.4575657762062992,-0.6040796973096797,-0.9897695519176712,-0.760324474345021,-0.4806377619661694,-0.270376493571209,-1.0915187054817956,0.7540118971887722,1.7751443780024647,0.1982941603328017,0.0890687108186786,0.2607062228398966,-0.9560852880068772,-0.7427755255815063,-1.592596507707975,0.2702490137792995
-0.3119921341621992,-0.8549847795700566,-0.4243824178629053,0.1652236435444661,0.0842014899962029,1.5583782113765876,2.839617579467977,1.4942143403526764,1.536353745845794,1.8193032151640416,0.9872280837476723,-0.3616821166278091,-0.3242123322201614,-0.2266083655811306,-0.5506201772224562,-0.4684396830725553,-0.4249430917893408,3.368858315395045,-0.3019339255063415,-0.2648609196163668,-0.2506821295079583,-0.162435292576479,-0.162435292576479,-0.0507673082566809,-0.6921614352674402,-0.6860753842634565,-0.6040796973096797,1.0103361919575191,1.3152279503582291,2.08056894220972,3.698546374323143,-0.8442944839369106,-0.0002154319706254,-0.8067976084037375,-0.1519279889042467,0.682595442680828,0.9323268896261204,0.4216540996997463,2.5619002308339094,0.6279054331465134,1.0475464046512772
-1.2595056827299718,0.8111237605488394,0.0946542597853661,-0.4334452460214458,-0.0940228401306786,0.0127641775944568,-1.3667384742143194,-0.1237380003493169,-0.8862649663446591,-1.3902611870981454,-1.0129371484286014,-0.3616821166278091,-0.3242123322201614,-0.2266083655811306,1.816133954706112,2.134746555716359,-0.4249430917893408,-0.2968364669508921,-0.3019339255063415,-0.2648609196163668,-0.2506821295079583,-0.162435292576479,-0.162435292576479,-0.0507673082566809,-0.6921614352674402,1.4575657762062992,1.6554107089736416,-0.9897695519176712,-0.760324474345021,-0.4806377619661694,-0.270376493571209,-0.3497718661632084,-1.894164058526446,-0.34573653940263,0.8987384588068987,-0.9001425089515701,1.603947556412344,-0.9560852880068772,-1.4221629647615412,-1.592596507707975,-0.9560975640618568
-0.3220306097663954,-0.8548858216323361,-0.8925916317762641,-0.4018904284500165,0.3703639754282907,0.5159113177153511,0.6257459722667684,0.6852381700016797,-0.7715691116893924,1.016912114598495,0.9872280837476723,-0.3616821166278091,-0.3242123322201614,-0.2266083655811306,-0.5506201772224562,-0.4684396830725553,-0.4249430917893408,-0.2968364669508921,-0.3019339255063415,-0.2648609196163668,-0.2506821295079583,-0.162435292576479,-0.162435292576479,-0.0507673082566809,1.444749662502673,1.4575657762062992,1.6554107089736416,1.0103361919575191,-0.760324474345021,-0.4806377619661694,-0.270376493571209,-0.5969960877080935,-1.525430697604074,-0.8067976084037375,0.0231830857142775,-0.8255307265242184,2.275568223198568,-0.0895643623858221,0.7737127896995056,0.6279054331465134,-0.4275971637684692
0.3013138876167845,0.1015409670779626,-0.7236235683529859,-0.9307128689446562,-0.7436960552063331,-0.7895722131361385,0.8471331329868893,-0.1237380003493169,-0.2200448204922845,1.8193032151640416,-1.0129371484286014,-0.3616821166278091,-0.3242123322201614,-0.2266083655811306,1.816133954706112,-0.4684396830725553,-0.4249430917893408,-0.2968364669508921,3.3119829059387924,-0.2648609196163668,-0.2506821295079583,-0.162435292576479,-0.162435292576479,-0.0507673082566809,-0.6921614352674402,-0.6860753842634565,-0.6040796973096797,1.0103361919575191,1.3152279503582291,-0.4806377619661694,-0.270376493571209,1.50459523213326,0.4858421801543197,1.314083309001357,-1.027483361996868,-0.1592864464853413,-0.4109144439463271,2.15288320506911,0.8236119771693028,-1.592596507707975,0.3518021301450288
-0.3005236020444677,-0.8584106472130927,-1.0127829886057165,-1.1817117673020117,-0.867760932853969,-1.245623442360089,-0.3216379428729131,-0.1990559208980113,-0.8919311816259067,0.1398161817074741,0.9872280837476723,-0.3616821166278091,-0.3242123322201614,-0.2266083655811306,-0.5506201772224562,-0.4684396830725553,-0.4249430917893408,-0.2968364669508921,-0.3019339255063415,-0.2648609196163668,3.989115626083163,-0.162435292576479,-0.162435292576479,-0.0507673082566809,-0.6921614352674402,-0.6860753842634565,1.6554107089736416,-0.9897695519176712,-0.760324474345021,-0.4806377619661694,-0.270376493571209,1.668292600537039,0.8304170800339974,-0.8067976084037375,-0.7648167500690816,-0.9062475503182416,-0.4109144439463271,0.8923216852385623,-0.1876287865168602,0.6279054331465134,-1.1081867017672096
-1.1646539160940046,-0.6800859848198557,0.6700001894857177,1.2238807919115906,-0.0400165936918134,0.9590258321035852,-0.7025769920539569,1.4942143403526764,1.1578195720660356,0.2145210140329482,0.9872280837476723,-0.3616821166278091,-0.3242123322201614,-0.2266083655811306,-0.5506201772224562,-0.4684396830725553,-0.4249430917893408,-0.2968364669508921,-0.3019339255063415,-0.2648609196163668,-0.2506821295079583,6.156297588648554,-0.162435292576479,-0.0507673082566809,-0.6921614352674402,1.4575657762062992,-0.6040796973096797,-0.9897695519176712,1.3152279503582291,2.08056894220972,-0.270376493571209,0.3919749731553789,-0.871767012332596,-0.8067976084037375,-1.2025944366153922,0.4300308759309772,1.603947556412344,-0.2044134086317758,-0.787405042752097,0.6279054331465134,0.9533939132206656
-1.1964110510715724,-0.6957822552091809,-0.702663789493228,-1.1239163150263614,-1.0308620978674985,-1.2250696098908544,1.289907454427131,-0.9327141707003136,-0.924118383722635,0.2145210140329482,0.9872280837476723,-0.3616821166278091,-0.3242123322201614,-0.2266083655811306,-0.5506201772224562,-0.4684396830725553,2.353256281421644,-0.2968364669508921,-0.3019339255063415,-0.2648609196163668,-0.2506821295079583,-0.162435292576479,-0.162435292576479,-0.0507673082566809,-0.6921614352674402,-0.6860753842634565,1.6554107089736416,-0.9897695519176712,-0.760324474345021,-0.4806377619661694,-0.270376493571209,-1.0915187054817956,0.9551391849646116,-0.8067976084037375,1.2489606080439473,-0.9211895561807244,-0.4109144439463271,1.5488954169142566,1.8405782604369545,0.6279054331465134,-1.3532992073784889
-0.2130637547811275,-0.8620112830739871,-0.7812473086922553,-1.1919690156476683,-1.0248865412283656,-1.2670378960507218,-1.1225578443408937,-0.9327141707003136,-0.9527410236431268,0.2145210140329482,0.9872280837476723,-0.3616821166278091,-0.3242123322201614,-0.2266083655811306,-0.5506201772224562,-0.4684396830725553,2.353256281421644,-0.2968364669508921,-0.3019339255063415,-0.2648609196163668,-0.2506821295079583,-0.162435292576479,-0.162435292576479,-0.0507673082566809,-0.6921614352674402,-0.6860753842634565,1.5390949643968452,-0.9897695519176712,-0.760324474345021,-0.4806377619661694,-0.270376493571209,-1.0915187054817956,0.2553791777969875,-0.8067976084037375,1.2489606080439473,-0.9689333607794745,-0.4800628304260071,1.5280337381474762,-1.0498936568460724,0.6279054331465134,-3.061973055994051
-0.2195180407139187,-0.8695370056911885,-0.1339282515871078,-0.6313958770475251,-0.5369632660164029,-0.5189732396714241,-0.0384155098935941,-0.9327141707003136,-0.8408408654910882,0.2145210140329482,0.9872280837476723,-0.3616821166278091,-0.3242123322201614,-0.2266083655811306,-0.5506201772224562,-0.4684396830725553,-0.4249430917893408,-0.2968364669508921,-0.3019339255063415,-0.2648609196163668,3.989115626083163,-0.162435292576479,-0.162435292576479,-0.0507673082566809,-0.6921614352674402,-0.6860753842634565,-0.6040796973096797,1.0103361919575191,-0.760324474345021,-0.4806377619661694,-0.270376493571209,0.3919749731553789,0.8210543264473853,-0.8067976084037375,-0.7648167500690816,-0.7822790444683065,-1.082535110732551,0.2271330112945856,0.0850686947622992,0.6279054331465134,-0.6867661153918554
0.0626099735195064,0.0497709084236247,-0.8925916317762641,-1.0927673138305904,-1.05288147387586,-1.5648979497436972,-1.002452034579813,-0.645909706359963,-0.9505027330098588,-0.5878700865325985,-1.0129371484286014,-0.3616821166278091,-0.3242123322201614,-0.2266083655811306,1.816133954706112,-0.4684396830725553,2.353256281421644,-0.2968364669508921,-0.3019339255063415,-0.2648609196163668,-0.2506821295079583,-0.162435292576479,-0.162435292576479,-0.0507673082566809,-0.6921614352674402,-0.6860753842634565,1.6554107089736416,-0.9897695519176712,-0.760324474345021,-0.4806377619661694,-0.270376493571209,-1.0915187054817956,0.3540175707870673,1.7214870881936613,1.2489606080439473,-0.9711692040061142,-0.4109144439463271,0.2964050644536896,-0.8572814221065774,-1.592596507707975,-2.69562331595627
0.5471489150388008,1.2706385372764115,-0.5811776866407089,-0.7662368729307459,-1.2487826917223277,-0.2388093924659904,1.7326817758673727,0.6852381700016797,-0.1670500361631184,1.016912114598495,-1.0129371484286014,2.7648588471103626,-0.3242123322201614,-0.2266083655811306,-0.5506201772224562,-0.4684396830725553,-0.4249430917893408,-0.2968364669508921,-0.3019339255063415,-0.2648609196163668,-0.2506821295079583,-0.162435292576479,-0.162435292576479,-0.0507673082566809,1.444749662502673,1.4575657762062992,-0.6040796973096797,1.0103361919575191,-0.760324474345021,-0.4806377619661694,-0.270376493571209,2.8644397126560266,0.1673906411759073,1.129658881400914,0.2858496976420639,-0.3213487101498288,0.9323268896261204,2.801385769374823,1.7092860322908283,0.6279054331465134,0.3913379163878396
-0.2196916124676144,-0.8684787055239088,0.4899879348940286,0.6519846292010837,1.88257604450278,1.182009125019046,0.8471331329868893,0.6852381700016797,0.5143114766404465,-0.5878700865325985,0.9872280837476723,-0.3616821166278091,-0.3242123322201614,-0.2266083655811306,-0.5506201772224562,2.134746555716359,-0.4249430917893408,-0.2968364669508921,-0.3019339255063415,-0.2648609196163668,-0.2506821295079583,-0.162435292576479,-0.162435292576479,-0.0507673082566809,-0.6921614352674402,-0.6860753842634565,-0.6040796973096797,1.0103361919575191,1.3152279503582291,-0.4806377619661694,-0.270376493571209,0.6391991947002641,0.8713361483913451,-0.8067976084037375,0.8987384588068987,0.2469215650373354,-0.4109144439463271,-0.8002042023231989,0.7367362547215696,0.6279054331465134,0.7460731515986906
-0.2792789698057717,-0.8649344868175886,3.2389695501246347,2.9850055152032406,2.0284884874897355,2.292498584364964,-0.5926725665185777,0.27786641512371,-0.5779414449357044,0.612856367698027,0.9872280837476723,-0.3616821166278091,-0.3242123322201614,-0.2266083655811306,-0.5506201772224562,0.1869965245907122,-0.4249430917893408,-0.2968364669508921,2.402062629195611,-0.2648609196163668,-0.2506821295079583,-0.162435292576479,-0.162435292576479,-0.0507673082566809,-0.6921614352674402,1.4575657762062992,1.0865110270842422,-0.9897695519176712,-0.760324474345021,-0.4806377619661694,-0.270376493571209,-0.7180012612321128,0.8713361483913451,-0.8067976084037375,-0.5424948096859824,-0.5368584812307573,1.2657431695979495,-0.5966990138236309,-0.5993557492860427,0.6279054331465134,-0.0524070845073064
-2.1709730551381954,0.2211057286211154,-0.8925916317762641,-0.3387807933071578,-0.6581706780171873,0.5244675320434127,-0.4811898313338359,1.4942143403526764,-0.6742858290279945,1.8193032151640416,-1.0129371484286014,-0.3616821166278091,-0.3242123322201614,4.412899750790439,-0.5506201772224562,-0.4684396830725553,-0.4249430917893408,-0.2968364669508921,-0.3019339255063415,-0.2648609196163668,-0.2506821295079583,-0.162435292576479,-0.162435292576479,-0.0507673082566809,1.444749662502673,-0.6860753842634565,1.6554107089736416,1.0103361919575191,-0.760324474345021,-0.4806377619661694,-0.270376493571209,1.6900319419629068,-1.8774034512117928,1.6829321642022432,-0.2394835262135088,-0.7923816271383005,0.2607062228398966,1.7956786061492591,-0.4711585624631466,-1.592596507707975,-0.1910867485491456
1.1867659786327835,1.2905609512773124,0.1670227368458439,0.5008439259337869,-0.0940228401306786,0.0127641775944568,-0.8469128441947514,-0.1237380003493169,-0.6720959532961592,-1.3902611870981454,-1.0129371484286014,-0.3616821166278091,-0.3242123322201614,-0.2266083655811306,1.816133954706112,-0.4684396830725553,-0.4249430917893408,-0.2968364669508921,-0.3019339255063415,-0.2648609196163668,-0.2506821295079583,-0.162435292576479,-0.162435292576479,-0.0507673082566809,1.444749662502673,0.059994785304821,-0.6040796973096797,1.0103361919575191,-0.760324474345021,-0.4806377619661694,-0.270376493571209,-0.0916152304388402,-0.4939967221199146,0.0836821196858377,-0.2699562451421975,-0.6619803748624147,-0.3812850778516481,-0.9560852880068772,-0.8636626176775138,-1.592596507707975,-0.1878435399314533
-0.3404151844086592,-0.8480205042194476,0.0549112944859022,1.602573508540392,-0.6581706780171873,1.3373078932092708,2.1754560973076145,1.4942143403526764,1.919776309945744,0.2145210140329482,0.9872280837476723,-0.3616821166278091,-0.3242123322201614,-0.2266083655811306,-0.5506201772224562,-0.4684396830725553,-0.4249430917893408,-0.2968364669508921,-0.3019339255063415,-0.2648609196163668,-0.2506821295079583,-0.162435292576479,-0.162435292576479,-0.0507673082566809,1.444749662502673,1.4575657762062992,-0.6040796973096797,-0.9897695519176712,1.3152279503582291,2.08056894220972,3.698546374323143,0.3919749731553789,0.8545755410766919,-0.8067976084037375,0.6360718468791124,0.9384216282456864,2.275568223198568,0.4197966590711909,1.9068815053569432,0.6279054331465134,1.1293632096677442
2.2244190221626274,-0.8639202411795399,-0.8859812399820328,-1.2826677644897029,-1.0308620978674985,-1.54429292331748,-1.1453513134941986,-0.9327141707003136,-0.9597005960579322,-0.5878700865325985,-1.0129371484286014,-0.3616821166278091,-0.3242123322201614,-0.2266083655811306,1.816133954706112,-0.4684396830725553,-0.4249430917893408,-0.2968364669508921,-0.3019339255063415,3.775566442374484,-0.2506821295079583,-0.162435292576479,-0.162435292576479,-0.0507673082566809,-0.6921614352674402,-0.6860753842634565,1.6554107089736416,-0.9897695519176712,-0.760324474345021,-0.4806377619661694,-0.270376493571209,-0.3497718661632084,0.5696452167275861,1.959568805602908,-1.727927660470965,-0.9805422293669394,-0.4109144439463271,0.2964050644536896,-1.082627485770412,-1.592596507707975,-2.965482821641406
-1.1798928924574532,-0.6893255944817573,-0.608788164561736,-0.8934335048226579,-0.4921748785705442,-0.7771900493117891,1.289907454427131,-0.1237380003493169,0.4764580592624706,0.2145210140329482,0.9872280837476723,-0.3616821166278091,-0.3242123322201614,-0.2266083655811306,-0.5506201772224562,-0.4684396830725553,-0.4249430917893408,-0.2968364669508921,-0.3019339255063415,-0.2648609196163668,3.989115626083163,-0.162435292576479,-0.162435292576479,-0.0507673082566809,-0.6921614352674402,-0.6860753842634565,-0.6040796973096797,1.0103361919575191,1.3152279503582291,-0.4806377619661694,-0.270376493571209,0.7628483928146726,-0.3019063636343845,-0.8067976084037375,-0.7648167500690816,0.6152448915475344,-0.4109144439463271,0.1689213569174876,1.1723051941305254,0.6279054331465134,0.7311881163223921
-0.3180474977889655,-0.8483283692023532,-0.6538714651395827,-1.0816625514420826,-0.9247832676006,-1.4450277534016014,-0.9939655581038794,-0.9327141707003136,-0.953440990699264,-0.5878700865325985,0.9872280837476723,-0.3616821166278091,-0.3242123322201614,-0.2266083655811306,-0.5506201772224562,-0.4684396830725553,-0.4249430917893408,-0.2968364669508921,-0.3019339255063415,-0.2648609196163668,-0.2506821295079583,-0.162435292576479,-0.162435292576479,-0.0507673082566809,1.444749662502673,-0.6860753842634565,1.6554107089736416,-0.9897695519176712,-0.760324474345021,-0.4806377619661694,-0.270376493571209,-0.5843081463266345,0.8469348775715576,-0.8067976084037375,-0.498924339377947,-0.9701009361829523,-0.4109144439463271,0.1503595501673756,-0.915651034276818,0.6279054331465134,-2.4282803448217862
-0.2249881493348997,-0.8704330717617512,-0.0588358130953218,-0.5663664244639269,-0.0716100620146182,-0.025356191932192,-0.0384155098935941,-0.9327141707003136,-0.4698773751869251,1.016912114598495,0.9872280837476723,-0.3616821166278091,-0.3242123322201614,-0.2266083655811306,-0.5506201772224562,-0.4684396830725553,-0.4249430917893408,-0.2968364669508921,-0.3019339255063415,3.775566442374484,-0.2506821295079583,-0.162435292576479,-0.162435292576479,-0.0507673082566809,-0.6921614352674402,1.4575657762062992,-0.6040796973096797,-0.9897695519176712,-0.760324474345021,-0.4806377619661694,-0.270376493571209,0.3919749731553789,0.8210543264473853,-0.8067976084037375,-1.727927660470965,-0.1634958559311721,0.2607062228398966,0.1981869872165003,-0.0415445266265642,0.6279054331465134,0.1165225922423151
-2.1711726106873543,0.2210944151019766,0.1244816373934829,-0.3569317945650597,0.0852050472252802,-0.0053221291152672,1.0685202937070102,-0.1237380003493169,0.1357773028606882,1.016912114598495,-1.0129371484286014,-0.3616821166278091,-0.3242123322201614,4.412899750790439,-0.5506201772224562,-0.4684396830725553,-0.4249430917893408,-0.2968364669508921,-0.3019339255063415,-0.2648609196163668,-0.2506821295079583,-0.162435292576479,-0.162435292576479,-0.0507673082566809,1.444749662502673,-0.6860753842634565,-0.6040796973096797,1.0103361919575191,1.3152279503582291,-0.4806377619661694,-0.270376493571209,-0.7206452858225021,-1.8774034512117928,1.6829321642022432,0.0231830857142775,0.2363980414227582,-0.4109144439463271,0.07652224268987,0.9928538786532324,-1.592596507707975,0.5763005043464302
0.5495318889207613,1.270396445644209,0.4844658393098231,0.0638572826734145,1.850982576179976,1.1524449698204589,-0.7025769920539569,-0.1237380003493169,-0.2806102882970459,-0.5878700865325985,-1.0129371484286014,2.7648588471103626,-0.3242123322201614,-0.2266083655811306,-0.5506201772224562,2.134746555716359,-0.4249430917893408,-0.2968364669508921,-0.3019339255063415,-0.2648609196163668,-0.2506821295079583,-0.162435292576479,-0.162435292576479,-0.0507673082566809,-0.6921614352674402,1.4575657762062992,-0.6040796973096797,-0.9897695519176712,1.3152279503582291,-0.4806377619661694,-0.270376493571209,1.1337218124739663,0.1673906411759073,1.129658881400914,0.8987384588068987,-0.2266369976186348,0.9323268896261204,-0.7986905170942463,-0.7450580923412558,0.6279054331465134,0.3030031628278034
0.2578442969960789,-0.0944146202033986,1.6318525028134103,0.8977561673874043,-0.6591742352462646,-1.1964793327458678,-0.9239641527740776,-0.9327141707003136,-0.2049034535410942,-0.5878700865325985,-1.0129371484286014,-0.3616821166278091,-0.3242123322201614,-0.2266083655811306,1.816133954706112,2.134746555716359,-0.4249430917893408,-0.2968364669508921,-0.3019339255063415,-0.2648609196163668,-0.2506821295079583,-0.162435292576479,-0.162435292576479,-0.0507673082566809,-0.6921614352674402,1.4575657762062992,-0.6040796973096797,-0.9897695519176712,-0.760324474345021,-0.4806377619661694,-0.270376493571209,-1.0915187054817956,-0.8382457977032894,-0.714585394603516,0.8987384588068987,0.2784921358810667,0.2607062228398966,-0.2672155941535655,-0.9735380672211034,-1.592596507707975,0.3633791220702355
2.333024011737438,-0.8658643545406632,-0.0853579948063229,0.2426795508353974,-0.4422571986205126,-0.0863279143593956,0.1829716508265267,1.4942143403526764,1.3092332415779389,0.2145210140329482,-1.0129371484286014,-0.3616821166278091,-0.3242123322201614,-0.2266083655811306,1.816133954706112,-0.4684396830725553,-0.4249430917893408,-0.2968364669508921,-0.3019339255063415,-0.2648609196163668,-0.2506821295079583,-0.162435292576479,-0.162435292576479,-0.0507673082566809,1.444749662502673,-0.6860753842634565,1.6554107089736416,1.0103361919575191,1.3152279503582291,-0.4806377619661694,-0.270376493571209,-0.3497718661632084,0.988660399593918,1.959568805602908,0.0231830857142775,0.5310567026309175,0.9323268896261204,0.1104415642199564,0.0533294169114507,-1.592596507707975,0.9929297019973355
0.3877596365823466,0.6408113029419183,-0.104100873978991,-0.0623968933839525,0.2695250582991501,-0.3274322953436371,-1.1453513134941986,-0.1237380003493169,-0.7796318895909012,-0.5878700865325985,-1.0129371484286014,-0.3616821166278091,-0.3242123322201614,-0.2266083655811306,1.816133954706112,-0.4684396830725553,-0.4249430917893408,-0.2968364669508921,-0.3019339255063415,-0.2648609196163668,-0.2506821295079583,-0.162435292576479,-0.162435292576479,-0.0507673082566809,1.444749662502673,-0.6860753842634565,1.6554107089736416,-0.9897695519176712,-0.760324474345021,-0.4806377619661694,-0.270376493571209,0.3919749731553789,-1.3745852317721945,-0.161312111802187,0.8111829214976366,-0.7815634448625153,-0.4109144439463271,-0.6498256988665617,-1.1775041175935543,-1.592596507707975,-0.4523918967553349
-0.3215345791109973,-0.8547293326820568,-0.246587062958306,-0.3062486141295338,0.2440644397095955,1.0333535964087386,1.7326817758673727,-0.1237380003493169,-0.1291966187851426,1.016912114598495,0.9872280837476723,-0.3616821166278091,-0.3242123322201614,-0.2266083655811306,-0.5506201772224562,-0.4684396830725553,-0.4249430917893408,3.368858315395045,-0.3019339255063415,-0.2648609196163668,-0.2506821295079583,-0.162435292576479,-0.162435292576479,-0.0507673082566809,-0.6921614352674402,-0.6860753842634565,-0.6040796973096797,1.0103361919575191,1.3152279503582291,-0.4806377619661694,-0.270376493571209,-0.3497718661632084,-0.0002154319706254,-0.8067976084037375,-0.1519279889042467,-0.0582606197854009,-0.4109144439463271,-0.0230999912596546,1.7008231491513972,0.6279054331465134,0.4179958212511992
0.5379922255174536,1.2706890503716302,-1.1940496819534343,-1.0024442296850185,-1.6815760389584922,-1.4566091171343765,0.1829716508265267,-0.1237380003493169,-0.69699787945478,0.2145210140329482,-1.0129371484286014,-0.3616821166278091,-0.3242123322201614,4.412899750790439,-0.5506201772224562,-0.4684396830725553,-0.4249430917893408,-0.2968364669508921,3.3119829059387924,-0.2648609196163668,-0.2506821295079583,-0.162435292576479,-0.162435292576479,-0.0507673082566809,-0.6921614352674402,-0.6860753842634565,1.6554107089736416,1.0103361919575191,-0.760324474345021,-0.4806377619661694,-0.270376493571209,-1.0915187054817956,-1.8774034512117928,1.6829321642022432,-1.027483361996868,-0.6896720366600279,0.2607062228398966,1.5488954169142566,0.2506124775451243,-1.592596507707975,-0.2382125925912613
-0.2749342009748901,-0.8652241684537536,-0.5580010080938613,-0.9049175036954458,-0.6214850859764715,-1.1402726565094952,-0.0384155098935941,-0.1237380003493169,-0.6212910446988283,0.2145210140329482,0.9872280837476723,-0.3616821166278091,-0.3242123322201614,-0.2266083655811306,-0.5506201772224562,-0.4684396830725553,2.353256281421644,-0.2968364669508921,-0.3019339255063415,-0.2648609196163668,-0.2506821295079583,-0.162435292576479,-0.162435292576479,-0.0507673082566809,-0.6921614352674402,-0.6860753842634565,1.6554107089736416,1.0103361919575191,-0.760324474345021,-0.4806377619661694,-0.270376493571209,0.3919749731553789,0.8713361483913451,-0.8067976084037375,1.2489606080439473,-0.605483847743411,0.2607062228398966,0.3551732898046993,-0.0104354378619613,0.6279054331465134,-0.0941989898583505
-0.2195180407139187,-0.8695370056911885,-0.5568724046167974,-0.9976621389689942,-0.0940228401306786,0.0127641775944568,-0.7025769920539569,-0.9327141707003136,-0.9207115761586172,-1.3902611870981454,0.9872280837476723,-0.3616821166278091,-0.3242123322201614,-0.2266083655811306,-0.5506201772224562,-0.4684396830725553,-0.4249430917893408,-0.2968364669508921,-0.3019339255063415,-0.2648609196163668,-0.2506821295079583,-0.162435292576479,-0.162435292576479,-0.0507673082566809,1.444749662502673,-0.6860753842634565,1.6554107089736416,-0.9897695519176712,-0.760324474345021,-0.4806377619661694,-0.270376493571209,-0.3497718661632084,0.8210543264473853,-0.8067976084037375,0.373405234951326,-0.9155068534288529,-0.4109144439463271,-0.9560852880068772,-0.6114249459006899,0.6279054331465134,-1.3039158912305802
-0.3099910181383706,-0.8553962999900531,1.2619124059386857,1.2343874291781838,-0.0940228401306786,0.0127641775944568,-0.9239641527740776,1.4942143403526764,0.0256238582907785,-1.3902611870981454,0.9872280837476723,-0.3616821166278091,-0.3242123322201614,-0.2266083655811306,-0.5506201772224562,-0.4684396830725553,-0.4249430917893408,-0.2968364669508921,-0.3019339255063415,-0.2648609196163668,-0.2506821295079583,-0.162435292576479,-0.162435292576479,-0.0507673082566809,1.444749662502673,-0.6860753842634565,-0.6040796973096797,1.0103361919575191,1.3152279503582291,-0.4806377619661694,-0.270376493571209,-0.3497718661632084,-0.0002154319706254,-0.8067976084037375,0.7236273841883746,-0.3253897432178264,-0.4109144439463271,-0.9560852880068772,-0.9803980511634244,0.6279054331465134,0.5157049448789571
-0.3261687890319167,-0.8526159584681888,0.5054659254366191,-0.0776856213665699,-0.2874863726250308,-0.8486657421742554,-0.7025769920539569,-0.9327141707003136,1.3092332415779389,-0.5878700865325985,0.9872280837476723,-0.3616821166278091,-0.3242123322201614,-0.2266083655811306,-0.5506201772224562,-0.4684396830725553,-0.4249430917893408,-0.2968364669508921,-0.3019339255063415,-0.2648609196163668,-0.2506821295079583,-0.162435292576479,-0.162435292576479,-0.0507673082566809,1.444749662502673,-0.6860753842634565,-0.6040796973096797,-0.9897695519176712,1.3152279503582291,-0.4806377619661694,-0.270376493571209,1.1337218124739663,1.105984650796491,-0.8067976084037375,0.7236273841883746,2.8041378033795743,-1.082535110732551,-0.4968388254380028,-0.7898090869016876,0.6279054331465134,0.9929297019973355
0.5720455485001331,1.2938029235202562,0.9173658872978978,0.2790164591228508,-0.0940228401306786,0.0127641775944568,-0.9239641527740776,-0.9327141707003136,-0.1291966187851426,-1.3902611870981454,-1.0129371484286014,2.7648588471103626,-0.3242123322201614,-0.2266083655811306,-0.5506201772224562,-0.4684396830725553,-0.4249430917893408,-0.2968364669508921,-0.3019339255063415,-0.2648609196163668,-0.2506821295079583,-0.162435292576479,-0.162435292576479,-0.0507673082566809,1.444749662502673,-0.6860753842634565,-0.6040796973096797,-0.9897695519176712,-0.760324474345021,2.08056894220972,-0.270376493571209,0.3919749731553789,1.5417604409774763,1.129658881400914,0.373405234951326,0.4047744192559921,-1.082535110732551,-0.9560852880068772,-0.9760220913454072,0.6279054331465134,0.4179958212511992
-1.4621065327181804,0.2681389444489476,1.50597290785375,0.788745442525044,-0.0940228401306786,0.0127641775944568,-1.1453513134941986,-0.9327141707003136,0.6657251461523498,-1.3902611870981454,-1.0129371484286014,-0.3616821166278091,-0.3242123322201614,4.412899750790439,-0.5506201772224562,-0.4684396830725553,-0.4249430917893408,-0.2968364669508921,-0.3019339255063415,-0.2648609196163668,-0.2506821295079583,-0.162435292576479,-0.162435292576479,-0.0507673082566809,1.444749662502673,-0.6860753842634565,-0.6040796973096797,-0.9897695519176712,-0.760324474345021,2.08056894220972,-0.270376493571209,1.1337218124739663,0.6702088606155058,1.6829321642022432,0.373405234951326,1.7307383946927086,-1.082535110732551,-0.9560852880068772,-1.2074517318645892,-1.592596507707975,0.8020240603023577
-0.3192127955258746,-0.8544286460136203,-0.2901273403036082,-0.7666630415890255,-0.6676006102055144,-1.2043644643974922,-0.3899699478408577,-0.9327141707003136,-0.6168221939177123,-0.5878700865325985,0.9872280837476723,-0.3616821166278091,-0.3242123322201614,-0.2266083655811306,-0.5506201772224562,-0.4684396830725553,2.353256281421644,-0.2968364669508921,-0.3019339255063415,-0.2648609196163668,-0.2506821295079583,-0.162435292576479,-0.162435292576479,-0.0507673082566809,-0.6921614352674402,-0.6860753842634565,-0.6040796973096797,0.716339559542444,-0.760324474345021,-0.4806377619661694,-0.270376493571209,-1.0915187054817956,0.9877294125943166,-0.8067976084037375,1.2489606080439473,-0.4086061857878764,-1.1812569982628327,-0.2586074294671565,-0.3886925462269649,0.6279054331465134,-0.1110037439708139
0.9788826685630256,1.3908797677159004,-0.0367474307585,0.8126558961051644,-0.2874863726250308,0.7207735225620306,-0.259802670613715,0.6852381700016797,0.6960078800547305,0.2145210140329482,-1.0129371484286014,-0.3616821166278091,3.0843984038242387,-0.2266083655811306,-0.5506201772224562,2.134746555716359,-0.4249430917893408,-0.2968364669508921,-0.3019339255063415,-0.2648609196163668,-0.2506821295079583,-0.162435292576479,-0.162435292576479,-0.0507673082566809,-0.6921614352674402,1.4575657762062992,-0.6040796973096797,1.0103361919575191,1.3152279503582291,-0.4806377619661694,-0.270376493571209,-0.5969960877080935,1.340633153201637,0.1153245295984775,0.8987384588068987,0.3984603050872459,1.603947556412344,-0.0375923628691282,-0.3497122419157502,0.6279054331465134,0.8125873389744706
-0.2749045794480627,-0.865285995068111,-0.5723503951593878,-1.0110659552825216,-0.2701657182268813,-0.3874649210762975,0.1829716508265267,-0.9327141707003136,-0.6591444620768042,1.8193032151640416,0.9872280837476723,-0.3616821166278091,-0.3242123322201614,-0.2266083655811306,-0.5506201772224562,-0.4684396830725553,2.353256281421644,-0.2968364669508921,-0.3019339255063415,-0.2648609196163668,-0.2506821295079583,-0.162435292576479,-0.162435292576479,-0.0507673082566809,-0.6921614352674402,-0.6860753842634565,-0.6040796973096797,1.0103361919575191,-0.760324474345021,-0.4806377619661694,-0.270376493571209,-1.0915187054817956,0.8713361483913451,-0.8067976084037375,1.2489606080439473,-0.4792015643684856,-1.082535110732551,0.8528025052139242,0.2368258672084211,0.6279054331465134,-0.161693561127958
-0.3130703577387531,-0.860220057519547,-0.8097601980131829,-1.2166609502999095,-0.9697566132525676,-1.4871123690275072,-1.1453513134941986,-0.9327141707003136,-0.8484115489666834,-0.5878700865325985,0.9872280837476723,-0.3616821166278091,-0.3242123322201614,-0.2266083655811306,-0.5506201772224562,-0.4684396830725553,-0.4249430917893408,-0.2968364669508921,-0.3019339255063415,-0.2648609196163668,3.989115626083163,-0.162435292576479,-0.162435292576479,-0.0507673082566809,-0.6921614352674402,-0.6860753842634565,-0.6040796973096797,1.0103361919575191,-0.760324474345021,-0.4806377619661694,-0.270376493571209,-1.0915187054817956,-0.1343002904878517,-0.8067976084037375,-0.7648167500690816,-0.7949072728057991,-1.082535110732551,0.2271330112945856,-1.1698925523884869,0.6279054331465134,-0.7237493533031532
-0.2166068162701854,-0.8687284426202173,-0.3548120749553246,-0.232597435948432,0.0923414541876079,-0.3836389715800097,0.6257459722667684,0.6852381700016797,-0.0921239659940049,0.2145210140329482,0.9872280837476723,-0.3616821166278091,-0.3242123322201614,-0.2266083655811306,-0.5506201772224562,-0.4684396830725553,-0.4249430917893408,-0.2968364669508921,-0.3019339255063415,3.775566442374484,-0.2506821295079583,-0.162435292576479,-0.162435292576479,-0.0507673082566809,-0.6921614352674402,-0.6860753842634565,1.6554107089736416,1.0103361919575191,1.3152279503582291,-0.4806377619661694,-0.270376493571209,0.6391991947002641,0.8210543264473853,-0.8067976084037375,-1.727927660470965,-0.2588587430565889,0.9323268896261204,-0.2709666188671058,0.5804039296123622,0.6279054331465134,0.442954406824721
-0.3178427254381154,-0.8558966077953468,1.0567263955450614,0.3997015473301858,-0.0940228401306786,0.0127641775944568,-0.926205292127,-0.9327141707003136,-0.2050950517870188,-1.3902611870981454,0.9872280837476723,-0.3616821166278091,-0.3242123322201614,-0.2266083655811306,-0.5506201772224562,2.134746555716359,-0.4249430917893408,-0.2968364669508921,-0.3019339255063415,-0.2648609196163668,-0.2506821295079583,-0.162435292576479,-0.162435292576479,-0.0507673082566809,-0.6921614352674402,-0.6752251647935333,-0.6040796973096797,-0.9897695519176712,1.3047223677333712,-0.4806377619661694,-0.270376493571209,-0.3497718661632084,0.0045353403066277,-0.8067976084037375,0.8987384588068987,0.2781725416982696,-1.0757361820969673,-0.9560852880068772,-0.9758088197555056,0.6279054331465134,0.3632303459646969
-2.1703523022645714,0.2207421050450362,-0.6131816566688775,-0.765294417096201,0.2389723159916846,-0.3560225724886238,0.6257459722667684,-0.1237380003493169,-0.2049034535410942,-0.5878700865325985,-1.0129371484286014,-0.3616821166278091,-0.3242123322201614,4.412899750790439,-0.5506201772224562,2.134746555716359,-0.4249430917893408,-0.2968364669508921,-0.3019339255063415,-0.2648609196163668,-0.2506821295079583,-0.162435292576479,-0.162435292576479,-0.0507673082566809,-0.6921614352674402,-0.6860753842634565,-0.6040796973096797,1.0103361919575191,-0.760324474345021,-0.4806377619661694,-0.270376493571209,-0.3497718661632084,-1.8774034512117928,1.6829321642022432,0.8987384588068987,-0.1424488087020178,-1.082535110732551,-0.6441254592534528,0.5966490741704298,-1.592596507707975,0.3633791220702355
-0.4734253278470948,-0.8236603832671537,-0.49565281414045,-0.9072372484700102,-0.9689858861754108,-0.9467725794952244,0.0344665242615935,-0.7791004319269261,-0.604581786646326,0.366884336258976,0.9872280837476723,-0.3616821166278091,-0.3242123322201614,-0.2266083655811306,-0.5506201772224562,-0.4684396830725553,2.353256281421644,-0.2968364669508921,-0.3019339255063415,-0.2648609196163668,-0.2506821295079583,-0.162435292576479,-0.162435292576479,-0.0507673082566809,-0.6921614352674402,-0.279026641275873,-0.6040796973096797,1.0103361919575191,-0.760324474345021,-0.4806377619661694,-0.270376493571209,-1.0915187054817956,0.3078407293453232,-0.8067976084037375,1.2489606080439473,-0.4163977209402087,-0.6999398052945276,1.4914367717222792,0.0690135491623336,0.6279054331465134,-0.071730602072706
0.8224682748491903,0.6694111280371461,-0.1471893424426084,-0.5300295161764734,-0.2243366047656831,0.2233653066855681,-0.4811898313338359,-0.1237380003493169,-0.8862649663446591,1.016912114598495,0.9872280837476723,-0.3616821166278091,-0.3242123322201614,-0.2266083655811306,-0.5506201772224562,-0.4684396830725553,-0.4249430917893408,-0.2968364669508921,-0.3019339255063415,-0.2648609196163668,-0.2506821295079583,-0.162435292576479,-0.162435292576479,-0.0507673082566809,1.444749662502673,-0.6860753842634565,1.6554107089736416,-0.9897695519176712,-0.760324474345021,-0.4806377619661694,-0.270376493571209,1.50459523213326,0.8210543264473853,-0.8067976084037375,-1.6403721231617028,-0.9001425089515701,-0.4109144439463271,0.3478101544739173,-0.3854651872577915,0.6279054331465134,-0.9560975640618568
-1.3505570594414438,-0.4064059023448985,-0.588916681912004,-1.025412227430594,0.1473512578555506,0.0642405889990553,1.511294615147252,-0.9327141707003136,-0.8862649663446591,0.2145210140329482,-1.0129371484286014,-0.3616821166278091,-0.3242123322201614,-0.2266083655811306,1.816133954706112,-0.4684396830725553,-0.4249430917893408,-0.2968364669508921,-0.3019339255063415,3.775566442374484,-0.2506821295079583,-0.162435292576479,-0.162435292576479,-0.0507673082566809,-0.6921614352674402,-0.6860753842634565,-0.6040796973096797,1.0103361919575191,-0.760324474345021,-0.4806377619661694,-0.270376493571209,0.3919749731553789,1.1395058654257977,-0.899009822203959,-1.727927660470965,-0.8580484144932617,-1.082535110732551,-0.2952831643556514,1.947104812125646,-1.592596507707975,-0.9560975640618568
-0.3093874145697536,-0.8567004040380035,-0.3161574058658867,-0.7892048706763217,-0.1591797224481808,-0.3417274339161305,-0.259802670613715,-0.9327141707003136,-0.6591444620768042,1.016912114598495,0.9872280837476723,-0.3616821166278091,-0.3242123322201614,-0.2266083655811306,-0.5506201772224562,2.134746555716359,-0.4249430917893408,-0.2968364669508921,-0.3019339255063415,-0.2648609196163668,-0.2506821295079583,-0.162435292576479,-0.162435292576479,-0.0507673082566809,-0.6921614352674402,-0.6860753842634565,-0.6040796973096797,1.0103361919575191,-0.760324474345021,-0.4806377619661694,-0.270376493571209,1.1337218124739663,0.3014754996931336,-0.8067976084037375,0.8987384588068987,-0.4792015643684856,-1.082535110732551,0.2794815430106613,-0.2371709419258537,0.6279054331465134,-0.161693561127958
-0.2189266495291684,-0.8690386363344252,-0.8594590582710318,-0.9957423215282546,-1.0308620978674985,-0.0891799858020827,-0.4811898313338359,-0.1237380003493169,-0.6212910446988283,2.6216943157295884,0.9872280837476723,-0.3616821166278091,-0.3242123322201614,-0.2266083655811306,-0.5506201772224562,-0.4684396830725553,-0.4249430917893408,-0.2968364669508921,-0.3019339255063415,-0.2648609196163668,3.989115626083163,-0.162435292576479,-0.162435292576479,-0.0507673082566809,-0.6921614352674402,-0.6860753842634565,1.6554107089736416,-0.9897695519176712,1.3152279503582291,-0.4806377619661694,-0.270376493571209,2.2463420714518474,0.8210543264473853,-0.8067976084037375,-0.7648167500690816,-0.605483847743411,0.2607062228398966,5.306366474295957,-0.4810112801618212,0.6279054331465134,-0.0941989898583505
1.008355568081396,1.3942108920074152,1.2044745504095415,1.545188419948103,1.944685086346788,1.2401287760035622,-0.9239641527740776,-0.1237380003493169,-0.2049034535410942,-0.5878700865325985,-1.0129371484286014,-0.3616821166278091,3.0843984038242387,-0.2266083655811306,-0.5506201772224562,-0.4684396830725553,-0.4249430917893408,-0.2968364669508921,-0.3019339255063415,-0.2648609196163668,-0.2506821295079583,-0.162435292576479,-0.162435292576479,-0.0507673082566809,1.444749662502673,1.4575657762062992,-0.6040796973096797,-0.9897695519176712,-0.760324474345021,2.08056894220972,-0.270376493571209,0.0211015534960852,-1.5086700902894206,0.1153245295984775,0.373405234951326,-0.1424488087020178,0.9323268896261204,-0.8030966268879361,-0.9735380672211034,0.6279054331465134,0.3633791220702355
-0.6396892650948284,0.705732783492273,-0.3525951752682349,-0.4927152462828252,-0.6591742352462646,-1.1964793327458678,-0.7025769920539569,-0.1237380003493169,-0.9108696876403436,-0.5878700865325985,-1.0129371484286014,-0.3616821166278091,-0.3242123322201614,-0.2266083655811306,1.816133954706112,-0.4684396830725553,2.353256281421644,-0.2968364669508921,-0.3019339255063415,-0.2648609196163668,-0.2506821295079583,-0.162435292576479,-0.162435292576479,-0.0507673082566809,-0.6921614352674402,-0.6860753842634565,1.6554107089736416,-0.9897695519176712,-0.760324474345021,-0.4806377619661694,-0.270376493571209,-0.7206452858225021,0.1171088192319475,1.5907199504020215,1.2489606080439473,-0.9275036703494708,-0.4109144439463271,-0.2672155941535655,-0.6234505135124038,-1.592596507707975,-1.1813270683478152
-2.1680774209717395,0.2206853164821697,1.0521130810059176,0.3957064537481696,-0.939203870945102,-1.4585220918825206,-1.1453513134941986,-0.9327141707003136,-0.5834376273208526,-0.5878700865325985,-1.0129371484286014,-0.3616821166278091,-0.3242123322201614,4.412899750790439,-0.5506201772224562,-0.4684396830725553,-0.4249430917893408,3.368858315395045,-0.3019339255063415,-0.2648609196163668,-0.2506821295079583,-0.162435292576479,-0.162435292576479,-0.0507673082566809,-0.6921614352674402,1.4575657762062992,-0.6040796973096797,-0.9897695519176712,-0.760324474345021,-0.4806377619661694,-0.270376493571209,-1.0915187054817956,-1.8774034512117928,1.6829321642022432,-0.1519279889042467,-0.3529192809935602,0.2607062228398966,0.1491123597603485,-1.188384336089126,-1.592596507707975,-0.0338230369830465
0.5455412976134731,1.2709257945983023,-0.8925916317762641,-1.2883923110402715,0.3041663670954491,-0.039651330504685,-1.3667384742143194,-0.9327141707003136,-0.8862649663446591,0.2145210140329482,-1.0129371484286014,2.7648588471103626,-0.3242123322201614,-0.2266083655811306,-0.5506201772224562,-0.4684396830725553,2.353256281421644,-0.2968364669508921,-0.3019339255063415,-0.2648609196163668,-0.2506821295079583,-0.162435292576479,-0.162435292576479,-0.0507673082566809,-0.6921614352674402,-0.6860753842634565,1.6554107089736416,-0.9897695519176712,-0.760324474345021,-0.4806377619661694,-0.270376493571209,-1.0915187054817956,0.1673906411759073,1.129658881400914,1.2489606080439473,-0.8580484144932617,-0.4109144439463271,-0.355998442888787,-1.4221629647615412,0.6279054331465134,-0.9560975640618568
-0.2775447929051107,-0.8637375013293829,0.9019282040223452,0.8461305311173335,1.4171856717147333,0.74651172826433,-0.7025769920539569,-0.1237380003493169,-0.1973327700654991,-0.5878700865325985,0.9872280837476723,-0.3616821166278091,-0.3242123322201614,-0.2266083655811306,-0.5506201772224562,2.134746555716359,-0.4249430917893408,-0.2968364669508921,-0.3019339255063415,-0.2648609196163668,-0.2506821295079583,-0.162435292576479,-0.162435292576479,-0.0507673082566809,-0.6921614352674402,1.4575657762062992,-0.6040796973096797,-0.9897695519176712,-0.760324474345021,2.08056894220972,-0.270376493571209,0.3919749731553789,0.8713361483913451,-0.8067976084037375,0.8987384588068987,-0.1340299898103562,0.9323268896261204,-0.7744764157362548,-0.7496165532102476,0.6279054331465134,0.3690810756898207
-0.2194607724287162,-0.868460241507126,-0.8252381885557732,-0.3636337027218233,-0.8048015398212639,0.1080651014110785,0.8471331329868893,0.6852381700016797,-0.8239641464736219,1.016912114598495,0.9872280837476723,-0.3616821166278091,-0.3242123322201614,-0.2266083655811306,-0.5506201772224562,-0.4684396830725553,-0.4249430917893408,-0.2968364669508921,-0.3019339255063415,-0.2648609196163668,-0.2506821295079583,6.156297588648554,-0.162435292576479,-0.0507673082566809,-0.6921614352674402,-0.6860753842634565,1.6554107089736416,1.0103361919575191,-0.760324474345021,-0.4806377619661694,-0.270376493571209,-0.1025476446183232,0.8210543264473853,-0.8067976084037375,-1.2025944366153922,-0.8692293215809943,0.2607062228398966,1.614004354525066,1.068634893414922,0.6279054331465134,-0.6120202779463045
-2.6897221101428137,0.8846184381034552,-0.8757947840738264,-1.273846374949262,-1.0115008732048083,-1.4384966396316363,-0.587261684916846,-0.9327141707003136,-0.9559427177850124,0.022298684927113,-1.0129371484286014,-0.3616821166278091,-0.3242123322201614,-0.2266083655811306,1.816133954706112,-0.4684396830725553,0.2406076027068803,-0.2968364669508921,-0.3019339255063415,-0.2648609196163668,-0.2506821295079583,-0.162435292576479,-0.162435292576479,-0.0507673082566809,0.932827199733629,-0.6860753842634565,1.6554107089736416,-0.9897695519176712,-0.760324474345021,-0.4806377619661694,-0.270376493571209,-1.0915187054817956,1.0724979378098072,0.0480429569696478,0.916057771778484,-0.974273925448553,-0.4109144439463271,1.2488464600366604,-0.3154498097396377,-1.592596507707975,-2.535996460492196
-3.2526085638750075,0.9866003093215436,-0.8705032494394424,-1.2692639481761752,-1.005401479277944,-1.405167487088835,-0.4811898313338359,-0.9327141707003136,-0.9544011176250156,0.2145210140329482,-1.0129371484286014,-0.3616821166278091,-0.3242123322201614,-0.2266083655811306,1.816133954706112,-0.4684396830725553,-0.4249430917893408,-0.2968364669508921,-0.3019339255063415,-0.2648609196163668,-0.2506821295079583,-0.162435292576479,-0.162435292576479,-0.0507673082566809,1.444749662502673,-0.6860753842634565,1.6554107089736416,-0.9897695519176712,-0.760324474345021,-0.4806377619661694,-0.270376493571209,-1.0915187054817956,1.4579574044042098,-0.4379487532028515,0.8111829214976366,-0.9717024695306946,-0.4109144439463271,1.5488954169142566,-0.1946965602730499,-1.592596507707975,-2.2755696085845214
-0.320262958144808,-0.8541147478515434,-0.199105102387547,0.5305474496313904,0.0842014899962029,0.7541288458978485,-0.0384155098935941,0.6852381700016797,1.0064059025541323,0.2145210140329482,0.9872280837476723,-0.3616821166278091,-0.3242123322201614,-0.2266083655811306,-0.5506201772224562,2.134746555716359,-0.4249430917893408,-0.2968364669508921,-0.3019339255063415,-0.2648609196163668,-0.2506821295079583,-0.162435292576479,-0.162435292576479,-0.0507673082566809,-0.6921614352674402,1.4575657762062992,-0.6040796973096797,1.0103361919575191,1.3152279503582291,-0.4806377619661694,-0.270376493571209,-0.5969960877080935,-0.0002154319706254,-0.8067976084037375,0.8987384588068987,0.657338986005843,1.603947556412344,-0.2672155941535655,-0.1474416716792906,0.6279054331465134,0.9109269588370094
-1.4721754613306612,0.2617119463545168,-0.1648439254052505,-0.6581686039029303,-0.0940228401306786,0.0127641775944568,-1.1453513134941986,-0.9327141707003136,-0.7348512968327559,-1.3902611870981454,-1.0129371484286014,-0.3616821166278091,-0.3242123322201614,4.412899750790439,-0.5506201772224562,2.134746555716359,-0.4249430917893408,-0.2968364669508921,-0.3019339255063415,-0.2648609196163668,-0.2506821295079583,-0.162435292576479,-0.162435292576479,-0.0507673082566809,-0.6921614352674402,-0.6860753842634565,-0.6040796973096797,1.0103361919575191,-0.760324474345021,-0.4806377619661694,-0.270376493571209,-1.0915187054817956,-1.1566973366817015,1.6829321642022432,0.8987384588068987,-0.605483847743411,-1.082535110732551,-0.9560852880068772,-1.1808803045258536,-1.592596507707975,-0.3265473279595058
1.3043499741041586,1.4062286777129087,0.868795630517113,0.2369550042848284,-0.0940228401306786,0.0127641775944568,-1.3667384742143194,-0.9327141707003136,-0.9118538764921708,-1.3902611870981454,-1.0129371484286014,-0.3616821166278091,-0.3242123322201614,-0.2266083655811306,1.816133954706112,-0.4684396830725553,-0.4249430917893408,-0.2968364669508921,-0.3019339255063415,-0.2648609196163668,-0.2506821295079583,-0.162435292576479,-0.162435292576479,-0.0507673082566809,1.444749662502673,-0.6860753842634565,-0.6040796973096797,1.0103361919575191,-0.760324474345021,-0.4806377619661694,-0.270376493571209,0.3919749731553789,1.4244361897749034,0.2997489571989205,-0.4145946008320331,-0.9007318262739864,-1.082535110732551,-0.9560852880068772,-1.4221629647615412,-1.592596507707975,-1.1924710703133838
-0.2195180407139187,-0.8695370056911885,-1.0924753690176852,-1.0684510438748114,-0.8119379467835917,-0.4970262021063553,0.4043588115466475,-0.1237380003493169,-0.7700549749942733,0.2145210140329482,0.9872280837476723,-0.3616821166278091,-0.3242123322201614,-0.2266083655811306,-0.5506201772224562,-0.4684396830725553,2.353256281421644,-0.2968364669508921,-0.3019339255063415,-0.2648609196163668,-0.2506821295079583,-0.162435292576479,-0.162435292576479,-0.0507673082566809,-0.6921614352674402,-0.6860753842634565,1.6554107089736416,1.0103361919575191,-0.760324474345021,-0.4806377619661694,-0.270376493571209,1.8754686517925536,0.8210543264473853,-0.8067976084037375,1.2489606080439473,-0.7709136389645632,0.2607062228398966,0.7780108576276394,0.5287447024608443,0.6279054331465134,-0.4230581979320407
1.5587505689198111,-0.6077291396822273,-0.8780271775671992,-0.7718186449129292,-1.0482688568607046,-1.533303951757457,-1.1097504755699434,-0.1237380003493169,-0.9280367866254028,-0.4588391371759107,-1.0129371484286014,-0.3616821166278091,-0.3242123322201614,-0.2266083655811306,1.816133954706112,-0.4684396830725553,2.353256281421644,-0.2968364669508921,-0.3019339255063415,-0.2648609196163668,-0.2506821295079583,-0.162435292576479,-0.162435292576479,-0.0507673082566809,-0.6921614352674402,-0.6860753842634565,1.6554107089736416,-0.9897695519176712,-0.760324474345021,-0.4806377619661694,-0.270376493571209,-0.91260040966793,1.305933611177143,1.5443717458959003,1.2489606080439473,-0.9465939807179254,-0.4109144439463271,0.3752976517718887,-1.1049167365135295,-1.592596507707975,-1.4296011375928073
0.8300794482163659,1.384657862510613,-1.2956643021562215,-0.5032567893210683,-0.3811888827918439,-0.936349548357359,-0.7025769920539569,-0.1237380003493169,-0.9354744089360276,-0.5878700865325985,-1.0129371484286014,-0.3616821166278091,-0.3242123322201614,-0.2266083655811306,1.816133954706112,-0.4684396830725553,-0.4249430917893408,3.368858315395045,-0.3019339255063415,-0.2648609196163668,-0.2506821295079583,-0.162435292576479,-0.162435292576479,-0.0507673082566809,-0.6921614352674402,-0.6860753842634565,1.6554107089736416,-0.9897695519176712,-0.760324474345021,-0.4806377619661694,-0.270376493571209,-1.0915187054817956,0.5361240020982795,1.4985077366018005,-0.1519279889042467,-0.9548648317473712,-0.4109144439463271,-0.4547062757769477,-0.5853429543924237,-1.592596507707975,-1.5576883209271697
2.332905265792169,-0.865708882039369,0.5463374942131467,-0.0422911689136613,1.1544766904140455,1.718476807116701,-0.9239641527740776,-0.9327141707003136,-0.2503275543946652,1.016912114598495,-1.0129371484286014,-0.3616821166278091,-0.3242123322201614,-0.2266083655811306,1.816133954706112,-0.4684396830725553,-0.4249430917893408,-0.2968364669508921,-0.3019339255063415,-0.2648609196163668,-0.2506821295079583,-0.162435292576479,-0.162435292576479,-0.0507673082566809,1.444749662502673,-0.6860753842634565,-0.6040796973096797,-0.9897695519176712,1.3152279503582291,-0.4806377619661694,-0.270376493571209,-1.0915187054817956,0.988660399593918,1.959568805602908,0.0231830857142775,0.2027227658561115,-1.082535110732551,-0.3552831711204944,-0.9719105762990692,-1.592596507707975,0.3279219411874569
0.4722779076004222,1.0055528403249554,-1.3000981015304014,-0.7690991462060303,-0.8801426695745881,-1.085005076967666,-0.7025769920539569,-0.1237380003493169,-0.9525084467561168,0.2145210140329482,-1.0129371484286014,-0.3616821166278091,-0.3242123322201614,-0.2266083655811306,1.816133954706112,-0.4684396830725553,-0.4249430917893408,-0.2968364669508921,-0.3019339255063415,3.775566442374484,-0.2506821295079583,-0.162435292576479,-0.162435292576479,-0.0507673082566809,-0.6921614352674402,1.4575657762062992,1.6554107089736416,-0.9897695519176712,-0.760324474345021,-0.4806377619661694,-0.270376493571209,-1.0915187054817956,0.4020391435810533,1.4062955228015783,-1.727927660470965,-0.97380717425361,1.603947556412344,1.0044118841121177,-0.5176924662052141,-1.592596507707975,-2.1477002018605544
1.008355568081396,1.3942108920074152,2.030531681086227,1.932502862174408,1.2002686350889815,0.5435277168067371,-1.1453513134941986,0.6852381700016797,2.9747836062088755,-0.5878700865325985,-1.0129371484286014,-0.3616821166278091,3.0843984038242387,-0.2266083655811306,-0.5506201772224562,-0.4684396830725553,-0.4249430917893408,-0.2968364669508921,-0.3019339255063415,-0.2648609196163668,-0.2506821295079583,-0.162435292576479,-0.162435292576479,-0.0507673082566809,1.444749662502673,1.4575657762062992,-0.6040796973096797,-0.9897695519176712,1.3152279503582291,-0.4806377619661694,-0.270376493571209,0.1447507516104938,-1.5086700902894206,0.1153245295984775,0.6360718468791124,2.299008669879873,0.9323268896261204,-0.7593412624586426,-1.2175563548138264,0.6279054331465134,1.3081291641744173
0.5556806942792494,1.271064981819117,2.143150185190387,1.3405358807652596,2.9589097570813485,2.1892077205963205,-0.9239641527740776,-0.9327141707003136,1.3092332415779389,-0.5878700865325985,-1.0129371484286014,2.7648588471103626,-0.3242123322201614,-0.2266083655811306,-0.5506201772224562,-0.4684396830725553,2.353256281421644,-0.2968364669508921,-0.3019339255063415,-0.2648609196163668,-0.2506821295079583,-0.162435292576479,-0.162435292576479,-0.0507673082566809,-0.6921614352674402,1.4575657762062992,-0.6040796973096797,-0.9897695519176712,-0.760324474345021,-0.4806377619661694,-0.270376493571209,1.8754686517925536,0.1673906411759073,1.129658881400914,1.2489606080439473,2.8041378033795743,0.2607062228398966,-0.8386729899629864,-1.0005937128549722,0.6279054331465134,0.9929297019973355
1.8865592516918948,-0.415898973502706,0.1935285370513288,-0.3478209108108135,0.2274328660753271,-0.1647570144954816,-0.834072571009761,-0.9327141707003136,0.8481355583758616,-0.8261650309517987,-1.0129371484286014,-0.3616821166278091,-0.3242123322201614,-0.2266083655811306,1.816133954706112,-0.4684396830725553,0.4001294504636217,-0.2968364669508921,-0.3019339255063415,-0.2648609196163668,-0.2506821295079583,-0.162435292576479,-0.162435292576479,-0.0507673082566809,0.8101275799384565,-0.6860753842634565,-0.6040796973096797,-0.9897695519176712,0.69882823040222,-0.4806377619661694,-0.270376493571209,-0.3497718661632084,1.0981672170107242,1.3297073826925925,0.5103221758279629,2.035006872449079,-1.2819937155822383,-0.7522044051949991,-0.8987856349816137,-1.592596507707975,0.7826920951780101
-0.2509501184102369,-0.8682905740747869,2.0879292293483327,1.292714973605018,0.456892909846514,-0.1520994643364875,-0.4811898313338359,-0.9327141707003136,-0.2049034535410942,-0.5878700865325985,0.9872280837476723,-0.3616821166278091,-0.3242123322201614,-0.2266083655811306,-0.5506201772224562,-0.4684396830725553,-0.4249430917893408,-0.2968364669508921,-0.3019339255063415,-0.2648609196163668,-0.2506821295079583,-0.162435292576479,6.156297588648554,-0.0507673082566809,-0.6921614352674402,-0.6860753842634565,-0.6040796973096797,-0.9897695519176712,-0.760324474345021,2.08056894220972,-0.270376493571209,-1.0915187054817956,1.0557028288525312,-0.8067976084037375,-1.4652610485431783,0.2784921358810667,-1.082535110732551,-0.6806861260130292,-0.5249131696806653,0.6279054331465134,0.3633791220702355
-0.2902967562695636,-0.861950623787576,-0.7567561418582184,0.5372144520165044,0.5200426777058617,0.4453747215474283,1.511294615147252,1.4942143403526764,3.050490440964827,1.016912114598495,0.9872280837476723,-0.3616821166278091,-0.3242123322201614,-0.2266083655811306,-0.5506201772224562,-0.4684396830725553,-0.4249430917893408,-0.2968364669508921,-0.3019339255063415,-0.2648609196163668,-0.2506821295079583,-0.162435292576479,-0.162435292576479,-0.0507673082566809,1.444749662502673,-0.6860753842634565,1.6554107089736416,1.0103361919575191,1.3152279503582291,2.08056894220972,-0.270376493571209,1.50459523213326,0.7875331118180787,-0.8067976084037375,-1.6403721231617028,1.6928537096802312,1.603947556412344,-0.1570252092998691,1.2350259264714898,0.6279054331465134,1.3190445733804883
-0.2165902207971543,-0.8686234144167525,-0.2822668485941998,-0.759855918486256,-0.2553756122601681,-0.2840626144307696,1.1941222527567934,-0.9327141707003136,-0.3737199738797438,0.2145210140329482,0.9872280837476723,-0.3616821166278091,-0.3242123322201614,-0.2266083655811306,-0.5506201772224562,-0.4684396830725553,-0.4249430917893408,-0.2968364669508921,3.3119829059387924,-0.2648609196163668,-0.2506821295079583,-0.162435292576479,-0.162435292576479,-0.0507673082566809,-0.6921614352674402,-0.6860753842634565,-0.6040796973096797,0.0252487235902471,-0.760324474345021,0.7808018573679525,-0.270376493571209,1.1448217663953095,0.8210543264473853,-0.8067976084037375,-1.027483361996868,-0.0031011407167012,-1.082535110732551,0.0037626053724367,1.2827622141486528,0.6279054331465134,0.1135094019992385
0.8555194028408407,0.6654159532042884,-0.5822659828507347,-0.2919023419814613,-1.1917657735962304,-0.5522937816481845,-0.7025769920539569,-0.1237380003493169,-0.8294848402776954,0.2145210140329482,-1.0129371484286014,-0.3616821166278091,-0.3242123322201614,-0.2266083655811306,1.816133954706112,-0.4684396830725553,-0.4249430917893408,-0.2968364669508921,-0.3019339255063415,-0.2648609196163668,-0.2506821295079583,-0.162435292576479,-0.162435292576479,-0.0507673082566809,1.444749662502673,1.4575657762062992,1.6554107089736416,-0.9897695519176712,-0.760324474345021,-0.4806377619661694,-0.270376493571209,-1.0915187054817956,-1.290782195198928,-0.161312111802187,1.1614050707346852,-0.8370013672641075,1.603947556412344,1.5488954169142566,-0.672939495551736,-1.592596507707975,-0.635414645222581
2.33602488027552,-0.8595095596789252,-0.8583707620610057,-0.8446701418278716,-0.0940228401306786,0.0127641775944568,-0.259802670613715,0.6852381700016797,-0.0156363666512151,-1.3902611870981454,-1.0129371484286014,-0.3616821166278091,-0.3242123322201614,-0.2266083655811306,1.816133954706112,2.134746555716359,-0.4249430917893408,-0.2968364669508921,-0.3019339255063415,-0.2648609196163668,-0.2506821295079583,-0.162435292576479,-0.162435292576479,-0.0507673082566809,-0.6921614352674402,1.4575657762062992,-0.6040796973096797,1.0103361919575191,1.3152279503582291,-0.4806377619661694,-0.270376493571209,-0.1025476446183232,-1.81036102195318,1.959568805602908,0.8987384588068987,-0.1950664267749034,1.603947556412344,-0.9560852880068772,-0.3150327551848056,-1.592596507707975,0.4912496634063913
0.5511049478981229,1.2706007076967902,-0.8594590582710318,-0.654363874793101,-0.6276179357097218,-0.7438347259759714,0.1829716508265267,0.6852381700016797,-0.6591444620768042,0.2145210140329482,-1.0129371484286014,2.7648588471103626,-0.3242123322201614,-0.2266083655811306,-0.5506201772224562,-0.4684396830725553,2.353256281421644,-0.2968364669508921,-0.3019339255063415,-0.2648609196163668,-0.2506821295079583,-0.162435292576479,-0.162435292576479,-0.0507673082566809,-0.6921614352674402,-0.6860753842634565,1.6554107089736416,1.0103361919575191,-0.760324474345021,-0.4806377619661694,-0.270376493571209,-0.3497718661632084,0.1673906411759073,1.129658881400914,1.2489606080439473,-0.7317661311183363,0.2607062228398966,0.3655506539631197,0.2368258672084211,0.6279054331465134,-0.161693561127958
-0.7359384402508241,1.0607440757076192,-0.5635231036780667,0.6529270850356286,0.6626221418073667,1.2334507550645872,0.4043588115466475,1.4942143403526764,1.498500328467818,1.016912114598495,-1.0129371484286014,-0.3616821166278091,-0.3242123322201614,-0.2266083655811306,1.816133954706112,-0.4684396830725553,-0.4249430917893408,-0.2968364669508921,3.3119829059387924,-0.2648609196163668,-0.2506821295079583,-0.162435292576479,-0.162435292576479,-0.0507673082566809,-0.6921614352674402,-0.6860753842634565,-0.6040796973096797,1.0103361919575191,1.3152279503582291,2.08056894220972,3.698546374323143,0.2065382633257321,0.5864058240422394,0.6685978123998065,-1.027483361996868,0.657338986005843,0.9323268896261204,-0.2121923102307226,0.2567370951416608,-1.592596507707975,1.038797507225985
-1.3095381045060843,-0.662333690036142,0.76165891473012,0.14417546323963,-0.3190426721615735,-0.8781951160137854,2.6182304187478564,-0.9327141707003136,-0.5455842099428767,-0.5878700865325985,0.9872280837476723,-0.3616821166278091,-0.3242123322201614,-0.2266083655811306,-0.5506201772224562,-0.4684396830725553,-0.4249430917893408,-0.2968364669508921,-0.3019339255063415,-0.2648609196163668,-0.2506821295079583,-0.162435292576479,-0.162435292576479,19.69771560359221,-0.6921614352674402,-0.6860753842634565,-0.6040796973096797,-0.9897695519176712,-0.760324474345021,2.08056894220972,-0.270376493571209,-0.3497718661632084,-2.028248917043672,-0.8067976084037375,-1.2901499739246545,-0.2897781393060974,-1.082535110732551,-0.4834636325896965,2.7615750912840946,0.6279054331465134,0.0207936569884482
0.5489091532151829,1.2705312458548037,-0.8504592211456542,-1.251905979601779,-0.7624190039126575,-1.098131831986937,-0.955041650780591,-0.9327141707003136,-0.9472814975557876,-0.8177882371852425,-1.0129371484286014,2.7648588471103626,-0.3242123322201614,-0.2266083655811306,-0.5506201772224562,-0.4684396830725553,2.353256281421644,-0.2968364669508921,-0.3019339255063415,-0.2648609196163668,-0.2506821295079583,-0.162435292576479,-0.162435292576479,-0.0507673082566809,-0.6921614352674402,-0.6860753842634565,1.6554107089736416,-0.9897695519176712,-0.760324474345021,-0.4806377619661694,-0.270376493571209,-0.3497718661632084,0.0381083880650523,1.129658881400914,1.2489606080439473,-0.9598266345152384,-0.4109144439463271,-0.0624850894189575,-0.8729540604196677,0.6279054331465134,-2.460183147494321
-0.2156882891005481,-0.8688249699190589,-0.6054829686646204,-1.0397584995786666,-0.4422571986205126,-0.4999130549080998,-0.259802670613715,-0.9327141707003136,-0.7197099298815656,1.016912114598495,0.9872280837476723,-0.3616821166278091,-0.3242123322201614,-0.2266083655811306,-0.5506201772224562,-0.4684396830725553,2.353256281421644,-0.2968364669508921,-0.3019339255063415,-0.2648609196163668,-0.2506821295079583,-0.162435292576479,-0.162435292576479,-0.0507673082566809,-0.6921614352674402,-0.6860753842634565,-0.6040796973096797,1.0103361919575191,-0.760324474345021,-0.4806377619661694,-0.270376493571209,-1.0915187054817956,0.8210543264473853,-0.8067976084037375,1.2489606080439473,-0.5802273910684259,-1.082535110732551,0.6437049903333733,-0.2206224186838175,0.6279054331465134,-0.2895640781098522
0.5507406550857246,1.2709705625470833,-4.539028851635589,-4.446177849112092,-3.2783099279930505,-2.894574844634593,-0.0384155098935941,-0.9327141707003136,-0.9544011176250156,0.2145210140329482,-1.0129371484286014,2.7648588471103626,-0.3242123322201614,-0.2266083655811306,-0.5506201772224562,-0.4684396830725553,-0.4249430917893408,-0.2968364669508921,-0.3019339255063415,3.775566442374484,-0.2506821295079583,-0.162435292576479,-0.162435292576479,-0.0507673082566809,-0.6921614352674402,-0.6860753842634565,1.6554107089736416,-0.9897695519176712,-0.760324474345021,-0.4806377619661694,-0.270376493571209,-1.0915187054817956,0.1673906411759073,1.129658881400914,-1.727927660470965,-0.9717024695306946,-0.4109144439463271,1.5488954169142566,0.4190366419711957,0.6279054331465134,-2.2755696085845214
-0.2452198490675782,-0.8660960454442612,-0.4055437864163431,-0.069875532828578,-0.6745864292023033,-0.2437454975603054,-0.4448689192998473,-0.1237380003493169,-0.9129207246851424,-0.0090624290745646,0.9872280837476723,-0.3616821166278091,-0.3242123322201614,-0.2266083655811306,-0.5506201772224562,-0.4684396830725553,-0.4249430917893408,3.368858315395045,-0.3019339255063415,-0.2648609196163668,-0.2506821295079583,-0.162435292576479,-0.162435292576479,-0.0507673082566809,-0.6921614352674402,1.4575657762062992,1.6554107089736416,-0.9897695519176712,-0.760324474345021,-0.4806377619661694,-0.270376493571209,0.2461355574776569,0.6762755234801061,-0.8067976084037375,-0.1519279889042467,-0.9297844828383184,1.603947556412344,0.2464354239777805,-0.2847469545082223,0.6279054331465134,-1.6196967210207207
-1.895784417975663,0.2389631716011092,-0.7496043564844934,-0.6807506333974955,-0.2256281448870263,-0.5911216702227813,0.3096916467044615,0.0213059049235054,0.617420740412501,0.0429661453177497,-1.0129371484286014,-0.3616821166278091,-0.3242123322201614,4.412899750790439,-0.5506201772224562,2.134746555716359,-0.4249430917893408,-0.2968364669508921,-0.3019339255063415,-0.2648609196163668,-0.2506821295079583,-0.162435292576479,-0.162435292576479,-0.0507673082566809,-0.6921614352674402,-0.6860753842634565,-0.6040796973096797,1.0103361919575191,0.0555704612324042,0.5261667658466249,-0.270376493571209,1.1337218124739663,-0.8759428480994564,1.6829321642022432,0.8987384588068987,0.6672672416579242,-0.5545099988268769,-0.2024314002684928,0.2065982789874173,-1.592596507707975,0.7235688366332604
-0.3074989123154637,-0.8564498714598807,0.3707187317285991,0.5448937217794629,0.1340820011599724,-0.3121632787175434,-0.0384155098935941,-0.1237380003493169,-0.4501935981503776,0.2145210140329482,0.9872280837476723,-0.3616821166278091,-0.3242123322201614,-0.2266083655811306,-0.5506201772224562,-0.4684396830725553,2.353256281421644,-0.2968364669508921,-0.3019339255063415,-0.2648609196163668,-0.2506821295079583,-0.162435292576479,-0.162435292576479,-0.0507673082566809,-0.6921614352674402,1.4575657762062992,-0.6040796973096797,-0.9897695519176712,-0.760324474345021,-0.4806377619661694,-0.270376493571209,-0.7206452858225021,0.3014754996931336,-0.8067976084037375,1.2489606080439473,-0.4152185407918566,0.2607062228398966,-0.2895769489296078,-0.0447818280827368,0.6279054331465134,0.1389976917279817
2.342269825677224,-0.8667850363540403,-0.4895189613963065,-0.1761897089623371,-0.1276234229116382,1.1076813607138922,-0.259802670613715,-0.1237380003493169,-0.8029874481131123,1.016912114598495,-1.0129371484286014,-0.3616821166278091,-0.3242123322201614,-0.2266083655811306,1.816133954706112,-0.4684396830725553,-0.4249430917893408,-0.2968364669508921,-0.3019339255063415,-0.2648609196163668,-0.2506821295079583,-0.162435292576479,-0.162435292576479,-0.0507673082566809,1.444749662502673,-0.6860753842634565,1.6554107089736416,1.0103361919575191,-0.760324474345021,-0.4806377619661694,-0.270376493571209,-0.7206452858225021,0.988660399593918,1.959568805602908,0.6360718468791124,-0.8075355011432915,0.2607062228398966,0.2488994538723306,-0.1880910647087442,-1.592596507707975,-0.5309368508225036
1.791878731627213,-0.8808045194653373,-0.321679501450092,-0.5902768780440476,1.5729972237255545,2.428399126832419,-0.7025769920539569,0.6852381700016797,-0.2957516552482362,0.2145210140329482,-1.0129371484286014,-0.3616821166278091,-0.3242123322201614,-0.2266083655811306,1.816133954706112,-0.4684396830725553,-0.4249430917893408,-0.2968364669508921,-0.3019339255063415,-0.2648609196163668,-0.2506821295079583,-0.162435292576479,-0.162435292576479,-0.0507673082566809,1.444749662502673,-0.6860753842634565,-0.6040796973096797,1.0103361919575191,1.3152279503582291,-0.4806377619661694,-0.270376493571209,-1.0915187054817956,0.4858421801543197,1.314083309001357,0.0231830857142775,-0.4286886510185154,-0.4109144439463271,-0.611887077350048,-0.7441624923715365,-1.592596507707975,0.2901252814778832
0.0868623481935705,1.1218749086383026,0.0416502036304017,0.1900765529591317,-1.1550801815555147,-1.660532225286513,-0.9239641527740776,-0.1237380003493169,-0.1594793526875232,-0.5878700865325985,-1.0129371484286014,-0.3616821166278091,-0.3242123322201614,-0.2266083655811306,1.816133954706112,-0.4684396830725553,-0.4249430917893408,3.368858315395045,-0.3019339255063415,-0.2648609196163668,-0.2506821295079583,-0.162435292576479,-0.162435292576479,-0.0507673082566809,-0.6921614352674402,1.4575657762062992,-0.6040796973096797,-0.9897695519176712,1.3152279503582291,-0.4806377619661694,-0.270376493571209,0.3919749731553789,0.6534482533008524,1.8673565918026864,-0.1519279889042467,-0.0919358953520476,0.9323268896261204,0.2964050644536896,-0.975059977178477,-1.592596507707975,0.3967696311170445
0.0720253411459414,1.1259767664211673,1.770993188628572,1.0182508911225523,-0.0940228401306786,0.0127641775944568,-1.3667384742143194,-0.9327141707003136,-0.9468304341494204,-1.3902611870981454,-1.0129371484286014,-0.3616821166278091,-0.3242123322201614,-0.2266083655811306,1.816133954706112,-0.4684396830725553,-0.4249430917893408,-0.2968364669508921,-0.3019339255063415,-0.2648609196163668,-0.2506821295079583,-0.162435292576479,-0.162435292576479,-0.0507673082566809,1.444749662502673,1.4575657762062992,-0.6040796973096797,-0.9897695519176712,-0.760324474345021,-0.4806377619661694,-0.270376493571209,-1.0915187054817956,1.3071119385723304,1.8673565918026864,0.373405234951326,-0.959074241193202,0.2607062228398966,-0.9560852880068772,-1.4221629647615412,-1.592596507707975,-1.8783702574139316
-0.3295390076357998,-0.8506666003545029,1.440205741430697,1.5534370693721156,-0.0940228401306786,0.0127641775944568,-0.4946945588043563,0.6605641946112393,2.6145957730019287,-1.3902611870981454,0.9872280837476723,-0.3616821166278091,-0.3242123322201614,-0.2266083655811306,-0.5506201772224562,-0.4684396830725553,-0.4249430917893408,-0.2968364669508921,-0.3019339255063415,-0.2648609196163668,-0.2506821295079583,-0.162435292576479,-0.162435292576479,-0.0507673082566809,1.444749662502673,1.3921841850323378,-0.6040796973096797,-0.9897695519176712,-0.760324474345021,2.08056894220972,3.698546374323143,0.6995291861243087,0.909751225765236,-0.8067976084037375,0.6808999318446903,2.02941733691827,1.5424937618087111,-0.9560852880068772,-0.6120648248190098,0.6279054331465134,1.2531416193939628
0.6415097703765933,0.7548250544058343,0.7258580669770837,1.44039268947666,-0.3926404236763565,-0.9470655333360742,-0.9239641527740776,-0.1237380003493169,0.4915531198302176,-0.5878700865325985,-0.4432090948588892,-0.3616821166278091,2.113488036629008,-0.2266083655811306,-0.5506201772224562,2.134746555716359,-0.4249430917893408,-0.2968364669508921,-0.3019339255063415,-0.2648609196163668,-0.2506821295079583,-0.162435292576479,-0.162435292576479,-0.0507673082566809,-0.6921614352674402,1.4575657762062992,-0.6040796973096797,-0.9897695519176712,1.3152279503582291,-0.4806377619661694,-0.270376493571209,0.8684881610218879,-1.3320284023672402,-0.1473331960664808,0.8987384588068987,0.6320310352937614,0.9323268896261204,-0.4317281559514989,-0.9900020068878568,0.6279054331465134,0.737093557536849
2.3020734996120216,-0.819116567009455,-0.3649963667285413,-0.8314990211052974,-0.6682294126874706,-1.101089847761958,-0.7145272253594913,-0.9327141707003136,-0.925109377176318,0.1928649233571094,-1.0129371484286014,-0.3616821166278091,-0.3242123322201614,-0.2266083655811306,1.816133954706112,-0.4684396830725553,-0.4249430917893408,-0.2968364669508921,-0.3019339255063415,-0.2648609196163668,-0.2506821295079583,6.156297588648554,-0.162435292576479,-0.0507673082566809,-0.6921614352674402,-0.6860753842634565,-0.5430973047019212,0.9563544474938804,-0.760324474345021,-0.4806377619661694,-0.270376493571209,-1.0915187054817956,0.9949934325020025,1.9396587536387728,-1.2025944366153922,-0.922842576235573,-1.064408441519198,0.4164663883842535,-0.6187303657377574,-1.592596507707975,-1.4075309007251136
-0.2188923509191563,-0.8682918556843768,-0.389032944670583,-0.8523145058191803,-0.0685622215411241,-0.6438035373275758,-0.0384155098935941,-0.9327141707003136,-0.8484115489666834,-0.5878700865325985,0.9872280837476723,-0.3616821166278091,-0.3242123322201614,-0.2266083655811306,-0.5506201772224562,-0.4684396830725553,-0.4249430917893408,-0.2968364669508921,-0.3019339255063415,-0.2648609196163668,-0.2506821295079583,6.156297588648554,-0.162435292576479,-0.0507673082566809,-0.6921614352674402,-0.6860753842634565,-0.6040796973096797,-0.9897695519176712,-0.760324474345021,-0.4806377619661694,-0.270376493571209,-1.0915187054817956,0.8210543264473853,-0.8067976084037375,-1.2025944366153922,-0.7949072728057991,-1.7541557775187746,-0.5722069409167063,0.0914595094767856,0.6279054331465134,-0.7237493533031532
-0.3173415740370479,-0.8561986317868115,-0.8760253450236478,-0.5453182441590907,-0.3781038735320876,0.1509505171285582,0.6257459722667684,0.6852381700016797,-0.5380135264672815,1.8193032151640416,-1.0129371484286014,2.7648588471103626,-0.3242123322201614,-0.2266083655811306,-0.5506201772224562,-0.4684396830725553,2.353256281421644,-0.2968364669508921,-0.3019339255063415,-0.2648609196163668,-0.2506821295079583,-0.162435292576479,-0.162435292576479,-0.0507673082566809,-0.6921614352674402,-0.6860753842634565,-0.6040796973096797,1.0103361919575191,1.3152279503582291,-0.4806377619661694,-0.270376493571209,-0.3497718661632084,0.1673906411759073,1.129658881400914,1.2489606080439473,-0.630740304418396,-0.4109144439463271,1.0433913649306796,0.667426965744729,0.6279054331465134,0.0311190095718829
0.6521055857666312,0.7336878423782326,0.5924815638170599,1.982434678617813,-0.8996524374788947,-1.0735973668147256,-0.0585040017302194,0.2715743544330664,0.8445809228977523,-0.9981666767204532,0.009832139510659,-0.3616821166278091,1.3414312132721484,-0.2266083655811306,-0.5506201772224562,-0.4684396830725553,-0.4249430917893408,-0.2968364669508921,-0.3019339255063415,-0.2648609196163668,-0.2506821295079583,-0.162435292576479,6.156297588648554,-0.0507673082566809,-0.6921614352674402,0.4100592290281929,-0.6040796973096797,-0.9897695519176712,1.3152279503582291,-0.4806377619661694,-0.270376493571209,0.598444654248504,0.6683391295853529,-0.3561956164903518,-1.4652610485431783,0.829097501373116,-0.0522507420954003,-0.3440463569236782,-0.1495128243509944,0.6279054331465134,0.8501401948200906
-1.5046193999899211,-0.6416042426909773,-0.5491334093455021,-0.9909602308122304,-1.0308620978674985,-0.5208514330605108,-0.7025769920539569,-0.9327141707003136,-0.924118383722635,1.016912114598495,0.9872280837476723,-0.3616821166278091,-0.3242123322201614,-0.2266083655811306,-0.5506201772224562,-0.4684396830725553,2.353256281421644,-0.2968364669508921,-0.3019339255063415,-0.2648609196163668,-0.2506821295079583,-0.162435292576479,-0.162435292576479,-0.0507673082566809,-0.6921614352674402,-0.6860753842634565,1.6554107089736416,-0.9897695519176712,-0.760324474345021,-0.4806377619661694,-0.270376493571209,0.3919749731553789,-0.5533154733541836,-0.8067976084037375,1.2489606080439473,-0.9211895561807244,-0.4109144439463271,2.801385769374823,-0.6064776584619174,0.6279054331465134,-1.3532992073784889
-0.4108922868964286,-0.8366119318631523,0.7595957635501434,0.6117517821865022,-0.0940228401306786,0.0127641775944568,-0.8784539297471123,-0.2068880028526645,2.500763935365917,-1.3902611870981454,0.9872280837476723,-0.3616821166278091,-0.3242123322201614,-0.2266083655811306,-0.5506201772224562,-0.4684396830725553,-0.4249430917893408,-0.2968364669508921,-0.3019339255063415,-0.2648609196163668,-0.2506821295079583,-0.162435292576479,-0.162435292576479,-0.0507673082566809,1.444749662502673,-0.6860753842634565,-0.6040796973096797,-0.9897695519176712,-0.760324474345021,1.8173172523961427,3.698546374323143,2.464735717771388,-0.1087471900725749,-0.8067976084037375,-0.5692692582879588,2.978823397445736,-0.4799464651248304,-0.9560852880068772,-0.9660902454287204,0.6279054331465134,1.2261497184312993
0.8859948480034909,0.7477446133173288,-0.3740907695252006,-0.8393747013644516,-1.0086715231300885,-1.5171720062741578,-1.118987903583469,-0.9327141707003136,-0.9586499679032398,-0.5400945845023027,-1.0129371484286014,-0.3616821166278091,-0.3242123322201614,-0.2266083655811306,1.816133954706112,-0.4684396830725553,-0.4249430917893408,-0.2968364669508921,-0.3019339255063415,-0.2648609196163668,-0.2506821295079583,6.156297588648554,-0.162435292576479,-0.0507673082566809,-0.6921614352674402,-0.6860753842634565,1.5208774515425234,-0.8706804244834749,-0.760324474345021,-0.4806377619661694,-0.270376493571209,-1.0915187054817956,1.209337597986393,1.265794661198071,-1.2025944366153922,-0.9787897360447678,-0.4509036892246185,0.3037519746761669,-1.0334284028523155,-1.592596507707975,-3.2430253978954844
4.250713343794817,4.471001086194502,-1.2956643021562215,-1.2883923110402715,-1.6204705543435614,-1.2441297946541787,0.6257459722667684,-0.1237380003493169,3.2473282113303013,0.2145210140329482,-1.0129371484286014,-0.3616821166278091,-0.3242123322201614,-0.2266083655811306,1.816133954706112,-0.4684396830725553,-0.4249430917893408,-0.2968364669508921,-0.3019339255063415,-0.2648609196163668,-0.2506821295079583,-0.162435292576479,-0.162435292576479,-0.0507673082566809,1.444749662502673,-0.6860753842634565,-0.6040796973096797,1.0103361919575191,1.3152279503582291,-0.4806377619661694,-0.270376493571209,-0.3497718661632084,-0.8047245830739829,-0.6223731808032945,0.0231830857142775,3.6965326058957135,-0.4109144439463271,1.5488954169142566,0.4127515344562981,-1.592596507707975,1.3464882762526298
-0.3202413656107784,-0.8551608373729718,-0.8208043891815936,0.1183451922187698,0.3347191094029144,0.9751991640651652,-0.0384155098935941,0.6852381700016797,-0.0232070501268102,1.8193032151640416,0.9872280837476723,-0.3616821166278091,-0.3242123322201614,-0.2266083655811306,-0.5506201772224562,-0.4684396830725553,2.353256281421644,-0.2968364669508921,-0.3019339255063415,-0.2648609196163668,-0.2506821295079583,-0.162435292576479,-0.162435292576479,-0.0507673082566809,-0.6921614352674402,1.4575657762062992,-0.6040796973096797,1.0103361919575191,1.3152279503582291,-0.4806377619661694,-0.270376493571209,-0.5969960877080935,-0.0002154319706254,-0.8067976084037375,1.2489606080439473,-0.2013805409436497,1.603947556412344,0.2229813681391421,-0.0929910631479402,0.6279054331465134,0.4866468947108899
-0.2205711639440515,-0.8686705492214976,0.1476583159403305,0.3201354581263284,-0.8149857872570858,2.0110228181464835,-0.7025769920539569,-0.1237380003493169,-0.424453274333354,1.016912114598495,0.9872280837476723,-0.3616821166278091,-0.3242123322201614,-0.2266083655811306,-0.5506201772224562,-0.4684396830725553,2.353256281421644,-0.2968364669508921,-0.3019339255063415,-0.2648609196163668,-0.2506821295079583,-0.162435292576479,-0.162435292576479,-0.0507673082566809,-0.6921614352674402,-0.6860753842634565,1.6554107089736416,1.0103361919575191,-0.760324474345021,-0.4806377619661694,-0.270376493571209,-0.7206452858225021,0.8210543264473853,-0.8067976084037375,1.2489606080439473,-0.386594556560207,0.2607062228398966,1.658551707893851,-0.7354869493823302,0.6279054331465134,0.1671179276425853
0.3470430290910004,1.1993022471807608,0.9560205563873356,0.3124910941350196,-0.0940228401306786,0.0127641775944568,-1.1453513134941986,-0.9327141707003136,-0.9544011176250156,-1.3902611870981454,-1.0129371484286014,-0.3616821166278091,-0.3242123322201614,-0.2266083655811306,1.816133954706112,-0.4684396830725553,-0.4249430917893408,-0.2968364669508921,-0.3019339255063415,-0.2648609196163668,-0.2506821295079583,-0.162435292576479,6.156297588648554,-0.0507673082566809,-0.6921614352674402,1.4575657762062992,-0.6040796973096797,-0.9897695519176712,-0.760324474345021,-0.4806377619661694,-0.270376493571209,-1.0915187054817956,1.390914975145597,1.4062955228015783,-1.4652610485431783,-0.9717024695306946,0.2607062228398966,-0.9560852880068772,-1.1152963636394184,-1.592596507707975,-2.2755696085845214
-0.2156142866601853,-0.8686295459771294,-0.8925916317762641,-1.2883923110402715,0.2068315243008739,-0.3860988953552302,-0.6942633053038307,-0.9327141707003136,-0.9428318676788888,-0.5878700865325985,0.9872280837476723,-0.3616821166278091,-0.3242123322201614,-0.2266083655811306,-0.5506201772224562,-0.4684396830725553,-0.4249430917893408,-0.2968364669508921,-0.3019339255063415,-0.2648609196163668,-0.2506821295079583,-0.162435292576479,-0.162435292576479,-0.0507673082566809,1.444749662502673,-0.6860753842634565,1.6554107089736416,-0.9897695519176712,-0.760324474345021,-0.4806377619661694,-0.270376493571209,0.4198295734399311,0.8371855276189603,-0.8067976084037375,-0.0294240705858774,-0.9524044589238346,-0.4109144439463271,-0.6324996768991968,-0.5544619192483835,0.6279054331465134,-1.7448544114556592
2.33602488027552,-0.8595095596789252,0.8389682529089958,0.2111247332639678,0.8285807724677478,0.1957141262351248,-0.7025769920539569,-0.9327141707003136,-0.5834376273208526,-0.5878700865325985,-1.0129371484286014,-0.3616821166278091,-0.3242123322201614,-0.2266083655811306,1.816133954706112,2.134746555716359,-0.4249430917893408,-0.2968364669508921,-0.3019339255063415,-0.2648609196163668,-0.2506821295079583,-0.162435292576479,-0.162435292576479,-0.0507673082566809,-0.6921614352674402,1.4575657762062992,-0.6040796973096797,-0.9897695519176712,-0.760324474345021,-0.4806377619661694,-0.270376493571209,1.8754686517925536,-1.81036102195318,1.959568805602908,0.8987384588068987,-0.3529192809935602,0.2607062228398966,-0.7265653406987288,-0.720827078744295,-1.592596507707975,-0.0338230369830465
1.0017154091506906,1.3961259702823103,0.2834938058583763,0.4291461829886887,-0.2864828153959535,2.8067159692971617,-0.0384155098935941,-0.1237380003493169,0.2493375549946156,2.6216943157295884,-1.0129371484286014,-0.3616821166278091,3.0843984038242387,-0.2266083655811306,-0.5506201772224562,-0.4684396830725553,2.353256281421644,-0.2968364669508921,-0.3019339255063415,-0.2648609196163668,-0.2506821295079583,-0.162435292576479,-0.162435292576479,-0.0507673082566809,-0.6921614352674402,-0.6860753842634565,-0.6040796973096797,1.0103361919575191,1.3152279503582291,-0.4806377619661694,-0.270376493571209,-1.0915187054817956,1.524999833662823,0.1153245295984775,1.2489606080439473,0.3626803247976836,-0.4109144439463271,1.338082274031661,-0.1122538376766826,0.6279054331465134,0.6327107641416275
0.0678442886179064,1.137755067907072,0.4524618692816546,0.0858479188127955,-1.959561391412913,0.0975611309758159,-0.259802670613715,0.6852381700016797,-0.8241853618447788,1.8193032151640416,0.9872280837476723,-0.3616821166278091,-0.3242123322201614,-0.2266083655811306,-0.5506201772224562,-0.4684396830725553,-0.4249430917893408,3.368858315395045,-0.3019339255063415,-0.2648609196163668,-0.2506821295079583,-0.162435292576479,-0.162435292576479,-0.0507673082566809,-0.6921614352674402,-0.6860753842634565,1.6554107089736416,-0.9897695519176712,-0.760324474345021,-0.4806377619661694,-0.270376493571209,-1.0915187054817956,0.8210543264473853,-0.8067976084037375,-0.1519279889042467,-0.8694138199970051,-0.4109144439463271,4.053876121835391,-0.1766344241756586,0.6279054331465134,-0.6129395549404508
0.5497213586076856,1.2704250940580588,-0.3579971169452128,-0.6607331664736905,-0.3782176640416377,-0.220973414294936,-0.2437391835659108,-0.538009081515599,-0.921343289903404,-0.1575644491759351,-1.0129371484286014,2.7648588471103626,-0.3242123322201614,-0.2266083655811306,-0.5506201772224562,-0.4684396830725553,-0.4249430917893408,3.368858315395045,-0.3019339255063415,-0.2648609196163668,-0.2506821295079583,-0.162435292576479,-0.162435292576479,-0.0507673082566809,-0.6921614352674402,-0.6860753842634565,1.6554107089736416,-0.9897695519176712,-0.760324474345021,-0.4806377619661694,-0.270376493571209,0.0121315657248982,0.1673906411759073,1.129658881400914,-0.1519279889042467,-0.934839400142041,-0.4109144439463271,0.0879081665507783,0.0239184006475614,0.6279054331465134,-1.460968780735385
-1.487067865830218,-0.6385564866991499,0.8080525790908532,0.1843520064085627,-0.0940228401306786,0.0127641775944568,-1.3667384742143194,-0.9327141707003136,-0.8862649663446591,-1.3902611870981454,0.9872280837476723,-0.3616821166278091,-0.3242123322201614,-0.2266083655811306,-0.5506201772224562,-0.4684396830725553,-0.4249430917893408,-0.2968364669508921,-0.3019339255063415,-0.2648609196163668,-0.2506821295079583,-0.162435292576479,-0.162435292576479,-0.0507673082566809,1.444749662502673,1.4575657762062992,-0.6040796973096797,-0.9897695519176712,-0.760324474345021,-0.4806377619661694,-0.270376493571209,-0.3497718661632084,0.804293719132732,-0.8067976084037375,0.0231830857142775,-0.8580484144932617,0.2607062228398966,-0.9560852880068772,-1.4221629647615412,0.6279054331465134,-0.9560975640618568
-0.3010125774539036,-0.8480133006896833,-0.9919893522919616,-1.3744699439287065,-1.182585083389486,1.0485878316757753,0.6257459722667684,-0.9327141707003136,-0.6591444620768042,1.8193032151640416,0.9872280837476723,-0.3616821166278091,-0.3242123322201614,-0.2266083655811306,-0.5506201772224562,-0.4684396830725553,-0.4249430917893408,3.368858315395045,-0.3019339255063415,-0.2648609196163668,-0.2506821295079583,-0.162435292576479,-0.162435292576479,-0.0507673082566809,-0.6921614352674402,-0.6860753842634565,-0.6040796973096797,1.0103361919575191,-0.760324474345021,-0.4806377619661694,-0.270376493571209,-1.0915187054817956,-0.8885276196472492,-0.8067976084037375,-0.1519279889042467,-0.4792015643684856,-1.082535110732551,4.053876121835391,0.7108226763426962,0.6279054331465134,-0.161693561127958
0.3013138876167845,0.1015409670779626,-0.7236235683529859,-0.9785337761048976,-0.9993057983309556,-0.8963162040825663,-0.7025769920539569,-0.1237380003493169,-0.7159245881437679,1.016912114598495,-1.0129371484286014,-0.3616821166278091,-0.3242123322201614,-0.2266083655811306,1.816133954706112,-0.4684396830725553,-0.4249430917893408,-0.2968364669508921,-0.3019339255063415,-0.2648609196163668,-0.2506821295079583,-0.162435292576479,-0.162435292576479,-0.0507673082566809,1.444749662502673,1.4575657762062992,-0.6040796973096797,1.0103361919575191,-0.760324474345021,-0.4806377619661694,-0.270376493571209,-1.0915187054817956,0.988660399593918,1.959568805602908,1.1614050707346852,-0.7107190838891821,0.9323268896261204,2.801385769374823,-0.7019374757967495,-1.592596507707975,-0.2806795359548891
-0.3215052174221238,-0.8495191919579034,-0.7258404680400757,-0.4248235204239424,0.0842014899962029,-0.5008521516026432,2.839617579467977,0.6852381700016797,1.4227934937118665,-0.5878700865325985,0.9872280837476723,-0.3616821166278091,-0.3242123322201614,-0.2266083655811306,-0.5506201772224562,-0.4684396830725553,-0.4249430917893408,-0.2968364669508921,3.3119829059387924,-0.2648609196163668,-0.2506821295079583,-0.162435292576479,-0.162435292576479,-0.0507673082566809,-0.6921614352674402,-0.6860753842634565,-0.6040796973096797,1.0103361919575191,1.3152279503582291,2.08056894220972,-0.270376493571209,0.6391991947002641,0.9383785776499582,-0.8067976084037375,-1.027483361996868,1.0046152652868878,0.2607062228398966,-0.6116504410802214,2.572047157844887,0.6279054331465134,1.0208884981341189
0.5473586042681919,1.2708668847505975,-0.8605473544810576,-1.260642222578672,-0.8444978035492118,-1.0649710141507411,0.4043588115466475,-0.9327141707003136,-0.8294848402776954,0.2145210140329482,-1.0129371484286014,2.7648588471103626,-0.3242123322201614,-0.2266083655811306,-0.5506201772224562,-0.4684396830725553,-0.4249430917893408,-0.2968364669508921,-0.3019339255063415,-0.2648609196163668,-0.2506821295079583,-0.162435292576479,-0.162435292576479,-0.0507673082566809,1.444749662502673,-0.6860753842634565,-0.6040796973096797,-0.9897695519176712,-0.760324474345021,-0.4806377619661694,-0.270376493571209,1.8754686517925536,0.1673906411759073,1.129658881400914,0.1107386230235396,-0.7633367019620677,-1.7541557775187746,0.8791876408683376,0.5757662864646061,0.6279054331465134,-0.635414645222581
0.2659941144432124,-0.0991687288806919,0.992458325789684,0.3440459117064491,1.1870365471796656,0.5311455529823879,-1.3667384742143194,-0.9327141707003136,2.823369936696972,-0.5878700865325985,-1.0129371484286014,-0.3616821166278091,-0.3242123322201614,-0.2266083655811306,1.816133954706112,-0.4684396830725553,2.353256281421644,-0.2968364669508921,-0.3019339255063415,-0.2648609196163668,-0.2506821295079583,-0.162435292576479,-0.162435292576479,-0.0507673082566809,-0.6921614352674402,1.4575657762062992,-0.6040796973096797,-0.9897695519176712,-0.760324474345021,-0.4806377619661694,-0.270376493571209,1.1337218124739663,-1.0058518708498223,-0.714585394603516,1.2489606080439473,5.329783470878081,0.2607062228398966,-0.7583359536056741,-1.4221629647615412,-1.592596507707975,1.2856540617387753
2.3278031656663387,-0.8578511259340942,0.1752687938613577,-0.3636337027218233,-0.6591742352462646,-1.1964793327458678,-1.1453513134941986,-0.9327141707003136,1.233526406821987,-0.5878700865325985,-1.0129371484286014,-0.3616821166278091,-0.3242123322201614,-0.2266083655811306,1.816133954706112,-0.4684396830725553,-0.4249430917893408,-0.2968364669508921,-0.3019339255063415,-0.2648609196163668,3.989115626083163,-0.162435292576479,-0.162435292576479,-0.0507673082566809,-0.6921614352674402,1.4575657762062992,-0.6040796973096797,-0.9897695519176712,-0.760324474345021,-0.4806377619661694,-0.270376493571209,1.8754686517925536,-1.81036102195318,1.959568805602908,-0.7648167500690816,2.677855520004649,0.2607062228398966,-0.2672155941535655,-1.2109853342587449,-1.592596507707975,0.9735027009438134
-0.482899826558344,-0.8235658433124523,-0.8512680218401848,-1.252606394549954,-0.2980154057594255,-0.2207482816144739,-0.6121592298304033,-0.9327141707003136,-0.920430464262196,-1.062552897668707,0.9872280837476723,-0.3616821166278091,-0.3242123322201614,-0.2266083655811306,-0.5506201772224562,-0.4684396830725553,-0.4249430917893408,-0.2968364669508921,-0.3019339255063415,-0.2648609196163668,-0.2506821295079583,-0.162435292576479,-0.162435292576479,-0.0507673082566809,1.444749662502673,-0.6860753842634565,1.6554107089736416,-0.9897695519176712,-0.760324474345021,-0.4806377619661694,-0.270376493571209,-1.0915187054817956,0.0892718892351169,-0.8067976084037375,0.3912847175013383,-0.9150379465952972,-0.4109144439463271,-0.4445498651408586,-0.4820148463864163,0.6279054331465134,-1.3714633540678705
0.3013138876167845,0.1015409670779626,-0.2818962288835903,-0.6725148760510028,-0.7528767454130776,-1.2841631389289712,-0.0384155098935941,-0.1237380003493169,-0.7925357410408794,-0.5878700865325985,-1.0129371484286014,-0.3616821166278091,-0.3242123322201614,-0.2266083655811306,1.816133954706112,-0.4684396830725553,-0.4249430917893408,-0.2968364669508921,3.3119829059387924,-0.2648609196163668,-0.2506821295079583,-0.162435292576479,-0.162435292576479,-0.0507673082566809,-0.6921614352674402,1.4575657762062992,1.6554107089736416,-0.9897695519176712,-0.760324474345021,-0.4806377619661694,-0.270376493571209,-1.0915187054817956,0.988660399593918,1.959568805602908,-1.027483361996868,-0.795912900722408,1.603947556412344,-0.167859767263915,0.0526873997920855,-1.592596507707975,-0.4944513961414933
-0.3396604850694211,-0.8532060424588174,0.351975852555931,-0.2106067998090511,-0.6591742352462646,-1.1964793327458678,-0.4811898313338359,-0.9327141707003136,0.0524997846291413,-0.5878700865325985,0.9872280837476723,-0.3616821166278091,-0.3242123322201614,-0.2266083655811306,-0.5506201772224562,-0.4684396830725553,-0.4249430917893408,-0.2968364669508921,-0.3019339255063415,-0.2648609196163668,-0.2506821295079583,-0.162435292576479,-0.162435292576479,-0.0507673082566809,1.444749662502673,-0.6860753842634565,-0.6040796973096797,-0.9897695519176712,1.3152279503582291,-0.4806377619661694,-0.270376493571209,-0.3497718661632084,-1.173457943996355,-0.8067976084037375,0.373405234951326,0.707851899355813,-1.082535110732551,-0.2672155941535655,-0.5399956616485525,0.6279054331465134,0.5310909912209334
0.9747904806154748,1.3924348020828814,2.208327035990826,3.6098997188060857,3.61676010513467,3.336540411814898,-0.7025769920539569,0.6852381700016797,0.8663482582556217,0.2145210140329482,-1.0129371484286014,-0.3616821166278091,3.0843984038242387,-0.2266083655811306,-0.5506201772224562,2.134746555716359,-0.4249430917893408,-0.2968364669508921,-0.3019339255063415,-0.2648609196163668,-0.2506821295079583,-0.162435292576479,-0.162435292576479,-0.0507673082566809,-0.6921614352674402,1.4575657762062992,-0.6040796973096797,1.0103361919575191,1.3152279503582291,-0.4806377619661694,-0.270376493571209,-0.1025476446183232,1.340633153201637,0.1153245295984775,0.8987384588068987,0.5405278738840369,1.603947556412344,-0.7520377190897893,-0.782188679405523,0.6279054331465134,0.8686295184476117
-0.3209618962589814,-0.8542070546774255,-0.8583707620610057,-0.7346820553593165,-0.2447050996373268,-0.1530385610310308,-0.259802670613715,-0.1237380003493169,-0.5304428429916864,1.016912114598495,0.9872280837476723,-0.3616821166278091,-0.3242123322201614,-0.2266083655811306,-0.5506201772224562,-0.4684396830725553,-0.4249430917893408,-0.2968364669508921,3.3119829059387924,-0.2648609196163668,-0.2506821295079583,-0.162435292576479,-0.162435292576479,-0.0507673082566809,-0.6921614352674402,-0.6860753842634565,1.6554107089736416,1.0103361919575191,-0.760324474345021,-0.4806377619661694,-0.270376493571209,1.1337218124739663,-0.0002154319706254,-0.8067976084037375,-1.027483361996868,-0.5044580210434707,0.2607062228398966,0.3707479318319306,-0.2625207408500453,0.6279054331465134,0.041261602956486
-0.3130425550776072,-0.8549709823799185,0.1244816373934829,-0.4076149750005856,0.456892909846514,1.8938096381238505,-0.259802670613715,-0.9327141707003136,-0.3820574468700211,1.016912114598495,0.9872280837476723,-0.3616821166278091,-0.3242123322201614,-0.2266083655811306,-0.5506201772224562,-0.4684396830725553,-0.4249430917893408,-0.2968364669508921,-0.3019339255063415,-0.2648609196163668,-0.2506821295079583,-0.162435292576479,-0.162435292576479,-0.0507673082566809,1.444749662502673,-0.6860753842634565,-0.6040796973096797,1.0103361919575191,-0.760324474345021,-0.4806377619661694,-0.270376493571209,2.617215491111141,-0.0002154319706254,-0.8067976084037375,0.6360718468791124,-0.0170084072162586,-1.082535110732551,-0.1298878020253332,-0.2828588048768548,0.6279054331465134,0.2106216404735447
-0.307276750864252,-0.8580067619510949,-0.4144265229045204,-0.0671789840999767,-0.0940228401306786,0.0127641775944568,-1.3667384742143194,-0.1237380003493169,-0.0497044422913933,-1.3902611870981454,0.9872280837476723,-0.3616821166278091,-0.3242123322201614,-0.2266083655811306,-0.5506201772224562,2.134746555716359,-0.4249430917893408,-0.2968364669508921,-0.3019339255063415,-0.2648609196163668,-0.2506821295079583,-0.162435292576479,-0.162435292576479,-0.0507673082566809,-0.6921614352674402,1.4575657762062992,-0.6040796973096797,1.0103361919575191,-0.760324474345021,-0.4806377619661694,-0.270376493571209,-0.3497718661632084,0.3014754996931336,-0.8067976084037375,0.8987384588068987,0.0301369785770467,0.9323268896261204,-0.9560852880068772,-1.4221629647615412,0.6279054331465134,0.4702396743670313
1.0886579423017189,0.7389002651661715,-0.7600613377553341,-1.1736221338556925,-1.1866736498783197,-1.6900963804851,-0.7025769920539569,-0.9327141707003136,-0.9604576644054916,-0.5878700865325985,-1.0129371484286014,-0.3616821166278091,-0.3242123322201614,-0.2266083655811306,1.816133954706112,-0.4684396830725553,2.353256281421644,-0.2968364669508921,-0.3019339255063415,-0.2648609196163668,-0.2506821295079583,-0.162435292576479,-0.162435292576479,-0.0507673082566809,-0.6921614352674402,-0.6860753842634565,1.6554107089736416,-0.9897695519176712,-0.760324474345021,-0.4806377619661694,-0.270376493571209,-1.0915187054817956,1.592042262921436,0.391961170999142,1.2489606080439473,-0.9818050522006886,-0.4109144439463271,0.2964050644536896,-0.3656796102209955,-1.592596507707975,-3.1978216731173057
0.1106910476613526,1.119981396759267,-0.6584870248195848,-1.0856595892981682,-1.218229949414862,-0.2121320900691478,-0.259802670613715,-0.9327141707003136,-0.9051916750336472,1.016912114598495,-1.0129371484286014,-0.3616821166278091,-0.3242123322201614,-0.2266083655811306,1.816133954706112,-0.4684396830725553,-0.4249430917893408,-0.2968364669508921,-0.3019339255063415,-0.2648609196163668,-0.2506821295079583,-0.162435292576479,-0.162435292576479,-0.0507673082566809,1.444749662502673,-0.6860753842634565,1.6554107089736416,-0.9897695519176712,-0.760324474345021,-0.4806377619661694,-0.270376493571209,-0.3497718661632084,0.5026027874689729,1.8673565918026864,0.5485163095698503,-0.8896189853369931,-0.4109144439463271,2.801385769374823,-0.1006297336936433,-1.592596507707975,-1.1209511876331966
1.005790510892991,1.3939457573119598,0.7884510157852456,1.7877211930947583,-0.2865827515745728,-0.8478201625530662,-0.901917989190474,-0.0431785815971962,0.4164096559135571,-0.5878700865325985,-1.0129371484286014,-0.3616821166278091,3.0843984038242387,-0.2266083655811306,-0.5506201772224562,2.134746555716359,-0.4249430917893408,-0.2968364669508921,-0.3019339255063415,-0.2648609196163668,-0.2506821295079583,-0.162435292576479,-0.162435292576479,-0.0507673082566809,-0.6921614352674402,1.4575657762062992,-0.6040796973096797,-0.9897695519176712,1.3152279503582291,-0.2255878223580314,-0.270376493571209,0.6274324374884941,-1.224930937571757,0.1153245295984775,0.8987384588068987,0.5253410099378741,0.999208180473952,-0.497210653219826,-0.9661829023509568,0.6279054331465134,0.700181100022573
0.3013138876167845,0.1015409670779626,-0.2896352241548854,-0.7069319668977166,-1.0308620978674985,1.0724130626299309,-0.9239641527740776,-0.1237380003493169,1.3205892667913317,1.016912114598495,0.9872280837476723,-0.3616821166278091,-0.3242123322201614,-0.2266083655811306,-0.5506201772224562,-0.4684396830725553,-0.4249430917893408,-0.2968364669508921,-0.3019339255063415,3.775566442374484,-0.2506821295079583,-0.162435292576479,-0.162435292576479,-0.0507673082566809,-0.6921614352674402,-0.6860753842634565,-0.6040796973096797,1.0103361919575191,1.3152279503582291,-0.4806377619661694,-0.270376493571209,-0.7206452858225021,0.6366876459861992,-0.8067976084037375,-1.727927660470965,1.553943197967813,-0.4109144439463271,2.801385769374823,-1.0007091024504189,0.6279054331465134,0.9957877710078564
0.9704205258944206,1.3982449570623134,-0.6054829686646204,0.1881567355183923,-0.0390130364627361,-0.4808528701447754,0.4043588115466475,0.6852381700016797,-0.3638878065285927,0.2145210140329482,-1.0129371484286014,-0.3616821166278091,3.0843984038242387,-0.2266083655811306,-0.5506201772224562,-0.4684396830725553,-0.4249430917893408,-0.2968364669508921,-0.3019339255063415,3.775566442374484,-0.2506821295079583,-0.162435292576479,-0.162435292576479,-0.0507673082566809,-0.6921614352674402,-0.6860753842634565,-0.6040796973096797,1.0103361919575191,-0.760324474345021,-0.4806377619661694,-0.270376493571209,-0.3497718661632084,-1.475148875660114,0.1153245295984775,-1.727927660470965,-0.4855156785372318,-1.082535110732551,-0.2049666358566123,0.3973925563447721,0.6279054331465134,0.2283004181716769
-0.2195180407139187,-0.8695370056911885,-0.6054829686646204,-0.4908303346137355,-0.3058105842522576,-0.7505127469149464,-0.259802670613715,-0.1237380003493169,-0.5682962603696622,0.2145210140329482,0.9872280837476723,-0.3616821166278091,-0.3242123322201614,-0.2266083655811306,-0.5506201772224562,-0.4684396830725553,-0.4249430917893408,-0.2968364669508921,-0.3019339255063415,-0.2648609196163668,-0.2506821295079583,-0.162435292576479,-0.162435292576479,-0.0507673082566809,1.444749662502673,1.4575657762062992,-0.6040796973096797,1.0103361919575191,-0.760324474345021,-0.4806377619661694,-0.270376493571209,-1.0915187054817956,0.8210543264473853,-0.8067976084037375,0.2858496976420639,-0.5465521155017792,0.9323268896261204,-0.0222462750901976,-0.2560543416898334,0.6279054331465134,-0.0113479385146132
0.1236312376401422,0.8060567402611386,-0.7777562279850142,-1.1889457676099595,-1.0308620978674985,-1.4452008313636275,-0.9239641527740776,-0.9327141707003136,-0.8711235993934688,0.2145210140329482,-1.0129371484286014,-0.3616821166278091,-0.3242123322201614,-0.2266083655811306,1.816133954706112,-0.4684396830725553,-0.4249430917893408,-0.2968364669508921,-0.3019339255063415,3.775566442374484,-0.2506821295079583,-0.162435292576479,-0.162435292576479,-0.0507673082566809,-0.6921614352674402,-0.6860753842634565,-0.6040796973096797,1.0103361919575191,-0.760324474345021,-0.4806377619661694,-0.270376493571209,1.1337218124739663,-1.2740215878842749,1.2218710952011356,-1.727927660470965,-0.8327919578182766,-1.082535110732551,1.5488954169142566,-0.9101153923595252,-1.592596507707975,-0.8516198105932681
-1.1971144324147704,-0.6942082618589555,0.1487869194173945,0.1087810107867215,-0.2762985679601317,0.0613537361973108,-0.259802670613715,-0.1237380003493169,-0.5910083107964477,1.016912114598495,0.9872280837476723,-0.3616821166278091,-0.3242123322201614,-0.2266083655811306,-0.5506201772224562,-0.4684396830725553,-0.4249430917893408,3.368858315395045,-0.3019339255063415,-0.2648609196163668,-0.2506821295079583,-0.162435292576479,-0.162435292576479,-0.0507673082566809,-0.6921614352674402,-0.6860753842634565,-0.6040796973096797,1.0103361919575191,1.3152279503582291,-0.4806377619661694,-0.270376493571209,-1.0915187054817956,0.9551391849646116,-0.8067976084037375,-0.1519279889042467,-0.5718085721767643,-0.4109144439463271,0.4079680973995022,-0.2518303110689124,0.6279054331465134,-0.0454000277387809
-1.1994485567612592,-0.6958764756107613,-0.4895189613963065,-0.5328917894517579,0.5913324097566142,0.3110143315096143,0.8471331329868893,-0.1237380003493169,-0.69699787945478,0.2145210140329482,0.9872280837476723,-0.3616821166278091,-0.3242123322201614,-0.2266083655811306,-0.5506201772224562,-0.4684396830725553,-0.4249430917893408,-0.2968364669508921,-0.3019339255063415,-0.2648609196163668,3.989115626083163,-0.162435292576479,-0.162435292576479,-0.0507673082566809,-0.6921614352674402,-0.6860753842634565,1.6554107089736416,1.0103361919575191,-0.760324474345021,-0.4806377619661694,-0.270376493571209,-0.3497718661632084,0.3014754996931336,-0.8067976084037375,-0.7648167500690816,-0.6896720366600279,0.2607062228398966,-0.4424250882803007,0.9675162385336956,0.6279054331465134,-0.2382125925912613
1.0241610951211313,1.388613413510424,1.362398422664409,0.6644110839084164,-0.0940228401306786,0.0127641775944568,-0.7025769920539569,-0.9327141707003136,1.0064059025541323,-1.3902611870981454,-1.0129371484286014,-0.3616821166278091,3.0843984038242387,-0.2266083655811306,-0.5506201772224562,-0.4684396830725553,-0.4249430917893408,-0.2968364669508921,-0.3019339255063415,-0.2648609196163668,-0.2506821295079583,-0.162435292576479,-0.162435292576479,-0.0507673082566809,1.444749662502673,1.4575657762062992,-0.6040796973096797,-0.9897695519176712,-0.760324474345021,-0.4806377619661694,-0.270376493571209,-0.3497718661632084,0.2344330704345205,0.1153245295984775,0.7236273841883746,2.299008669879873,0.2607062228398966,-0.9560852880068772,-0.784802318220416,0.6279054331465134,0.9109269588370094
-2.13439800480578,0.2206366153177512,-0.0743138036379121,1.9860483158852185,2.316372948968022,1.5879423665751744,0.8471331329868893,1.4942143403526764,2.793087202794591,-0.5878700865325985,-1.0129371484286014,-0.3616821166278091,-0.3242123322201614,4.412899750790439,-0.5506201772224562,-0.4684396830725553,-0.4249430917893408,-0.2968364669508921,-0.3019339255063415,-0.2648609196163668,-0.2506821295079583,-0.162435292576479,-0.162435292576479,-0.0507673082566809,1.444749662502673,-0.6860753842634565,-0.6040796973096797,-0.9897695519176712,1.3152279503582291,2.08056894220972,-0.270376493571209,0.1447507516104938,-1.8774034512117928,1.6829321642022432,-0.6772612127598194,1.5211098042903326,-0.4109144439463271,-0.8183870832488319,0.6290679370126427,-1.592596507707975,1.2810512927659927
-0.2764552923613248,-0.8636306416056398,-0.0610527127824114,1.020170708563292,-0.0940228401306786,0.0127641775944568,-0.259802670613715,1.4942143403526764,0.1872579504947353,-1.3902611870981454,0.9872280837476723,-0.3616821166278091,-0.3242123322201614,-0.2266083655811306,-0.5506201772224562,-0.4684396830725553,-0.4249430917893408,-0.2968364669508921,3.3119829059387924,-0.2648609196163668,-0.2506821295079583,-0.162435292576479,-0.162435292576479,-0.0507673082566809,-0.6921614352674402,1.4575657762062992,-0.6040796973096797,1.0103361919575191,-0.760324474345021,2.08056894220972,-0.270376493571209,-1.0915187054817956,0.8713361483913451,-0.8067976084037375,-1.027483361996868,-0.2175446732156401,1.603947556412344,-0.9560852880068772,-0.3272970361554949,0.6279054331465134,0.6025630724310214
0.9707923540075027,1.4002795343831154,-0.2211531774573307,-0.0069316222324027,0.3316712689294203,-0.267399669610977,1.289907454427131,-0.1237380003493169,-0.6591444620768042,1.016912114598495,-1.0129371484286014,-0.3616821166278091,3.0843984038242387,-0.2266083655811306,-0.5506201772224562,-0.4684396830725553,2.353256281421644,-0.2968364669508921,-0.3019339255063415,-0.2648609196163668,-0.2506821295079583,-0.162435292576479,-0.162435292576479,-0.0507673082566809,-0.6921614352674402,-0.6860753842634565,1.6554107089736416,1.0103361919575191,-0.760324474345021,-0.4806377619661694,-0.270376493571209,0.3919749731553789,-1.6427549488066469,0.1153245295984775,1.2489606080439473,-0.6475779422017195,0.2607062228398966,-0.070231165858506,1.4218178900441087,0.6279054331465134,-0.161693561127958
-1.245256948811638,-0.6881905745128154,-0.8925916317762641,-1.2883923110402715,-0.906644014179482,-0.4236723158548023,-0.259802670613715,-0.9327141707003136,-0.9392597506738252,1.8193032151640416,0.9872280837476723,-0.3616821166278091,-0.3242123322201614,-0.2266083655811306,-0.5506201772224562,-0.4684396830725553,-0.4249430917893408,-0.2968364669508921,-0.3019339255063415,-0.2648609196163668,-0.2506821295079583,-0.162435292576479,-0.162435292576479,-0.0507673082566809,1.444749662502673,-0.6860753842634565,1.6554107089736416,-0.9897695519176712,-0.760324474345021,-0.4806377619661694,-0.270376493571209,-0.3497718661632084,1.2400695093137173,-0.8067976084037375,0.373405234951326,-0.9464460128557096,-0.4109144439463271,3.174448028457292,-0.0116680209313431,0.6279054331465134,-1.6460228107069643
-0.2145714795877303,-0.8686870422111175,-0.4342980055542523,0.0160363755131731,-0.1153948922313995,-0.4255852906029462,1.7326817758673727,0.6852381700016797,0.1153363060629117,1.016912114598495,0.9872280837476723,-0.3616821166278091,-0.3242123322201614,-0.2266083655811306,-0.5506201772224562,-0.4684396830725553,2.353256281421644,-0.2968364669508921,-0.3019339255063415,-0.2648609196163668,-0.2506821295079583,-0.162435292576479,-0.162435292576479,-0.0507673082566809,-0.6921614352674402,-0.6860753842634565,-0.6040796973096797,1.0103361919575191,1.3152279503582291,-0.4806377619661694,-0.270376493571209,0.3919749731553789,0.8210543264473853,-0.8067976084037375,1.2489606080439473,-0.0858323779378763,-0.4109144439463271,0.2374515768847977,1.654801692042427,0.6279054331465134,0.5655293973719795
0.9707923540075027,1.4002795343831154,-0.1294944522129283,-0.4343877018559907,-0.2874863726250308,-0.404612131091478,-0.4811898313338359,-0.1237380003493169,-0.0913432014071667,1.016912114598495,-1.0129371484286014,-0.3616821166278091,3.0843984038242387,-0.2266083655811306,-0.5506201772224562,-0.4684396830725553,-0.4249430917893408,3.368858315395045,-0.3019339255063415,-0.2648609196163668,-0.2506821295079583,-0.162435292576479,-0.162435292576479,-0.0507673082566809,-0.6921614352674402,-0.6860753842634565,-0.6040796973096797,-0.9897695519176712,-0.760324474345021,-0.4806377619661694,-0.270376493571209,-1.0915187054817956,-1.6427549488066469,0.1153245295984775,-0.1519279889042467,-0.0161665253270924,-1.7541557775187746,0.4216540996997463,-0.5321795039369838,0.6279054331465134,0.4434685311450744
-0.3261687890319167,-0.8526159584681888,-0.8263264847657991,-0.765294417096201,0.1453069746111338,0.3853420958147679,-0.0384155098935941,-0.1237380003493169,-0.69699787945478,0.2145210140329482,0.9872280837476723,-0.3616821166278091,-0.3242123322201614,-0.2266083655811306,-0.5506201772224562,2.134746555716359,-0.4249430917893408,-0.2968364669508921,-0.3019339255063415,-0.2648609196163668,-0.2506821295079583,-0.162435292576479,-0.162435292576479,-0.0507673082566809,-0.6921614352674402,-0.6860753842634565,1.6554107089736416,1.0103361919575191,-0.760324474345021,-0.4806377619661694,-0.270376493571209,-1.0915187054817956,1.105984650796491,-0.8067976084037375,0.8987384588068987,-0.6896720366600279,0.2607062228398966,-0.2944104307853695,0.0116445572156007,0.6279054331465134,-0.2382125925912613
-0.2795434664521648,-0.850504484571989,0.6225182289149588,0.4808067250304095,-0.0940228401306786,0.0127641775944568,-0.9239641527740776,0.6852381700016797,1.3793494294145026,-1.3902611870981454,0.9872280837476723,-0.3616821166278091,-0.3242123322201614,-0.2266083655811306,-0.5506201772224562,-0.4684396830725553,-0.4249430917893408,-0.2968364669508921,-0.3019339255063415,-0.2648609196163668,-0.2506821295079583,-0.162435292576479,-0.162435292576479,-0.0507673082566809,1.444749662502673,-0.6860753842634565,-0.6040796973096797,-0.9897695519176712,1.3152279503582291,-0.4806377619661694,-0.270376493571209,0.3919749731553789,-0.8885276196472492,-0.8067976084037375,-0.3270390635227709,0.968381973694104,-1.082535110732551,-0.9560852880068772,-1.0012961664660145,0.6279054331465134,1.0103529485279343
1.008355568081396,1.3942108920074152,0.9287569818096252,1.8560913204583185,-0.2684541718967785,-0.7671203674100351,-0.9447025436546556,-0.1237380003493169,0.45518259875618,-0.6630338865854037,-1.0129371484286014,-0.3616821166278091,3.0843984038242387,-0.2266083655811306,-0.5506201772224562,2.134746555716359,-0.4249430917893408,-0.2968364669508921,-0.3019339255063415,-0.2648609196163668,-0.2506821295079583,-0.162435292576479,-0.162435292576479,-0.0507673082566809,-0.6921614352674402,1.2567606881925522,-0.6040796973096797,-0.8024101107285286,1.3152279503582291,-0.4806377619661694,-0.270376493571209,0.7281069113344776,-1.5086700902894206,0.1153245295984775,0.8987384588068987,0.5915859643956394,0.806499069566624,-0.5402328983457099,-1.0098067331238667,0.6279054331465134,0.7219632732205337
-0.2115927232595883,-0.8694517123633039,-0.9599450749967552,-0.9689695946728496,-0.0369687532183193,1.3716370945986889,1.9540689365874937,-0.1237380003493169,-0.69699787945478,1.8193032151640416,-1.0129371484286014,2.7648588471103626,-0.3242123322201614,-0.2266083655811306,-0.5506201772224562,-0.4684396830725553,2.353256281421644,-0.2968364669508921,-0.3019339255063415,-0.2648609196163668,-0.2506821295079583,-0.162435292576479,-0.162435292576479,-0.0507673082566809,-0.6921614352674402,-0.6860753842634565,-0.6040796973096797,1.0103361919575191,1.3152279503582291,-0.4806377619661694,-0.270376493571209,2.2463420714518474,0.1673906411759073,1.129658881400914,1.2489606080439473,-0.6896720366600279,-0.4109144439463271,0.5439031580536818,2.162355840181314,0.6279054331465134,-0.2382125925912613
0.2192984734159752,0.8056446485956301,0.7784176785798734,0.1586884190180799,-0.0940228401306786,0.0127641775944568,-1.3667384742143194,-0.9327141707003136,-0.7780642092645612,-1.3902611870981454,-1.0129371484286014,-0.3616821166278091,-0.3242123322201614,-0.2266083655811306,1.816133954706112,-0.4684396830725553,-0.4249430917893408,-0.2968364669508921,-0.3019339255063415,-0.2648609196163668,-0.2506821295079583,-0.162435292576479,-0.162435292576479,-0.0507673082566809,1.444749662502673,-0.6860753842634565,-0.6040796973096797,1.0103361919575191,-0.760324474345021,-0.4806377619661694,-0.270376493571209,-1.0915187054817956,-1.1510560519616262,-0.0174515082044195,0.3306799463034242,-0.6775648595934022,-1.082535110732551,-0.9560852880068772,-1.4221629647615412,-1.592596507707975,-0.4524044429274696
-0.2185072710703861,-0.868373171603189,-0.5911335815990938,-0.4745642450249234,-0.2874863726250308,-0.8486657421742554,-0.0384155098935941,-0.1237380003493169,0.173630720238664,-0.5878700865325985,0.9872280837476723,-0.3616821166278091,-0.3242123322201614,-0.2266083655811306,-0.5506201772224562,2.134746555716359,-0.4249430917893408,-0.2968364669508921,-0.3019339255063415,-0.2648609196163668,-0.2506821295079583,-0.162435292576479,-0.162435292576479,-0.0507673082566809,-0.6921614352674402,-0.6860753842634565,-0.6040796973096797,1.0103361919575191,1.3152279503582291,-0.4806377619661694,-0.270376493571209,0.3919749731553789,0.8210543264473853,-0.8067976084037375,0.8987384588068987,0.2784921358810667,-0.4109144439463271,-0.4968388254380028,-0.1074294989895041,0.6279054331465134,0.5957275047412827
-0.2195180407139187,-0.8695370056911885,-0.8925916317762641,-1.2883923110402715,-0.5654717250794515,-1.1087955265627645,-0.4811898313338359,-0.9327141707003136,-0.9373670798049264,-0.5878700865325985,0.9872280837476723,-0.3616821166278091,-0.3242123322201614,-0.2266083655811306,-0.5506201772224562,-0.4684396830725553,-0.4249430917893408,-0.2968364669508921,-0.3019339255063415,-0.2648609196163668,-0.2506821295079583,-0.162435292576479,-0.162435292576479,-0.0507673082566809,1.444749662502673,-0.6860753842634565,1.6554107089736416,-0.9897695519176712,-0.760324474345021,-0.4806377619661694,-0.270376493571209,1.1337218124739663,0.8210543264473853,-0.8067976084037375,-1.3777055112339165,-0.9432889557713364,-0.4109144439463271,-0.3443276450484724,-0.3003637322742593,0.6279054331465134,-1.6001551509422658
0.8448494170716985,0.6681653593222568,-0.4751695743307799,-0.5386512417739768,-0.443297924635852,-0.9944691993418752,-0.9239641527740776,-0.1237380003493169,-0.8824796246068616,-0.5878700865325985,-1.0129371484286014,-0.3616821166278091,-0.3242123322201614,-0.2266083655811306,1.816133954706112,-0.4684396830725553,2.353256281421644,-0.2968364669508921,-0.3019339255063415,-0.2648609196163668,-0.2506821295079583,-0.162435292576479,-0.162435292576479,-0.0507673082566809,-0.6921614352674402,1.4575657762062992,-0.6040796973096797,-0.9897695519176712,-0.760324474345021,-0.4806377619661694,-0.270376493571209,-1.0915187054817956,-1.290782195198928,-0.161312111802187,1.2489606080439473,-0.8959330995057394,0.2607062228398966,-0.4222433057894937,-0.9055154881075757,-1.592596507707975,-0.9281387943031542
-1.4202780786189506,-0.6455364418801899,0.7307432409119774,0.1174027363842249,-0.0940228401306786,0.0127641775944568,-1.3667384742143194,-0.9327141707003136,0.173630720238664,-1.3902611870981454,0.9872280837476723,-0.3616821166278091,-0.3242123322201614,-0.2266083655811306,-0.5506201772224562,-0.4684396830725553,-0.4249430917893408,-0.2968364669508921,-0.3019339255063415,-0.2648609196163668,-0.2506821295079583,-0.162435292576479,-0.162435292576479,-0.0507673082566809,1.444749662502673,-0.6860753842634565,-0.6040796973096797,-0.9897695519176712,-0.760324474345021,2.08056894220972,-0.270376493571209,-1.0915187054817956,-1.4248670537161543,-0.8067976084037375,0.7236273841883746,0.9099035527556936,-1.082535110732551,-0.9560852880068772,-1.4221629647615412,0.6279054331465134,0.5957275047412827
0.5495318889207613,1.270396445644209,0.1785739897584734,-0.3607714294465388,-1.0308620978674985,-1.54429292331748,-1.1453513134941986,-0.9327141707003136,-0.6591444620768042,-0.5878700865325985,-1.0129371484286014,2.7648588471103626,-0.3242123322201614,-0.2266083655811306,-0.5506201772224562,2.134746555716359,-0.4249430917893408,-0.2968364669508921,-0.3019339255063415,-0.2648609196163668,-0.2506821295079583,-0.162435292576479,-0.162435292576479,-0.0507673082566809,-0.6921614352674402,-0.6860753842634565,-0.6040796973096797,-0.9897695519176712,1.3152279503582291,-0.4806377619661694,-0.270376493571209,-1.0915187054817956,0.1673906411759073,1.129658881400914,0.8987384588068987,-0.4792015643684856,-1.082535110732551,0.2964050644536896,-1.185164560194404,0.6279054331465134,-0.161693561127958
0.9746501681199734,1.3981880801125794,-0.6120933604588517,-0.8733626861240165,-0.7844330449496204,-0.6313865921441693,-0.259802670613715,-0.1237380003493169,-0.5077307925649008,1.016912114598495,-1.0129371484286014,-0.3616821166278091,3.0843984038242387,-0.2266083655811306,-0.5506201772224562,-0.4684396830725553,-0.4249430917893408,3.368858315395045,-0.3019339255063415,-0.2648609196163668,-0.2506821295079583,-0.162435292576479,-0.162435292576479,-0.0507673082566809,-0.6921614352674402,-0.6860753842634565,1.6554107089736416,1.0103361919575191,-0.760324474345021,-0.4806377619661694,-0.270376493571209,2.617215491111141,-1.475148875660114,0.1153245295984775,-0.1519279889042467,-0.4792015643684856,0.2607062228398966,1.5293134871704352,-0.2661024167732214,0.6279054331465134,0.0706547928910135
1.1270835845308418,1.0550128943949897,-0.8406758718313256,-1.192750496719789,-0.9168282616153038,-1.4375837137301095,-0.259802670613715,-0.1237380003493169,-0.9611390259182954,-0.5878700865325985,-1.0129371484286014,2.7648588471103626,-0.3242123322201614,-0.2266083655811306,-0.5506201772224562,-0.4684396830725553,2.353256281421644,-0.2968364669508921,-0.3019339255063415,-0.2648609196163668,-0.2506821295079583,-0.162435292576479,-0.162435292576479,-0.0507673082566809,-0.6921614352674402,-0.6860753842634565,1.6554107089736416,-0.9897695519176712,-0.760324474345021,-0.4806377619661694,-0.270376493571209,-1.0915187054817956,-0.5868366879834902,1.129658881400914,1.2489606080439473,-0.9834046277901044,-0.4109144439463271,0.0981995204616133,0.4407801297741284,0.6279054331465134,-3.5403837441221526
-0.2795048285483095,-0.8649377331297378,-0.3669445623337613,-0.3636337027218233,-1.0308620978674985,-0.2654866948628331,-0.4811898313338359,0.6852381700016797,-0.7134772132966123,0.2145210140329482,0.9872280837476723,-0.3616821166278091,-0.3242123322201614,-0.2266083655811306,-0.5506201772224562,-0.4684396830725553,-0.4249430917893408,-0.2968364669508921,-0.3019339255063415,-0.2648609196163668,-0.2506821295079583,-0.162435292576479,-0.162435292576479,-0.0507673082566809,1.444749662502673,1.4575657762062992,-0.6040796973096797,-0.9897695519176712,-0.760324474345021,-0.4806377619661694,-0.270376493571209,-0.3497718661632084,0.8713361483913451,-0.8067976084037375,-1.6403721231617028,-0.7770808236966028,0.2607062228398966,1.5488954169142566,-0.462456205324756,0.6279054331465134,-0.2750077857348068
0.5473586042681919,1.2708668847505975,1.4264466699877842,0.7198763550599664,1.944685086346788,1.8766624281086697,-0.4811898313338359,-0.9327141707003136,-0.8862649663446591,0.2145210140329482,-1.0129371484286014,2.7648588471103626,-0.3242123322201614,-0.2266083655811306,-0.5506201772224562,2.134746555716359,-0.4249430917893408,-0.2968364669508921,-0.3019339255063415,-0.2648609196163668,-0.2506821295079583,-0.162435292576479,-0.162435292576479,-0.0507673082566809,-0.6921614352674402,-0.6860753842634565,-0.6040796973096797,1.0103361919575191,-0.760324474345021,-0.4806377619661694,-0.270376493571209,0.3919749731553789,0.1673906411759073,1.129658881400914,0.8987384588068987,-0.8580484144932617,-1.082535110732551,-0.6501079657689952,-0.3854651872577915,0.6279054331465134,-0.9560975640618568
-1.0446918587580551,0.8555779854325402,1.7794828895391794,1.4929157609468402,-0.0940228401306786,0.0127641775944568,-0.3410376908017885,-0.197948712610555,-0.4593151831529282,-1.3902611870981454,-1.0129371484286014,-0.3616821166278091,-0.3242123322201614,-0.2266083655811306,1.816133954706112,-0.4684396830725553,-0.4249430917893408,-0.2968364669508921,-0.3019339255063415,-0.2648609196163668,-0.2506821295079583,-0.162435292576479,6.156297588648554,-0.0507673082566809,-0.6921614352674402,1.4575657762062992,-0.6040796973096797,0.8268582635701214,-0.760324474345021,-0.4806377619661694,-0.270376493571209,0.255887994871528,-0.8621020269478483,-0.1850154304183102,-1.4652610485431783,-0.4249758605715991,0.8707163627920007,-0.9560852880068772,-0.3562573008879839,-1.592596507707975,-0.0425013050104752
-0.2195180407139187,-0.8695370056911885,-0.389032944670583,-0.6304534212129803,-0.1937838624582178,-0.4236723158548023,-0.4811898313338359,-0.1237380003493169,-0.8847508296495401,0.2145210140329482,0.9872280837476723,-0.3616821166278091,-0.3242123322201614,-0.2266083655811306,-0.5506201772224562,-0.4684396830725553,-0.4249430917893408,-0.2968364669508921,-0.3019339255063415,-0.2648609196163668,-0.2506821295079583,-0.162435292576479,-0.162435292576479,-0.0507673082566809,1.444749662502673,-0.6860753842634565,1.6554107089736416,1.0103361919575191,-0.760324474345021,-0.4806377619661694,-0.270376493571209,0.0211015534960852,0.8210543264473853,-0.8067976084037375,0.8111829214976366,-0.8984587451732379,0.2607062228398966,-0.1087931458792529,-0.3868490015235405,0.6279054331465134,-0.9447498447259458
0.0728692948225984,1.1349653131837365,-0.1571049301339554,-0.6514666957461667,0.4171966461185662,0.5101723934709194,1.9540689365874937,-0.9327141707003136,-0.787846081161922,1.016912114598495,0.9872280837476723,-0.3616821166278091,-0.3242123322201614,-0.2266083655811306,-0.5506201772224562,-0.4684396830725553,2.353256281421644,-0.2968364669508921,-0.3019339255063415,-0.2648609196163668,-0.2506821295079583,-0.162435292576479,-0.162435292576479,-0.0507673082566809,-0.6921614352674402,-0.6860753842634565,-0.6040796973096797,1.0103361919575191,-0.760324474345021,-0.4806377619661694,-0.270376493571209,-1.0915187054817956,0.8210543264473853,-0.8067976084037375,1.2489606080439473,-0.6938814461058588,-1.082535110732551,-0.1118649887524254,2.258529988068111,0.6279054331465134,-0.4788062550480068
0.5468052454246627,1.2706694722292218,-0.4234284876684257,-0.8012803098394249,-0.5301898535612608,-0.4662569296752367,0.1866439831753758,-0.1237380003493169,-0.8091748753360262,0.2145210140329482,-1.0129371484286014,2.7648588471103626,-0.3242123322201614,-0.2266083655811306,-0.5506201772224562,-0.4684396830725553,2.353256281421644,-0.2968364669508921,-0.3019339255063415,-0.2648609196163668,-0.2506821295079583,-0.162435292576479,-0.162435292576479,-0.0507673082566809,-0.6921614352674402,-0.6860753842634565,1.6554107089736416,1.0103361919575191,-0.760324474345021,-0.4806377619661694,-0.270376493571209,0.0395575080136773,0.1387543662290757,1.129658881400914,1.2489606080439473,-0.8144160990923365,0.2607062228398966,0.220841873063096,0.3178251972822012,0.6279054331465134,-0.5734725829057544
-0.3233485078723032,-0.8499108783646597,0.0228670171906956,0.937932710556337,-0.0940228401306786,0.0127641775944568,0.4043588115466475,3.1121666810546698,3.112325966629454,-1.3902611870981454,0.9872280837476723,-0.3616821166278091,-0.3242123322201614,-0.2266083655811306,-0.5506201772224562,2.134746555716359,-0.4249430917893408,-0.2968364669508921,-0.3019339255063415,-0.2648609196163668,-0.2506821295079583,-0.162435292576479,-0.162435292576479,-0.0507673082566809,-0.6921614352674402,1.4575657762062992,-0.6040796973096797,-0.9897695519176712,1.3152279503582291,2.08056894220972,3.698546374323143,1.8754686517925536,0.9383785776499582,-0.8067976084037375,0.8987384588068987,0.9574136898909223,2.275568223198568,-0.9560852880068772,0.2117000881680645,0.6279054331465134,1.327808286580212
2.333273196335932,-0.8655961003954509,0.105698450953777,0.2417370950008525,0.2308323518002795,0.1900099833497504,0.8471331329868893,0.6852381700016797,-0.5791557244538906,0.2145210140329482,-1.0129371484286014,-0.3616821166278091,-0.3242123322201614,-0.2266083655811306,1.816133954706112,-0.4684396830725553,-0.4249430917893408,3.368858315395045,-0.3019339255063415,-0.2648609196163668,-0.2506821295079583,-0.162435292576479,-0.162435292576479,-0.0507673082566809,-0.6921614352674402,1.4575657762062992,-0.6040796973096797,1.0103361919575191,-0.760324474345021,-0.4806377619661694,-0.270376493571209,-0.5969960877080935,0.988660399593918,1.959568805602908,-0.1519279889042467,-0.6650537895981724,0.9323268896261204,-0.3290563255735521,0.914023431408344,-1.592596507707975,-0.0273772936689244
-0.2195180407139187,-0.8695370056911885,0.475638547828502,0.4817491808649543,1.0964190462726089,1.493580539453096,-0.7025769920539569,-0.1237380003493169,-0.074263739486224,0.2145210140329482,0.9872280837476723,-0.3616821166278091,-0.3242123322201614,-0.2266083655811306,-0.5506201772224562,-0.4684396830725553,-0.4249430917893408,3.368858315395045,-0.3019339255063415,-0.2648609196163668,-0.2506821295079583,-0.162435292576479,-0.162435292576479,-0.0507673082566809,-0.6921614352674402,-0.6860753842634565,-0.6040796973096797,1.0103361919575191,1.3152279503582291,-0.4806377619661694,-0.270376493571209,-0.3497718661632084,0.8210543264473853,-0.8067976084037375,-0.1519279889042467,0.0028263300924963,-0.4109144439463271,-0.5462450643944776,-0.7554259257796214,0.6279054331465134,0.4546012687421489
-0.3215052174221238,-0.8495191919579034,0.6026467462652267,1.83783840946012,0.456892909846514,-0.1520994643364875,0.1829716508265267,1.4942143403526764,0.9537896523987458,-0.5878700865325985,0.9872280837476723,-0.3616821166278091,-0.3242123322201614,-0.2266083655811306,-0.5506201772224562,2.134746555716359,-0.4249430917893408,-0.2968364669508921,-0.3019339255063415,-0.2648609196163668,-0.2506821295079583,-0.162435292576479,-0.162435292576479,-0.0507673082566809,-0.6921614352674402,1.4575657762062992,-0.6040796973096797,1.0103361919575191,1.3152279503582291,2.08056894220972,-0.270376493571209,-0.3497718661632084,0.9383785776499582,-0.8067976084037375,0.8987384588068987,0.2938985744528076,2.275568223198568,-0.6806861260130292,0.0672446801295963,0.6279054331465134,0.8954006628609151
0.2770770068263575,1.189605497320796,-0.8560100624150233,-1.2370100011790006,-0.5649130013463395,-0.7698704774067169,-1.034073914579025,-0.526092740043718,-0.9515671024709664,-0.9869496567764032,-1.0129371484286014,-0.3616821166278091,-0.3242123322201614,-0.2266083655811306,1.816133954706112,-0.4684396830725553,-0.4249430917893408,-0.2968364669508921,-0.3019339255063415,-0.2648609196163668,-0.2506821295079583,-0.162435292576479,-0.162435292576479,-0.0507673082566809,1.444749662502673,-0.6860753842634565,1.6554107089736416,-0.9897695519176712,-0.760324474345021,-0.4806377619661694,-0.270376493571209,-1.0915187054817956,0.3042424945379456,0.1650782193969941,-0.421059579737303,-0.9696199660170324,-0.4109144439463271,-0.3265371781038004,-0.9712489360210697,-1.592596507707975,-2.095737175198116
-0.294331883802276,-0.8611228851855326,-0.8925916317762641,-0.1063781656627148,0.9752488030580868,1.485963421819578,2.3968432580277352,2.303190510703673,1.180531622492821,1.8193032151640416,0.9872280837476723,-0.3616821166278091,-0.3242123322201614,-0.2266083655811306,-0.5506201772224562,-0.4684396830725553,2.353256281421644,-0.2968364669508921,-0.3019339255063415,-0.2648609196163668,-0.2506821295079583,-0.162435292576479,-0.162435292576479,-0.0507673082566809,-0.6921614352674402,-0.6860753842634565,1.6554107089736416,1.0103361919575191,1.3152279503582291,2.08056894220972,3.698546374323143,-0.3497718661632084,-0.1343002904878517,-0.8067976084037375,1.2489606080439473,0.2069321753019424,2.275568223198568,-0.0946347462429309,2.172687507764381,0.6279054331465134,0.9595009868029932
0.5471489150388008,1.2706385372764115,-0.4563863878910739,-0.2919023419814613,-0.4320729511846907,0.0242072447242627,0.6257459722667684,-0.1237380003493169,-0.5314737429605582,1.016912114598495,-1.0129371484286014,2.7648588471103626,-0.3242123322201614,-0.2266083655811306,-0.5506201772224562,-0.4684396830725553,-0.4249430917893408,3.368858315395045,-0.3019339255063415,-0.2648609196163668,-0.2506821295079583,-0.162435292576479,-0.162435292576479,-0.0507673082566809,-0.6921614352674402,-0.6860753842634565,-0.6040796973096797,1.0103361919575191,-0.760324474345021,-0.4806377619661694,-0.270376493571209,-0.3497718661632084,0.1673906411759073,1.129658881400914,-0.1519279889042467,-0.5056044116119482,-1.082535110732551,0.6269166894423264,0.6654946375139137,0.6279054331465134,0.0398909990097609
-0.2754809000314435,-0.8653586048803983,5.95412166909881,4.640806778711609,5.162572756990119,4.828799840803344,0.1829716508265267,-0.9327141707003136,-0.5077307925649008,0.2145210140329482,0.9872280837476723,-0.3616821166278091,-0.3242123322201614,-0.2266083655811306,-0.5506201772224562,-0.4684396830725553,-0.4249430917893408,-0.2968364669508921,-0.3019339255063415,-0.2648609196163668,-0.2506821295079583,-0.162435292576479,-0.162435292576479,-0.0507673082566809,1.444749662502673,-0.6860753842634565,-0.6040796973096797,1.0103361919575191,-0.760324474345021,-0.4806377619661694,-0.270376493571209,-1.0915187054817956,0.8713361483913451,-0.8067976084037375,0.0231830857142775,-0.2266369976186348,-1.082535110732551,-0.8000824133302512,0.1963218024221064,0.6279054331465134,0.0706547928910135
-0.3212499211306431,-0.8521088654222917,0.448432555784964,-0.1270760644249721,-0.0940228401306786,0.0127641775944568,-1.2674377828980483,-0.7512856436056474,0.4163351376011264,-1.3902611870981454,0.9872280837476723,-0.3616821166278091,-0.3242123322201614,-0.2266083655811306,-0.5506201772224562,-0.4684396830725553,-0.4249430917893408,-0.2968364669508921,-0.3019339255063415,-0.2648609196163668,-0.2506821295079583,-0.162435292576479,-0.162435292576479,-0.0507673082566809,1.444749662502673,-0.6860753842634565,-0.6040796973096797,-0.541207217890683,1.3152279503582291,-0.4806377619661694,-0.270376493571209,0.5583260246039113,1.068395752510522,-0.8067976084037375,-0.6772612127598194,1.2014600837551537,-0.931911207572964,-0.9560852880068772,-1.3226104830873533,0.6279054331465134,0.6949322223244109
-0.329900321898434,-0.8505867285529176,1.4617961431801063,1.581525328235556,-0.0940228401306786,0.0127641775944568,-0.4811898313338359,0.6852381700016797,2.612791224409623,-1.3902611870981454,0.9872280837476723,-0.3616821166278091,-0.3242123322201614,-0.2266083655811306,-0.5506201772224562,-0.4684396830725553,-0.4249430917893408,-0.2968364669508921,-0.3019339255063415,-0.2648609196163668,-0.2506821295079583,-0.162435292576479,-0.162435292576479,-0.0507673082566809,1.444749662502673,1.4575657762062992,-0.6040796973096797,-0.9897695519176712,-0.760324474345021,2.08056894220972,3.698546374323143,0.6391991947002641,0.9383785776499582,-0.8067976084037375,0.7236273841883746,1.9970991746189868,1.603947556412344,-0.9560852880068772,-0.5995082164653271,0.6279054331465134,1.252854714401067
-2.3086045426253112,0.3225582973109729,-0.3724666579179668,-0.837968233671108,1.616782053942336,0.933287626401286,-0.7025769920539569,-0.9327141707003136,-0.8105581315887075,-0.5878700865325985,-1.0129371484286014,-0.3616821166278091,-0.3242123322201614,4.412899750790439,-0.5506201772224562,-0.4684396830725553,2.353256281421644,-0.2968364669508921,-0.3019339255063415,-0.2648609196163668,-0.2506821295079583,-0.162435292576479,-0.162435292576479,-0.0507673082566809,-0.6921614352674402,-0.6860753842634565,-0.6040796973096797,1.0103361919575191,-0.760324474345021,-0.4806377619661694,-0.270376493571209,-1.0915187054817956,-0.7209215465007165,1.6829321642022432,1.2489606080439473,-0.7317661311183363,-1.082535110732551,-0.7864818771139368,-0.6793903953121108,-1.592596507707975,-0.5588956342250347
-0.2195180407139187,-0.8695370056911885,-0.8881578324020846,-0.5558597871973338,0.1178020727771623,-0.2283054220307278,1.289907454427131,0.6852381700016797,3.391171197366609,1.016912114598495,0.9872280837476723,-0.3616821166278091,-0.3242123322201614,-0.2266083655811306,-0.5506201772224562,-0.4684396830725553,-0.4249430917893408,-0.2968364669508921,-0.3019339255063415,-0.2648609196163668,-0.2506821295079583,-0.162435292576479,-0.162435292576479,-0.0507673082566809,1.444749662502673,-0.6860753842634565,1.6554107089736416,1.0103361919575191,1.3152279503582291,-0.4806377619661694,-0.270376493571209,1.1337218124739663,0.8210543264473853,-0.8067976084037375,0.2858496976420639,2.646284949160918,0.9323268896261204,0.0543826767691521,1.020032508225457,0.6279054331465134,1.3657434767931769
2.3359199057418483,-0.8596957466169449,0.1255699336035088,-0.204882253258482,0.0852050472252802,1.6298539042390536,-0.259802670613715,-0.1237380003493169,0.7262906139571111,0.2145210140329482,-1.0129371484286014,-0.3616821166278091,-0.3242123322201614,-0.2266083655811306,1.816133954706112,2.134746555716359,-0.4249430917893408,-0.2968364669508921,-0.3019339255063415,-0.2648609196163668,-0.2506821295079583,-0.162435292576479,-0.162435292576479,-0.0507673082566809,-0.6921614352674402,-0.6860753842634565,-0.6040796973096797,-0.9897695519176712,1.3152279503582291,2.08056894220972,-0.270376493571209,1.50459523213326,-1.81036102195318,1.959568805602908,0.8987384588068987,0.8930659149723702,-0.4109144439463271,-0.267680267542379,-0.3507954615858873,-1.592596507707975,0.8229594165552673
-0.2867352613605601,-0.8623189362870175,-0.5911335815990938,-0.3129505222862974,-0.2661143205243098,-0.2102191153210039,-0.259802670613715,0.6852381700016797,0.9306990677981806,0.2145210140329482,0.9872280837476723,-0.3616821166278091,-0.3242123322201614,-0.2266083655811306,-0.5506201772224562,-0.4684396830725553,-0.4249430917893408,-0.2968364669508921,-0.3019339255063415,-0.2648609196163668,-0.2506821295079583,-0.162435292576479,-0.162435292576479,-0.0507673082566809,1.444749662502673,-0.6860753842634565,-0.6040796973096797,1.0103361919575191,1.3152279503582291,-0.4806377619661694,-0.270376493571209,-0.3497718661632084,0.3014754996931336,-0.8067976084037375,0.6360718468791124,0.5941978443183802,-0.4109144439463271,-0.0548657375855372,-0.357585028436757,0.6279054331465134,0.8884518568421662
0.9691735635501244,1.400288152102773,-0.5237398311115649,-0.7174735099359596,0.77260458035699,0.5740309686998675,0.1829716508265267,-0.1237380003493169,-0.924118383722635,0.2145210140329482,-1.0129371484286014,-0.3616821166278091,3.0843984038242387,-0.2266083655811306,-0.5506201772224562,-0.4684396830725553,2.353256281421644,-0.2968364669508921,-0.3019339255063415,-0.2648609196163668,-0.2506821295079583,-0.162435292576479,-0.162435292576479,-0.0507673082566809,-0.6921614352674402,-0.6860753842634565,1.6554107089736416,1.0103361919575191,-0.760324474345021,-0.4806377619661694,-0.270376493571209,-0.3497718661632084,-1.6427549488066469,0.1153245295984775,1.2489606080439473,-0.9422366034098788,0.2607062228398966,-0.4852322992655285,0.4811027499375811,0.6279054331465134,-1.3532992073784889
0.5538025855431462,1.2711483085391828,-0.8925916317762641,0.7724793529362317,0.3968281512469226,0.9380526725921172,2.6182304187478564,3.921142851405666,1.3027982363305175,2.6216943157295884,-1.0129371484286014,2.7648588471103626,-0.3242123322201614,-0.2266083655811306,-0.5506201772224562,-0.4684396830725553,-0.4249430917893408,-0.2968364669508921,-0.3019339255063415,3.775566442374484,-0.2506821295079583,-0.162435292576479,-0.162435292576479,-0.0507673082566809,-0.6921614352674402,1.4575657762062992,1.6554107089736416,1.0103361919575191,1.3152279503582291,2.08056894220972,-0.270376493571209,0.2065382633257321,0.1673906411759073,1.129658881400914,-1.727927660470965,-0.039897039507393,3.6188095567710152,0.4668758031775886,2.3725513435308345,0.6279054331465134,0.9913037986690736
-1.1884096010965342,-0.6935825712184434,-0.6242258478372884,-1.0559896833958289,-0.8750505458566771,-1.39848946614986,-0.9239641527740776,-0.9327141707003136,-0.9604576644054916,-0.5878700865325985,0.9872280837476723,-0.3616821166278091,-0.3242123322201614,-0.2266083655811306,-0.5506201772224562,-0.4684396830725553,-0.4249430917893408,-0.2968364669508921,-0.3019339255063415,-0.2648609196163668,-0.2506821295079583,-0.162435292576479,-0.162435292576479,-0.0507673082566809,1.444749662502673,-0.6860753842634565,1.6554107089736416,-0.9897695519176712,-0.760324474345021,-0.4806377619661694,-0.270376493571209,-1.0915187054817956,-0.3019063636343845,-0.8067976084037375,-0.2394835262135088,-0.9818050522006886,-0.4109144439463271,0.0147006390693794,-0.7178407284011775,0.6279054331465134,-3.1978216731173057
-0.2383172881378129,0.4771959973039618,-0.5416453976022103,-0.8221984171040493,-0.8503768080162435,-1.0815097315138171,-0.5313405115187795,-0.1237380003493169,-0.9439025832537544,0.2145210140329482,-0.2394025547046153,-0.3616821166278091,-0.3242123322201614,-0.2266083655811306,0.9008264758864896,-0.4684396830725553,-0.4249430917893408,-0.2968364669508921,-0.3019339255063415,-0.2648609196163668,3.989115626083163,-0.162435292576479,-0.162435292576479,-0.0507673082566809,-0.6921614352674402,-0.6860753842634565,1.6554107089736416,0.2368246044622534,0.0423650113875105,-0.4806377619661694,-0.270376493571209,-0.3497718661632084,-1.2475456633708286,0.5504141843095499,-0.7648167500690816,-0.9642372052453556,0.2607062228398966,0.9557743571151815,-0.3417358264271606,-0.7338499206505987,-1.788513287149667
2.3369124867285542,-0.8667435829128195,1.5401937775690082,0.8183804426557335,2.870336539418709,2.842923364075666,2.839617579467977,-0.9327141707003136,-0.3563171230529975,1.8193032151640416,-1.0129371484286014,-0.3616821166278091,-0.3242123322201614,-0.2266083655811306,1.816133954706112,-0.4684396830725553,2.353256281421644,-0.2968364669508921,-0.3019339255063415,-0.2648609196163668,-0.2506821295079583,-0.162435292576479,-0.162435292576479,-0.0507673082566809,-0.6921614352674402,1.4575657762062992,-0.6040796973096797,-0.9897695519176712,-0.760324474345021,-0.4806377619661694,-0.270376493571209,-1.0915187054817956,0.988660399593918,1.959568805602908,1.2489606080439473,0.0259275691312159,0.2607062228398966,-0.4767006768997439,2.896063957538449,-1.592596507707975,0.2355085835992872
-1.164368873857771,-0.68044731033736,-0.3117236064917071,1.043138706308868,-0.2874863726250308,-0.8486657421742554,0.1829716508265267,1.4942143403526764,-0.5103805317813592,-0.5878700865325985,0.9872280837476723,-0.3616821166278091,-0.3242123322201614,-0.2266083655811306,-0.5506201772224562,2.134746555716359,-0.4249430917893408,-0.2968364669508921,-0.3019339255063415,-0.2648609196163668,-0.2506821295079583,-0.162435292576479,-0.162435292576479,-0.0507673082566809,-0.6921614352674402,1.4575657762062992,-0.6040796973096797,1.0103361919575191,-0.760324474345021,-0.4806377619661694,-0.270376493571209,-1.0915187054817956,0.3349967143224401,-0.8067976084037375,0.8987384588068987,-0.6830211697356151,0.9323268896261204,-0.4968388254380028,0.1968921635094055,0.6279054331465134,0.0673022626401256
1.003232862805764,1.3935056973788902,-0.6927078945348432,0.4454122725775009,-0.6591742352462646,0.025146341418806,0.8471331329868893,1.4942143403526764,1.2373117485597849,0.2145210140329482,-1.0129371484286014,-0.3616821166278091,3.0843984038242387,-0.2266083655811306,-0.5506201772224562,2.134746555716359,-0.4249430917893408,-0.2968364669508921,-0.3019339255063415,-0.2648609196163668,-0.2506821295079583,-0.162435292576479,-0.162435292576479,-0.0507673082566809,-0.6921614352674402,1.4575657762062992,-0.6040796973096797,-0.9897695519176712,1.3152279503582291,-0.4806377619661694,-0.270376493571209,0.1447507516104938,-1.5086700902894206,0.1153245295984775,0.8987384588068987,0.4830694349484459,0.9323268896261204,0.4216540996997463,0.6894132878864917,0.6279054331465134,0.9744898530363836
-0.1978706808752997,-0.8728216826834251,0.0019072383309378,1.4801589673645044,-0.4107008990839698,1.6174717404147048,0.1829716508265267,0.6852381700016797,2.089013639564241,2.6216943157295884,0.9872280837476723,-0.3616821166278091,-0.3242123322201614,-0.2266083655811306,-0.5506201772224562,-0.4684396830725553,-0.4249430917893408,3.368858315395045,-0.3019339255063415,-0.2648609196163668,-0.2506821295079583,-0.162435292576479,-0.162435292576479,-0.0507673082566809,-0.6921614352674402,1.4575657762062992,-0.6040796973096797,-0.9897695519176712,1.3152279503582291,2.08056894220972,-0.270376493571209,1.1337218124739663,-0.4862730440955705,-0.8067976084037375,-0.1519279889042467,1.5602573121365595,1.603947556412344,1.6254012919193426,0.0298040906406845,0.6279054331465134,1.1620652875451112
0.9707923540075027,1.4002795343831154,0.0361281080461963,-0.4841284264569717,-1.1550801815555147,-0.7238354445181037,-0.4811898313338359,-0.9327141707003136,-0.7727047142107317,1.016912114598495,-1.0129371484286014,-0.3616821166278091,3.0843984038242387,-0.2266083655811306,-0.5506201772224562,-0.4684396830725553,-0.4249430917893408,-0.2968364669508921,-0.3019339255063415,-0.2648609196163668,-0.2506821295079583,-0.162435292576479,-0.162435292576479,-0.0507673082566809,1.444749662502673,-0.6860753842634565,-0.6040796973096797,1.0103361919575191,-0.760324474345021,-0.4806377619661694,-0.270376493571209,-0.3497718661632084,-1.6427549488066469,0.1153245295984775,0.5485163095698503,-0.6686249894308737,-1.082535110732551,2.801385769374823,-0.4458470787913322,0.6279054331465134,-0.4310251387321876
-0.3202413656107784,-0.8551608373729718,-0.6198323557301468,-0.6189694223401924,0.8194372510472655,0.7703369592184854,1.511294615147252,-0.1237380003493169,0.1206359359094978,1.016912114598495,0.9872280837476723,-0.3616821166278091,-0.3242123322201614,-0.2266083655811306,-0.5506201772224562,-0.4684396830725553,2.353256281421644,-0.2968364669508921,-0.3019339255063415,-0.2648609196163668,-0.2506821295079583,-0.162435292576479,-0.162435292576479,-0.0507673082566809,-0.6921614352674402,-0.6860753842634565,-0.6040796973096797,1.0103361919575191,1.3152279503582291,-0.4806377619661694,-0.270376493571209,1.50459523213326,-0.0002154319706254,-0.8067976084037375,1.2489606080439473,0.219560403639435,-0.4109144439463271,-0.2646920086840372,1.4342161944163874,0.6279054331465134,0.5683414649027799
1.0061983933820138,1.381632468396459,2.0713629425957163,1.5480506932233868,3.069932921646312,2.3016558544281227,1.511294615147252,-0.1237380003493169,0.8928456504202048,0.2145210140329482,-1.0129371484286014,-0.3616821166278091,3.0843984038242387,-0.2266083655811306,-0.5506201772224562,-0.4684396830725553,-0.4249430917893408,-0.2968364669508921,-0.3019339255063415,-0.2648609196163668,-0.2506821295079583,-0.162435292576479,-0.162435292576479,-0.0507673082566809,1.444749662502673,-0.6860753842634565,-0.6040796973096797,-0.9897695519176712,-0.760324474345021,-0.4806377619661694,-0.270376493571209,2.2463420714518474,-1.592473126862687,0.1153245295984775,0.6360718468791124,1.0782799305889277,-1.7541557775187746,-0.7270898857835357,1.3488438416747075,0.6279054331465134,0.8768748642152763
-0.3184277984944465,-0.8487799956119756,1.6741696173238176,0.980247584764552,0.3501791770241038,-0.2519587557174531,-0.7663507652901925,-0.6557311595358912,0.0024648999403947,-0.5878700865325985,0.9872280837476723,-0.3616821166278091,-0.3242123322201614,-0.2266083655811306,-0.5506201772224562,-0.4684396830725553,-0.4249430917893408,-0.2968364669508921,-0.3019339255063415,-0.2648609196163668,-0.2506821295079583,-0.162435292576479,-0.162435292576479,-0.0507673082566809,1.444749662502673,1.4575657762062992,-0.6040796973096797,-0.9897695519176712,-0.049682082771866,-0.4806377619661694,-0.270376493571209,0.645939528115032,0.8832686203854611,-0.8067976084037375,-0.6772612127598194,0.364966987397965,0.4906604804121466,-0.5954259399170247,-0.8291396931846822,0.6279054331465134,0.4787040791410294
-0.2194564071510754,-0.8682565407111581,-0.6617922207167004,-1.0885218625734527,0.8896862570826783,1.2410678726981057,1.289907454427131,-0.9327141707003136,0.173630720238664,0.2145210140329482,0.9872280837476723,-0.3616821166278091,-0.3242123322201614,-0.2266083655811306,-0.5506201772224562,-0.4684396830725553,-0.4249430917893408,-0.2968364669508921,-0.3019339255063415,-0.2648609196163668,-0.2506821295079583,-0.162435292576479,-0.162435292576479,-0.0507673082566809,1.444749662502673,-0.6860753842634565,-0.6040796973096797,1.0103361919575191,-0.760324474345021,-0.4806377619661694,-0.270376493571209,0.3919749731553789,0.8210543264473853,-0.8067976084037375,0.0231830857142775,0.9099035527556936,-1.082535110732551,-0.5092822889614188,1.207303966782533,0.6279054331465134,0.5957275047412827
-0.2769515828546788,-0.8643848467526228,-0.3183339982859384,-0.7910897823454114,-0.6591742352462646,-1.1964793327458678,0.1829716508265267,-0.9327141707003136,-0.5077307925649008,-0.5878700865325985,0.9872280837476723,-0.3616821166278091,-0.3242123322201614,-0.2266083655811306,-0.5506201772224562,-0.4684396830725553,-0.4249430917893408,-0.2968364669508921,-0.3019339255063415,3.775566442374484,-0.2506821295079583,-0.162435292576479,-0.162435292576479,-0.0507673082566809,-0.6921614352674402,-0.6860753842634565,-0.6040796973096797,-0.9897695519176712,1.3152279503582291,-0.4806377619661694,-0.270376493571209,-0.3497718661632084,0.8713361483913451,-0.8067976084037375,-1.727927660470965,-0.2266369976186348,-1.082535110732551,-0.2672155941535655,0.1963218024221064,0.6279054331465134,0.0706547928910135
-0.3185835994602054,-0.8531813250711042,-0.3581172708524404,-0.3425855224169872,0.5933766930010311,0.70362631254685,-0.0384155098935941,-0.1237380003493169,1.233526406821987,1.016912114598495,0.9872280837476723,-0.3616821166278091,-0.3242123322201614,-0.2266083655811306,-0.5506201772224562,2.134746555716359,-0.4249430917893408,-0.2968364669508921,-0.3019339255063415,-0.2648609196163668,-0.2506821295079583,-0.162435292576479,-0.162435292576479,-0.0507673082566809,-0.6921614352674402,-0.6860753842634565,-0.6040796973096797,-0.9897695519176712,1.3152279503582291,2.08056894220972,-0.270376493571209,0.0211015534960852,-0.0002154319706254,-0.8067976084037375,0.8987384588068987,1.4571267807137036,-0.4109144439463271,-0.1863841458776252,-0.1550971817447613,0.6279054331465134,0.9735027009438134
-0.3170188552973914,-0.8500795205093267,1.3105229699865084,1.25351579204228,2.9059814054440847,2.139679065298923,-0.259802670613715,0.6852381700016797,1.0821127373100838,-0.5878700865325985,0.9872280837476723,-0.3616821166278091,-0.3242123322201614,-0.2266083655811306,-0.5506201772224562,2.134746555716359,-0.4249430917893408,-0.2968364669508921,-0.3019339255063415,-0.2648609196163668,-0.2506821295079583,-0.162435292576479,-0.162435292576479,-0.0507673082566809,-0.6921614352674402,-0.6860753842634565,-0.6040796973096797,-0.9897695519176712,-0.760324474345021,-0.4806377619661694,3.698546374323143,2.617215491111141,0.9383785776499582,-0.8067976084037375,0.8987384588068987,0.7204801276933056,-1.082535110732551,-0.8372306331899703,-0.3621087682287411,0.6279054331465134,0.93255373851015
0.0947520678481153,1.1403045429290048,0.7318315371220032,0.1374735550828664,-0.0940228401306786,0.0127641775944568,-0.7025769920539569,-0.1237380003493169,-0.7910663470851012,-1.3902611870981454,-1.0129371484286014,-0.3616821166278091,-0.3242123322201614,-0.2266083655811306,1.816133954706112,-0.4684396830725553,-0.4249430917893408,-0.2968364669508921,-0.3019339255063415,-0.2648609196163668,-0.2506821295079583,-0.162435292576479,6.156297588648554,-0.0507673082566809,-0.6921614352674402,1.4575657762062992,-0.6040796973096797,-0.9897695519176712,-0.760324474345021,-0.4806377619661694,-0.270376493571209,-1.0915187054817956,-1.2405003732549682,0.207536743398699,-1.4652610485431783,-0.7942788921637254,0.2607062228398966,-0.9560852880068772,-0.6851451830911393,-1.592596507707975,-0.4895032556094919
-1.283186534401567,-0.666545337567433,-0.9478125876183184,-0.1905359811104096,-1.8088791319062647,-0.0110610533596987,-0.7025769920539569,0.6852381700016797,-0.8627958475703141,1.8193032151640416,0.9872280837476723,-0.3616821166278091,-0.3242123322201614,-0.2266083655811306,-0.5506201772224562,-0.4684396830725553,-0.4249430917893408,-0.2968364669508921,-0.3019339255063415,-0.2648609196163668,-0.2506821295079583,-0.162435292576479,-0.162435292576479,-0.0507673082566809,1.444749662502673,-0.6860753842634565,1.6554107089736416,-0.9897695519176712,-0.760324474345021,-0.4806377619661694,-0.270376493571209,-1.0915187054817956,-0.6706397245567567,-0.8067976084037375,0.8111829214976366,-0.901615802257611,-0.4109144439463271,4.053876121835391,-0.6585570808745383,0.6279054331465134,-0.8013608986155604
0.9934151455278228,1.3929341878886297,-0.0599241093053476,1.9870256774914128,1.5729972237255545,0.8923151854319499,1.511294615147252,2.303190510703673,1.990594754381504,-0.5878700865325985,-1.0129371484286014,-0.3616821166278091,3.0843984038242387,-0.2266083655811306,-0.5506201772224562,2.134746555716359,-0.4249430917893408,-0.2968364669508921,-0.3019339255063415,-0.2648609196163668,-0.2506821295079583,-0.162435292576479,-0.162435292576479,-0.0507673082566809,-0.6921614352674402,-0.6860753842634565,-0.6040796973096797,-0.9897695519176712,1.3152279503582291,2.08056894220972,3.698546374323143,0.5774116829850258,-0.4359912221516107,0.1153245295984775,0.8987384588068987,0.657338986005843,0.2607062228398966,-0.7839861826784625,1.2791320499321166,0.6279054331465134,1.143275353262756
0.9718613273528726,1.399365304811122,-0.6242258478372884,0.5027973611697905,-0.0095010201706101,0.5435277168067371,1.9540689365874937,1.4942143403526764,2.142008423893407,0.2145210140329482,-1.0129371484286014,-0.3616821166278091,3.0843984038242387,-0.2266083655811306,-0.5506201772224562,-0.4684396830725553,-0.4249430917893408,-0.2968364669508921,-0.3019339255063415,-0.2648609196163668,-0.2506821295079583,-0.162435292576479,-0.162435292576479,-0.0507673082566809,1.444749662502673,1.4575657762062992,-0.6040796973096797,1.0103361919575191,1.3152279503582291,2.08056894220972,-0.270376493571209,-0.5352085759928552,-1.475148875660114,0.1153245295984775,-0.5897056754505574,1.0866987494805893,2.275568223198568,-0.2208792325055973,1.686303370760672,0.6279054331465134,1.171933407357938
2.3266062740959006,-0.8604108405747166,-0.0875345872263747,-0.5912193338785925,-1.0614148401749637,-0.3198151777101188,-0.7025769920539569,-0.9327141707003136,-0.5077307925649008,0.2145210140329482,-1.0129371484286014,-0.3616821166278091,-0.3242123322201614,-0.2266083655811306,1.816133954706112,-0.4684396830725553,-0.4249430917893408,-0.2968364669508921,-0.3019339255063415,-0.2648609196163668,-0.2506821295079583,-0.162435292576479,-0.162435292576479,-0.0507673082566809,1.444749662502673,-0.6860753842634565,-0.6040796973096797,1.0103361919575191,-0.760324474345021,-0.4806377619661694,-0.270376493571209,-1.0915187054817956,-1.81036102195318,1.959568805602908,0.0231830857142775,-0.2266369976186348,-1.082535110732551,1.5488954169142566,-0.7285266359685494,-1.592596507707975,0.0706547928910135
-0.3041197197154321,-0.8611119252138666,-0.7611899412323979,0.3498053640286679,0.1789075573920932,0.0880658199532108,1.511294615147252,1.4942143403526764,0.945840434749371,1.016912114598495,0.9872280837476723,-0.3616821166278091,-0.3242123322201614,-0.2266083655811306,-0.5506201772224562,2.134746555716359,-0.4249430917893408,-0.2968364669508921,-0.3019339255063415,-0.2648609196163668,-0.2506821295079583,-0.162435292576479,-0.162435292576479,-0.0507673082566809,-0.6921614352674402,-0.6860753842634565,-0.6040796973096797,1.0103361919575191,1.3152279503582291,2.08056894220972,3.698546374323143,1.1337218124739663,0.8713361483913451,-0.8067976084037375,0.8987384588068987,0.2885947185510608,0.9323268896261204,0.0153394941497155,1.3445172617775274,0.6279054331465134,0.8930179498850798
0.2053009051615541,1.119534733720443,0.8422734488061117,0.2139870065392525,-0.0940228401306786,0.0127641775944568,-1.3667384742143194,-0.9327141707003136,-0.7651340307351365,-1.3902611870981454,-1.0129371484286014,-0.3616821166278091,-0.3242123322201614,-0.2266083655811306,1.816133954706112,-0.4684396830725553,-0.4249430917893408,-0.2968364669508921,-0.3019339255063415,-0.2648609196163668,-0.2506821295079583,-0.162435292576479,-0.162435292576479,-0.0507673082566809,1.444749662502673,-0.6860753842634565,-0.6040796973096797,1.0103361919575191,-0.760324474345021,-0.4806377619661694,-0.270376493571209,-1.0915187054817956,-0.9220488342765558,0.207536743398699,0.373405234951326,-0.6559967610933811,-1.082535110732551,-0.9560852880068772,-1.4221629647615412,-1.592596507707975,-0.4085500446717648
-0.3599253770704024,-0.8498480353013173,1.173558876591399,2.201242398106304,1.5729972237255545,0.8923151854319499,0.6257459722667684,1.4942143403526764,2.0738722726130505,-0.5878700865325985,0.9872280837476723,-0.3616821166278091,-0.3242123322201614,-0.2266083655811306,-0.5506201772224562,-0.4684396830725553,-0.4249430917893408,-0.2968364669508921,3.3119829059387924,-0.2648609196163668,-0.2506821295079583,-0.162435292576479,-0.162435292576479,-0.0507673082566809,-0.6921614352674402,1.4575657762062992,-0.6040796973096797,-0.9897695519176712,1.3152279503582291,2.08056894220972,3.698546374323143,1.6900319419629068,-0.2851457563197312,-0.8067976084037375,-1.027483361996868,1.041237127465616,2.275568223198568,-0.7839861826784625,0.4451536693223918,0.6279054331465134,1.1592143281644849
-0.3137571094528539,-0.8578181443741982,1.7687762889414822,1.0163310736818127,0.456892909846514,-0.1520994643364875,-0.7025769920539569,-0.9327141707003136,-0.1776489930289516,-0.5878700865325985,0.9872280837476723,-0.3616821166278091,-0.3242123322201614,-0.2266083655811306,-0.5506201772224562,-0.4684396830725553,-0.4249430917893408,-0.2968364669508921,-0.3019339255063415,-0.2648609196163668,-0.2506821295079583,-0.162435292576479,-0.162435292576479,-0.0507673082566809,1.444749662502673,-0.6860753842634565,-0.6040796973096797,-0.9897695519176712,-0.760324474345021,2.08056894220972,-0.270376493571209,1.8754686517925536,0.3014754996931336,-0.8067976084037375,0.1982941603328017,0.3239537578960398,-1.082535110732551,-0.6806861260130292,-0.7506130857939421,0.6279054331465134,0.3836459671677187
-0.5942568205598685,-0.803612743639447,0.5101581128062749,-0.0736222245426437,-0.0940228401306786,0.0127641775944568,-1.097558073183737,-0.9327141707003136,0.6902406257415874,-1.3902611870981454,0.9872280837476723,-0.3616821166278091,-0.3242123322201614,-0.2266083655811306,-0.5506201772224562,-0.4684396830725553,-0.4249430917893408,-0.2968364669508921,-0.3019339255063415,-0.2648609196163668,-0.2506821295079583,-0.162435292576479,-0.162435292576479,-0.0507673082566809,1.444749662502673,-0.6860753842634565,-0.6040796973096797,-0.9897695519176712,0.6843218578094294,-0.4806377619661694,0.9360577975639864,0.6174439107187462,0.448765098282585,-0.8067976084037375,-0.3578899190222787,1.771631277753269,-1.082535110732551,-0.9560852880068772,-1.163844771000906,0.6279054331465134,0.8062819072898264
0.964759956052691,1.3917300051952644,-0.8583707620610057,-1.258757310909582,-1.4025499604887322,-1.4976163394627695,0.1829716508265267,-0.9327141707003136,0.3023323393237818,0.2145210140329482,-1.0129371484286014,-0.3616821166278091,3.0843984038242387,-0.2266083655811306,-0.5506201772224562,-0.4684396830725553,2.353256281421644,-0.2968364669508921,-0.3019339255063415,-0.2648609196163668,-0.2506821295079583,-0.162435292576479,-0.162435292576479,-0.0507673082566809,-0.6921614352674402,-0.6860753842634565,-0.6040796973096797,1.0103361919575191,-0.760324474345021,-0.4806377619661694,-0.270376493571209,1.1337218124739663,0.2176724631198672,0.1153245295984775,1.2489606080439473,1.1245834344930667,-1.082535110732551,1.5488954169142566,0.1023527634937242,0.6279054331465134,0.6572484052399639
1.0330393942578822,1.386624072588805,-0.2576312541267169,0.7916077158003284,0.6106601786129185,-0.0082089819170113,-0.0384155098935941,2.303190510703673,0.961988551189146,-0.5878700865325985,-1.0129371484286014,-0.3616821166278091,3.0843984038242387,-0.2266083655811306,-0.5506201772224562,-0.4684396830725553,-0.4249430917893408,-0.2968364669508921,-0.3019339255063415,-0.2648609196163668,-0.2506821295079583,-0.162435292576479,-0.162435292576479,-0.0507673082566809,1.444749662502673,1.4575657762062992,-0.6040796973096797,1.0103361919575191,1.3152279503582291,-0.4806377619661694,-0.270376493571209,0.3919749731553789,-1.3243034098282345,0.1153245295984775,0.0231830857142775,0.0854190686409544,1.603947556412344,-0.7017208784901091,-0.1458298754794927,0.6279054331465134,0.8978478805655624
-0.2195180407139187,-0.8695370056911885,-0.9014189232575852,-0.5787928791712597,-0.17036752711308,-0.44367159731267,1.0685202937070102,1.4942143403526764,0.4386046418844948,1.016912114598495,0.9872280837476723,-0.3616821166278091,-0.3242123322201614,-0.2266083655811306,-0.5506201772224562,-0.4684396830725553,-0.4249430917893408,3.368858315395045,-0.3019339255063415,-0.2648609196163668,-0.2506821295079583,-0.162435292576479,-0.162435292576479,-0.0507673082566809,-0.6921614352674402,-0.6860753842634565,1.6554107089736416,1.0103361919575191,1.3152279503582291,-0.4806377619661694,-0.270376493571209,-0.1643351563335615,0.8210543264473853,-0.8067976084037375,-0.1519279889042467,-0.0498418008937392,0.9323268896261204,0.2907000768749876,0.9596760710259662,0.6279054331465134,0.715906100353093
-2.1698094488097475,0.2202886892494769,-0.4210369146987517,0.0705591908301783,-0.1754596508309909,-0.3512575262977927,0.4043588115466475,2.303190510703673,-0.5569402351562694,1.016912114598495,-1.0129371484286014,-0.3616821166278091,-0.3242123322201614,4.412899750790439,-0.5506201772224562,-0.4684396830725553,-0.4249430917893408,-0.2968364669508921,3.3119829059387924,-0.2648609196163668,-0.2506821295079583,-0.162435292576479,-0.162435292576479,-0.0507673082566809,-0.6921614352674402,-0.6860753842634565,1.6554107089736416,1.0103361919575191,-0.760324474345021,-0.4806377619661694,-0.270376493571209,0.3919749731553789,-1.8774034512117928,1.6829321642022432,-1.027483361996868,-0.7591272925162369,0.2607062228398966,0.2958739302398878,0.4403937092619612,-1.592596507707975,0.0049481802796436
-0.2195180407139187,-0.8695370056911885,0.0029955345409638,1.2697818816310922,1.5729972237255545,0.8923151854319499,-0.4811898313338359,0.6852381700016797,-0.1291966187851426,-0.5878700865325985,0.9872280837476723,-0.3616821166278091,-0.3242123322201614,-0.2266083655811306,-0.5506201772224562,2.134746555716359,-0.4249430917893408,-0.2968364669508921,-0.3019339255063415,-0.2648609196163668,-0.2506821295079583,-0.162435292576479,-0.162435292576479,-0.0507673082566809,-0.6921614352674402,1.4575657762062992,1.6554107089736416,-0.9897695519176712,1.3152279503582291,-0.4806377619661694,-0.270376493571209,-0.5969960877080935,0.8210543264473853,-0.8067976084037375,0.8987384588068987,-0.2897781393060974,2.275568223198568,-0.7839861826784625,-0.5298812179292732,0.6279054331465134,0.4179958212511992
0.5473586042681919,1.2708668847505975,1.4319687655719897,1.4562485137843832,2.410038290348573,1.6755913913992209,2.1754560973076145,-0.1237380003493169,1.763474250113649,-0.5878700865325985,-1.0129371484286014,2.7648588471103626,-0.3242123322201614,-0.2266083655811306,-0.5506201772224562,-0.4684396830725553,-0.4249430917893408,-0.2968364669508921,-0.3019339255063415,-0.2648609196163668,3.989115626083163,-0.162435292576479,-0.162435292576479,-0.0507673082566809,-0.6921614352674402,1.4575657762062992,-0.6040796973096797,-0.9897695519176712,1.3152279503582291,-0.4806377619661694,-0.270376493571209,-1.0915187054817956,0.1673906411759073,1.129658881400914,-0.7648167500690816,2.046444103130022,0.9323268896261204,-0.8217699687081571,1.9169713921939568,0.6279054331465134,1.097407547789216
-0.0750212681160763,-0.5226354193582299,2.2356924255104884,1.4206767225030632,0.328972328204873,-0.2718034452386781,-0.8586385156496084,-0.9327141707003136,0.1545984280202274,-0.5878700865325985,0.1237739611096659,-0.3616821166278091,-0.3242123322201614,-0.2266083655811306,0.4710872195513309,-0.4684396830725553,-0.4249430917893408,-0.2968364669508921,-0.3019339255063415,-0.2648609196163668,-0.2506821295079583,-0.162435292576479,-0.162435292576479,-0.0507673082566809,1.444749662502673,1.4575657762062992,-0.6040796973096797,-0.9897695519176712,-0.760324474345021,-0.4806377619661694,-0.270376493571209,1.03238643122926,0.0514450332291611,-0.7669903890387918,-0.072509657771842,0.878156864006247,0.2607062228398966,-0.6083529516343067,-0.9234398332853316,-0.3306661509972566,0.546917460795984
-0.2159868429104216,-0.8687199132874284,-0.3768601500251083,-0.8417729627809373,-0.0257809485534201,-0.2978681401450501,0.4043588115466475,-0.9327141707003136,-0.5834376273208526,1.016912114598495,0.9872280837476723,-0.3616821166278091,-0.3242123322201614,-0.2266083655811306,-0.5506201772224562,-0.4684396830725553,-0.4249430917893408,-0.2968364669508921,-0.3019339255063415,-0.2648609196163668,-0.2506821295079583,-0.162435292576479,-0.162435292576479,-0.0507673082566809,1.444749662502673,-0.6860753842634565,-0.6040796973096797,1.0103361919575191,-0.760324474345021,-0.4806377619661694,-0.270376493571209,-1.0915187054817956,0.8210543264473853,-0.8067976084037375,-1.3777055112339165,-0.3529192809935602,-1.082535110732551,0.1597642201381162,0.4480660646177822,0.6279054331465134,-0.0338230369830465
-0.2195180407139187,-0.8695370056911885,-0.8340654800370944,-1.1133747719881184,-0.8465420867936284,-0.4970262021063553,0.8471331329868893,-0.1237380003493169,-0.7677837699515948,1.016912114598495,0.9872280837476723,-0.3616821166278091,-0.3242123322201614,-0.2266083655811306,-0.5506201772224562,-0.4684396830725553,-0.4249430917893408,3.368858315395045,-0.3019339255063415,-0.2648609196163668,-0.2506821295079583,-0.162435292576479,-0.162435292576479,-0.0507673082566809,-0.6921614352674402,-0.6860753842634565,1.6554107089736416,1.0103361919575191,-0.760324474345021,-0.4806377619661694,-0.270376493571209,0.7628483928146726,0.8210543264473853,-0.8067976084037375,-0.1519279889042467,-0.7683879932970648,0.2607062228398966,1.8069457723045543,1.0146508866650406,0.6279054331465134,-0.4163164561361177
-0.3093271321642772,-0.8460025878233152,0.7252211453277719,0.1126206456682007,-0.0940228401306786,0.0127641775944568,-1.3667384742143194,-0.9327141707003136,-0.4320239578089492,-1.3902611870981454,0.9872280837476723,-0.3616821166278091,-0.3242123322201614,-0.2266083655811306,-0.5506201772224562,-0.4684396830725553,-0.4249430917893408,-0.2968364669508921,-0.3019339255063415,-0.2648609196163668,-0.2506821295079583,-0.162435292576479,-0.162435292576479,-0.0507673082566809,1.444749662502673,-0.6860753842634565,-0.6040796973096797,-0.9897695519176712,-0.760324474345021,2.08056894220972,-0.270376493571209,-1.0915187054817956,-0.1007790758585451,-0.8067976084037375,0.7236273841883746,-0.1003547142437094,-1.082535110732551,-0.9560852880068772,-1.4221629647615412,0.6279054331465134,0.1589895419031008
-0.2191017803105917,-0.8684772913340162,-0.7258404680400757,-1.1439871337250027,1.5088438986371298,1.5422048794150078,0.6257459722667684,-0.9327141707003136,-0.9544011176250156,1.016912114598495,0.9872280837476723,-0.3616821166278091,-0.3242123322201614,-0.2266083655811306,-0.5506201772224562,-0.4684396830725553,2.353256281421644,-0.2968364669508921,-0.3019339255063415,-0.2648609196163668,-0.2506821295079583,-0.162435292576479,-0.162435292576479,-0.0507673082566809,-0.6921614352674402,-0.6860753842634565,1.6554107089736416,-0.9897695519176712,-0.760324474345021,-0.4806377619661694,-0.270376493571209,-1.0915187054817956,0.8210543264473853,-0.8067976084037375,1.2489606080439473,-0.9717024695306946,-0.4109144439463271,-0.4284112256391884,1.3396364453375644,0.6279054331465134,-2.2755696085845214
-0.2195180407139187,-0.8695370056911885,-0.5138242434202179,-0.9603827748469956,-0.4748542241723947,-0.2168971362599789,-0.4811898313338359,-0.9327141707003136,-0.9544011176250156,0.2145210140329482,0.9872280837476723,-0.3616821166278091,-0.3242123322201614,-0.2266083655811306,-0.5506201772224562,-0.4684396830725553,-0.4249430917893408,-0.2968364669508921,-0.3019339255063415,-0.2648609196163668,-0.2506821295079583,-0.162435292576479,-0.162435292576479,-0.0507673082566809,1.444749662502673,-0.6860753842634565,1.6554107089736416,-0.9897695519176712,-0.760324474345021,-0.4806377619661694,-0.270376493571209,0.3919749731553789,0.8210543264473853,-0.8067976084037375,-0.2394835262135088,-0.9717024695306946,-0.4109144439463271,0.1479167855590698,-0.1946965602730499,0.6279054331465134,-2.2755696085845214
-1.487067865830218,-0.6385564866991499,-0.4762578705408059,-0.927850595669372,-0.4891270380970501,-0.7771900493117891,-0.259802670613715,-0.9327141707003136,-0.7651340307351365,0.2145210140329482,0.9872280837476723,-0.3616821166278091,-0.3242123322201614,-0.2266083655811306,-0.5506201772224562,-0.4684396830725553,2.353256281421644,-0.2968364669508921,-0.3019339255063415,-0.2648609196163668,-0.2506821295079583,-0.162435292576479,-0.162435292576479,-0.0507673082566809,-0.6921614352674402,-0.6860753842634565,-0.6040796973096797,1.0103361919575191,-0.760324474345021,-0.4806377619661694,-0.270376493571209,1.1337218124739663,0.804293719132732,-0.8067976084037375,1.2489606080439473,-0.6559967610933811,-1.082535110732551,0.1651675198927147,-0.2048030873201512,0.6279054331465134,-0.4085500446717648
-0.307276750864252,-0.8580067619510949,-0.0279201392771789,0.4473320900182404,-0.1510397582567758,-0.6009181216100961,-0.4811898313338359,2.303190510703673,-0.3608933740934906,0.2145210140329482,0.9872280837476723,-0.3616821166278091,-0.3242123322201614,-0.2266083655811306,-0.5506201772224562,-0.4684396830725553,2.353256281421644,-0.2968364669508921,-0.3019339255063415,-0.2648609196163668,-0.2506821295079583,-0.162435292576479,-0.162435292576479,-0.0507673082566809,-0.6921614352674402,1.4575657762062992,-0.6040796973096797,-0.9897695519176712,1.3152279503582291,-0.4806377619661694,-0.270376493571209,-0.3497718661632084,0.3014754996931336,-0.8067976084037375,1.2489606080439473,-0.6501224039294409,0.9323268896261204,-0.1377315784606068,-0.5126542589865044,0.6279054331465134,0.2311623122332077
-0.6906595979519916,-0.5468999672004142,1.2696514012099809,1.4964250569533164,0.9212797254054836,0.2824588357236851,-0.259802670613715,0.6852381700016797,1.9066399628062305,-0.5878700865325985,0.9872280837476723,-0.3616821166278091,-0.3242123322201614,-0.2266083655811306,-0.5506201772224562,-0.4684396830725553,-0.4249430917893408,-0.2968364669508921,-0.3019339255063415,-0.2648609196163668,-0.2506821295079583,-0.162435292576479,-0.162435292576479,-0.0507673082566809,1.444749662502673,1.4575657762062992,-0.6040796973096797,-0.9897695519176712,1.3152279503582291,2.08056894220972,-0.270376493571209,0.3919749731553789,0.9718997922792648,-0.8067976084037375,0.7236273841883746,1.4081537114331129,1.603947556412344,-0.7357210283650573,-0.381578948625322,0.6279054331465134,1.126745047558402
-0.3168255358591416,-0.8483951319606274,1.827302440680652,1.0670142541173386,0.456892909846514,-0.1520994643364875,-0.7025769920539569,-0.9327141707003136,0.9306990677981806,-0.5878700865325985,0.9872280837476723,-0.3616821166278091,-0.3242123322201614,-0.2266083655811306,-0.5506201772224562,-0.4684396830725553,-0.4249430917893408,-0.2968364669508921,-0.3019339255063415,-0.2648609196163668,-0.2506821295079583,-0.162435292576479,6.156297588648554,-0.0507673082566809,-0.6921614352674402,-0.6860753842634565,-0.6040796973096797,-0.9897695519176712,-0.760324474345021,2.08056894220972,-0.270376493571209,-1.0915187054817956,0.8545755410766919,-0.8067976084037375,-1.4652610485431783,2.1727263865049475,-1.082535110732551,-0.6806861260130292,-0.7834162029666707,0.6279054331465134,0.8884518568421662
0.3885743128868926,1.2273682099966892,2.980964003467088,2.0660759626134166,1.8151866079139367,1.2803708553985025,-0.4698982780711394,-0.9327141707003136,-0.9281304228819616,-0.7782366429573276,-1.0129371484286014,-0.3616821166278091,-0.3242123322201614,-0.2266083655811306,1.816133954706112,2.134746555716359,-0.4249430917893408,-0.2968364669508921,-0.3019339255063415,-0.2648609196163668,-0.2506821295079583,-0.162435292576479,-0.162435292576479,-0.0507673082566809,-0.6921614352674402,-0.6860753842634565,1.1193486718751495,-0.5152462892861738,-0.760324474345021,-0.4806377619661694,-0.270376493571209,-0.1737931053812379,0.3168628383837474,1.159303930122523,0.8987384588068987,-0.9278818114792404,-0.5702558342853512,-0.8536091816796133,-0.277896156948188,-1.592596507707975,-1.520370176579616
-0.3117560973642084,-0.8571881669705742,-0.6198323557301468,-0.7825029625195579,-1.0308620978674985,-1.54429292331748,-0.9239641527740776,-0.1237380003493169,-0.960367648978967,-0.5878700865325985,0.9872280837476723,-0.3616821166278091,-0.3242123322201614,-0.2266083655811306,-0.5506201772224562,-0.4684396830725553,-0.4249430917893408,3.368858315395045,-0.3019339255063415,-0.2648609196163668,-0.2506821295079583,-0.162435292576479,-0.162435292576479,-0.0507673082566809,-0.6921614352674402,1.4575657762062992,1.6554107089736416,-0.9897695519176712,-0.760324474345021,-0.4806377619661694,-0.270376493571209,-1.0915187054817956,0.3014754996931336,-0.8067976084037375,-0.1519279889042467,-0.982546834333233,1.603947556412344,0.2964050644536896,-0.7215512940777892,0.6279054331465134,-3.1647301786381368
-2.148688312796856,0.2185532484456618,-0.0864462910163488,0.1241046445409885,1.2002686350889815,0.5435277168067371,-0.4811898313338359,0.6852381700016797,1.0669713703588937,-0.5878700865325985,-1.0129371484286014,-0.3616821166278091,-0.3242123322201614,4.412899750790439,-0.5506201772224562,2.134746555716359,-0.4249430917893408,-0.2968364669508921,-0.3019339255063415,-0.2648609196163668,-0.2506821295079583,-0.162435292576479,-0.162435292576479,-0.0507673082566809,-0.6921614352674402,-0.6860753842634565,-0.6040796973096797,1.0103361919575191,1.3152279503582291,2.08056894220972,-0.270376493571209,0.3919749731553789,-1.8774034512117928,1.6829321642022432,0.8987384588068987,0.707851899355813,0.2607062228398966,-0.7593412624586426,-0.5737713301179718,-1.592596507707975,0.9282931861962224
-2.127820466822143,0.2197912391161432,1.105117137160882,2.312172940409404,-0.0940228401306786,0.0127641775944568,-1.3667384742143194,1.4942143403526764,1.990594754381504,-1.3902611870981454,-1.0129371484286014,-0.3616821166278091,-0.3242123322201614,4.412899750790439,-0.5506201772224562,-0.4684396830725553,-0.4249430917893408,-0.2968364669508921,-0.3019339255063415,-0.2648609196163668,-0.2506821295079583,-0.162435292576479,-0.162435292576479,-0.0507673082566809,1.444749662502673,1.4575657762062992,-0.6040796973096797,1.0103361919575191,-0.760324474345021,-0.4806377619661694,-0.270376493571209,0.3919749731553789,-1.8774034512117928,1.6829321642022432,0.7236273841883746,0.9856729227806488,0.9323268896261204,-0.9560852880068772,-1.4221629647615412,-1.592596507707975,1.143275353262756
0.971769604554889,1.3983755044667543,-0.8141939973873623,-1.0148706843923512,-0.5807480962331842,-0.7152444488309849,1.511294615147252,1.4942143403526764,-0.7844392735979042,1.016912114598495,-1.0129371484286014,-0.3616821166278091,3.0843984038242387,-0.2266083655811306,-0.5506201772224562,-0.4684396830725553,-0.4249430917893408,-0.2968364669508921,3.3119829059387924,-0.2648609196163668,-0.2506821295079583,-0.162435292576479,-0.162435292576479,-0.0507673082566809,-0.6921614352674402,-0.6860753842634565,1.6554107089736416,1.0103361919575191,-0.760324474345021,-0.4806377619661694,-0.270376493571209,2.431778781281494,-1.475148875660114,0.1153245295984775,-1.027483361996868,-0.8658779160625071,0.2607062228398966,0.9133032977551626,1.7638259554155038,0.6279054331465134,-0.4677028446169129
-0.3209618962589814,-0.8542070546774255,-0.8925916317762641,-0.3234571595528906,-0.5991094766466732,-1.1402726565094952,-0.4811898313338359,0.6852381700016797,-0.9260110545915338,-0.5878700865325985,0.9872280837476723,-0.3616821166278091,-0.3242123322201614,-0.2266083655811306,-0.5506201772224562,-0.4684396830725553,-0.4249430917893408,-0.2968364669508921,-0.3019339255063415,-0.2648609196163668,-0.2506821295079583,-0.162435292576479,-0.162435292576479,-0.0507673082566809,1.444749662502673,-0.6860753842634565,1.6554107089736416,-0.9897695519176712,-0.760324474345021,-0.4806377619661694,-0.270376493571209,1.1337218124739663,-0.0002154319706254,-0.8067976084037375,1.1614050707346852,-0.9543386555666424,-0.4109144439463271,-0.3187151049449677,-0.3306180064805683,0.6279054331465134,-1.3826923420196446
-0.6146383867912599,-0.7952818420101269,-0.6748871807819733,-1.099861993507434,0.4446934155800428,0.4203302290176628,0.927570403612186,-0.9327141707003136,-0.1361364670586703,-0.1137907363338995,0.9872280837476723,-0.3616821166278091,-0.3242123322201614,-0.2266083655811306,-0.5506201772224562,-0.4684396830725553,-0.4249430917893408,-0.2968364669508921,-0.3019339255063415,-0.2648609196163668,-0.2506821295079583,-0.162435292576479,-0.162435292576479,-0.0507673082566809,1.444749662502673,-0.6860753842634565,-0.6040796973096797,1.0103361919575191,-0.760324474345021,-0.4806377619661694,-0.270376493571209,-0.2150212982990775,0.3615761623774539,-0.8067976084037375,0.2381319680340322,0.3931984513915093,-1.082535110732551,-0.5181690270246019,0.8966490699013574,0.6279054331465134,0.3381363622769259
2.3753477169782022,-0.8591545538225023,-0.4541694882039842,-0.9087222328052752,-0.0940228401306786,0.0127641775944568,-0.259802670613715,-0.9327141707003136,0.5900183113963982,-1.3902611870981454,-1.0129371484286014,-0.3616821166278091,-0.3242123322201614,-0.2266083655811306,1.816133954706112,2.134746555716359,-0.4249430917893408,-0.2968364669508921,-0.3019339255063415,-0.2648609196163668,-0.2506821295079583,-0.162435292576479,-0.162435292576479,-0.0507673082566809,-0.6921614352674402,1.4575657762062992,-0.6040796973096797,-0.9897695519176712,-0.760324474345021,-0.4806377619661694,-0.270376493571209,1.1337218124739663,-1.6259943414919935,1.959568805602908,0.8987384588068987,1.604456111317783,0.2607062228398966,-0.9560852880068772,-0.3457400382177101,-1.592596507707975,0.774731204977124
-0.2429412870917307,-0.8639197993464338,-0.6625704281775786,-1.0891957840253832,0.8632412165809434,1.192293065096399,1.2683744833534296,-0.9327141707003136,0.1552218717130906,0.195010098966699,0.9872280837476723,-0.3616821166278091,-0.3242123322201614,-0.2266083655811306,-0.5506201772224562,-0.4684396830725553,-0.4249430917893408,-0.2968364669508921,-0.3019339255063415,-0.2648609196163668,-0.2506821295079583,-0.162435292576479,-0.162435292576479,-0.0507673082566809,1.444749662502673,-0.6860753842634565,-0.6040796973096797,1.0103361919575191,-0.760324474345021,-0.4806377619661694,-0.270376493571209,0.3559023906643634,0.7937484520035147,-0.8067976084037375,0.035957070750877,0.8791967951213734,-1.082535110732551,-0.5098104101492016,1.1888423634400074,0.6279054331465134,0.5804193749018103
-1.1580899765018304,-0.6907072121579605,-0.6175937193468556,-1.050246313039783,-1.0164305253872123,-1.2486432548730202,-0.7099591869895775,-0.9327141707003136,-0.9420312729126314,0.2145210140329482,0.9872280837476723,-0.3616821166278091,-0.3242123322201614,-0.2266083655811306,-0.5506201772224562,-0.4684396830725553,-0.4249430917893408,-0.2968364669508921,-0.3019339255063415,-0.2648609196163668,3.989115626083163,-0.162435292576479,-0.162435292576479,-0.0507673082566809,-0.6921614352674402,-0.6860753842634565,1.5800675925070315,-0.9230756639563572,-0.760324474345021,-0.4806377619661694,-0.270376493571209,-1.0420513403200666,-0.2918464249251725,-0.8067976084037375,-0.7648167500690816,-0.9510690321361888,-0.4333097566143251,1.5078178412604384,-0.5166699470731776,0.6279054331465134,-2.200818163496237
0.0712282801503499,0.1622009879264561,3.2580923845581675,2.3060669294762515,1.7824954217382687,1.0883568854627594,-0.6040572607752799,-0.9327141707003136,-0.638014944586502,-0.5878700865325985,0.0238078010353592,-0.3616821166278091,-0.3242123322201614,-0.2266083655811306,0.5893751082731398,2.134746555716359,-0.4249430917893408,-0.2968364669508921,-0.3019339255063415,-0.2648609196163668,-0.2506821295079583,-0.162435292576479,-0.162435292576479,-0.0507673082566809,-0.6921614352674402,0.4250373932354293,0.4842498321656094,-0.9897695519176712,-0.760324474345021,-0.4806377619661694,-0.270376493571209,0.0346975152026954,0.7421667475618421,-0.0073116050094192,0.8987384588068987,-0.4439566129200825,-0.0627935372107227,-0.7893942852812723,-0.502791597059612,-0.4416445086318652,-0.694785848389275
-1.1780376494613594,-0.6916066385847413,-0.6562701251324949,-0.3674384318316528,0.2858421554682222,0.5673529477608926,1.511294615147252,0.6852381700016797,0.2871909723725915,1.8193032151640416,0.9872280837476723,-0.3616821166278091,-0.3242123322201614,-0.2266083655811306,-0.5506201772224562,-0.4684396830725553,2.353256281421644,-0.2968364669508921,-0.3019339255063415,-0.2648609196163668,-0.2506821295079583,-0.162435292576479,-0.162435292576479,-0.0507673082566809,-0.6921614352674402,-0.6860753842634565,-0.6040796973096797,1.0103361919575191,1.3152279503582291,2.08056894220972,-0.270376493571209,-0.8442944839369106,1.40767558246025,-0.8067976084037375,1.2489606080439473,0.0574981399749473,0.2607062228398966,0.2571139526813988,1.4110166238641515,0.6279054331465134,0.6503442056587353
0.1236312376401422,0.8060567402611386,-0.8925916317762641,-1.2883923110402715,-1.0308620978674985,-1.54429292331748,-0.9239641527740776,-0.9327141707003136,-0.9604576644054916,-0.5878700865325985,-1.0129371484286014,-0.3616821166278091,-0.3242123322201614,-0.2266083655811306,1.816133954706112,-0.4684396830725553,-0.4249430917893408,-0.2968364669508921,-0.3019339255063415,-0.2648609196163668,-0.2506821295079583,-0.162435292576479,-0.162435292576479,-0.0507673082566809,1.444749662502673,-0.6860753842634565,1.6554107089736416,-0.9897695519176712,-0.760324474345021,-0.4806377619661694,-0.270376493571209,-1.0915187054817956,-1.2740215878842749,1.2218710952011356,-0.9399278246876058,-0.9818050522006886,-0.4109144439463271,0.2964050644536896,-0.7178407284011775,-1.592596507707975,-3.1978216731173057
-0.2862963950551814,-0.8624175760320117,-0.5237398311115649,-0.3196524304430612,0.0852050472252802,-0.2759558839390387,-0.0384155098935941,-0.1237380003493169,-0.24275687091907,0.2145210140329482,0.9872280837476723,-0.3616821166278091,-0.3242123322201614,-0.2266083655811306,-0.5506201772224562,-0.4684396830725553,-0.4249430917893408,-0.2968364669508921,-0.3019339255063415,-0.2648609196163668,-0.2506821295079583,6.156297588648554,-0.162435292576479,-0.0507673082566809,-0.6921614352674402,-0.6860753842634565,-0.6040796973096797,1.0103361919575191,1.3152279503582291,-0.4806377619661694,-0.270376493571209,0.0211015534960852,0.6366876459861992,-0.8067976084037375,-1.2025944366153922,-0.1845429031603263,-0.4109144439463271,-0.267680267542379,-0.0722433234810858,0.6279054331465134,0.3339859301250376
-0.3164320372606425,-0.8558210563435746,-0.9544229794125496,-0.4707246101434442,-1.0074457625223605,-0.9934953212882748,0.4043588115466475,-0.1237380003493169,-0.7348512968327559,1.016912114598495,0.9872280837476723,-0.3616821166278091,-0.3242123322201614,-0.2266083655811306,-0.5506201772224562,-0.4684396830725553,-0.4249430917893408,3.368858315395045,-0.3019339255063415,-0.2648609196163668,-0.2506821295079583,-0.162435292576479,-0.162435292576479,-0.0507673082566809,-0.6921614352674402,-0.6860753842634565,1.6554107089736416,1.0103361919575191,-0.760324474345021,-0.4806377619661694,-0.270376493571209,0.7628483928146726,-0.0002154319706254,-0.8067976084037375,-0.1519279889042467,-0.7317661311183363,0.2607062228398966,2.801385769374823,0.5080983171239621,0.6279054331465134,-0.3265473279595058
-0.3227111773371774,-0.8497060417974348,0.2834938058583763,0.3641167304050907,-0.0940228401306786,0.0127641775944568,-1.1453513134941986,-0.1237380003493169,1.3092332415779389,-1.3902611870981454,0.9872280837476723,-0.3616821166278091,-0.3242123322201614,-0.2266083655811306,-0.5506201772224562,-0.4684396830725553,-0.4249430917893408,-0.2968364669508921,-0.3019339255063415,-0.2648609196163668,-0.2506821295079583,-0.162435292576479,-0.162435292576479,-0.0507673082566809,1.444749662502673,-0.6860753842634565,-0.6040796973096797,1.0103361919575191,1.3152279503582291,-0.4806377619661694,-0.270376493571209,0.0211015534960852,0.9383785776499582,-0.8067976084037375,0.0231830857142775,1.5413149696303206,-0.4109144439463271,-0.9560852880068772,-1.2113783388082568,0.6279054331465134,0.9929297019973355
-0.3109929532914439,-0.8574521785461088,-0.2189765850372789,0.3469081849817335,0.0536487476887375,0.5826219643869863,1.7326817758673727,0.6852381700016797,-0.5266575012538888,1.8193032151640416,0.9872280837476723,-0.3616821166278091,-0.3242123322201614,-0.2266083655811306,-0.5506201772224562,-0.4684396830725553,2.353256281421644,-0.2968364669508921,-0.3019339255063415,-0.2648609196163668,-0.2506821295079583,-0.162435292576479,-0.162435292576479,-0.0507673082566809,-0.6921614352674402,1.4575657762062992,1.6554107089736416,1.0103361919575191,-0.760324474345021,-0.4806377619661694,-0.270376493571209,-1.0915187054817956,0.3014754996931336,-0.8067976084037375,1.2489606080439473,-0.6212691331652767,2.275568223198568,0.4505606742235821,1.8231232951585976,0.6279054331465134,0.0462663646173373
-0.2913733688508003,-0.8603467600952177,-0.3879043411935192,-0.6342581503228096,0.7226869004069584,0.2281303528763992,1.511294615147252,0.6852381700016797,-0.7651340307351365,0.2145210140329482,0.9872280837476723,-0.3616821166278091,-0.3242123322201614,-0.2266083655811306,-0.5506201772224562,-0.4684396830725553,-0.4249430917893408,-0.2968364669508921,-0.3019339255063415,-0.2648609196163668,-0.2506821295079583,-0.162435292576479,-0.162435292576479,-0.0507673082566809,1.444749662502673,-0.6860753842634565,1.6554107089736416,1.0103361919575191,-0.760324474345021,-0.4806377619661694,-0.270376493571209,0.8864975909290812,0.6366876459861992,-0.8067976084037375,0.0231830857142775,-0.8201637294807841,0.2607062228398966,-0.4741728784414418,1.7429727165860731,0.6279054331465134,-0.4085500446717648
0.452160993314605,1.2282350698022115,-0.1549283377139036,-0.1264489843613561,0.1860439643544209,1.1086204574084355,2.1754560973076145,-0.1237380003493169,0.3326150732261625,1.8193032151640416,-1.0129371484286014,-0.3616821166278091,-0.3242123322201614,-0.2266083655811306,1.816133954706112,-0.4684396830725553,2.353256281421644,-0.2968364669508921,-0.3019339255063415,-0.2648609196163668,-0.2506821295079583,-0.162435292576479,-0.162435292576479,-0.0507673082566809,-0.6921614352674402,-0.6860753842634565,-0.6040796973096797,1.0103361919575191,1.3152279503582291,-0.4806377619661694,-0.270376493571209,0.0211015534960852,0.1506300338612541,1.4062955228015783,1.2489606080439473,0.4552873326059622,-0.4109144439463271,0.3333292068051242,2.057772554590361,-1.592596507707975,0.6708121540639518
0.9489823356092828,1.3843284446525557,1.380093312894089,0.6797347176626835,0.5485511367689102,-0.0663286329015279,-0.7025769920539569,-0.9327141707003136,-0.1670500361631184,-0.5878700865325985,-1.0129371484286014,-0.3616821166278091,3.0843984038242387,-0.2266083655811306,-0.5506201772224562,-0.4684396830725553,-0.4249430917893408,-0.2968364669508921,-0.3019339255063415,-0.2648609196163668,-0.2506821295079583,-0.162435292576479,-0.162435292576479,-0.0507673082566809,1.444749662502673,-0.6860753842634565,-0.6040796973096797,-0.9897695519176712,-0.760324474345021,-0.4806377619661694,3.698546374323143,1.1337218124739663,-0.9388094415912092,0.1153245295984775,0.6360718468791124,0.3416332775685294,-1.082535110732551,-0.6936237430948655,-0.7511381796788907,0.6279054331465134,0.3913379163878396
-1.4900817262660333,-0.6374195222191057,-1.027298518217246,-1.208074130474056,-0.0940228401306786,0.0127641775944568,-0.259802670613715,-0.1237380003493169,-0.5834376273208526,-1.3902611870981454,0.9872280837476723,-0.3616821166278091,-0.3242123322201614,-0.2266083655811306,-0.5506201772224562,-0.4684396830725553,-0.4249430917893408,3.368858315395045,-0.3019339255063415,-0.2648609196163668,-0.2506821295079583,-0.162435292576479,-0.162435292576479,-0.0507673082566809,-0.6921614352674402,1.4575657762062992,1.6554107089736416,-0.9897695519176712,-0.760324474345021,-0.4806377619661694,-0.270376493571209,-1.0915187054817956,0.804293719132732,-0.8067976084037375,-0.1519279889042467,-0.5633897532851024,1.603947556412344,-0.9560852880068772,-0.253269821399464,0.6279054331465134,-0.0338230369830465
-0.3162731203675878,-0.8550032877802722,0.6435183150417545,0.5190634507586024,-0.3801481567765044,-0.2959899467559635,-0.9239641527740776,-0.1237380003493169,0.3250443897505673,0.2145210140329482,0.9872280837476723,-0.3616821166278091,-0.3242123322201614,-0.2266083655811306,-0.5506201772224562,2.134746555716359,-0.4249430917893408,-0.2968364669508921,-0.3019339255063415,-0.2648609196163668,-0.2506821295079583,-0.162435292576479,-0.162435292576479,-0.0507673082566809,-0.6921614352674402,1.4575657762062992,-0.6040796973096797,-0.9897695519176712,-0.760324474345021,2.08056894220972,-0.270376493571209,0.3919749731553789,-0.0002154319706254,-0.8067976084037375,0.8987384588068987,0.4468685137143007,0.9323268896261204,0.0456520062866651,-0.9870264659756076,0.6279054331465134,0.6674511964284087
2.3331419781688423,-0.8658135762848392,-1.2625317286509892,-1.6087574832422389,-0.0940228401306786,0.0127641775944568,-0.4811898313338359,-0.9327141707003136,-0.8484115489666834,-1.3902611870981454,-1.0129371484286014,-0.3616821166278091,-0.3242123322201614,-0.2266083655811306,1.816133954706112,-0.4684396830725553,2.353256281421644,-0.2968364669508921,-0.3019339255063415,-0.2648609196163668,-0.2506821295079583,-0.162435292576479,-0.162435292576479,-0.0507673082566809,-0.6921614352674402,-0.6860753842634565,-0.6040796973096797,-0.9897695519176712,-0.760324474345021,-0.4806377619661694,-0.270376493571209,0.3919749731553789,0.988660399593918,1.959568805602908,1.2489606080439473,-0.7949072728057991,-1.7541557775187746,-0.9560852880068772,-0.4130813152693232,-1.592596507707975,-0.7237493533031532
-0.3155705185382537,-0.8517958167174735,1.456274047595901,1.4046228775143128,2.6890643688183333,1.9366950538413303,1.0685202937070102,-0.1237380003493169,0.9306990677981806,-0.5878700865325985,0.9872280837476723,-0.3616821166278091,-0.3242123322201614,-0.2266083655811306,-0.5506201772224562,2.134746555716359,-0.4249430917893408,-0.2968364669508921,-0.3019339255063415,-0.2648609196163668,-0.2506821295079583,-0.162435292576479,-0.162435292576479,-0.0507673082566809,-0.6921614352674402,1.4575657762062992,-0.6040796973096797,-0.9897695519176712,-0.760324474345021,-0.4806377619661694,-0.270376493571209,1.50459523213326,1.105984650796491,-0.8067976084037375,0.8987384588068987,1.1203740250472358,0.2607062228398966,-0.8309295506741051,0.9199084951529842,0.6279054331465134,0.8884518568421662
-2.1704208994845957,0.2209597135147266,-0.7192300762458443,-1.1382625871744338,-0.2864828153959535,-0.8477266454797121,-0.0384155098935941,-0.9327141707003136,0.0222170507267607,-0.5878700865325985,-1.0129371484286014,-0.3616821166278091,-0.3242123322201614,4.412899750790439,-0.5506201772224562,2.134746555716359,-0.4249430917893408,-0.2968364669508921,-0.3019339255063415,-0.2648609196163668,-0.2506821295079583,-0.162435292576479,-0.162435292576479,-0.0507673082566809,-0.6921614352674402,-0.6860753842634565,-0.6040796973096797,1.0103361919575191,-0.760324474345021,-0.4806377619661694,-0.270376493571209,1.1337218124739663,-1.8774034512117928,1.6829321642022432,0.8987384588068987,0.657338986005843,-1.082535110732551,-0.4972517755991697,-0.0966047305591529,-1.592596507707975,0.5137247645196329
-0.2195180407139187,-0.8695370056911885,-1.0251219257971944,-1.170759860580408,-0.8791391123455108,-1.241277723211491,-0.259802670613715,-0.1237380003493169,-0.8851293638233199,0.2145210140329482,0.9872280837476723,-0.3616821166278091,-0.3242123322201614,-0.2266083655811306,-0.5506201772224562,-0.4684396830725553,-0.4249430917893408,-0.2968364669508921,-0.3019339255063415,-0.2648609196163668,3.989115626083163,-0.162435292576479,-0.162435292576479,-0.0507673082566809,-0.6921614352674402,-0.6860753842634565,1.6554107089736416,-0.9897695519176712,-0.760324474345021,-0.4806377619661694,-0.270376493571209,1.8754686517925536,0.8210543264473853,-0.8067976084037375,-0.7648167500690816,-0.8988796861178209,-0.4109144439463271,1.0006529419414592,-0.1275917003745479,0.6279054331465134,-0.9475657771962592
-0.2222332119473561,-0.8689720270726573,-1.0057089188161832,-0.0309038089131948,0.0806428742617024,0.3756808502173497,-0.4152091244893676,-0.1237380003493169,-0.8196601372941708,0.7777729892363169,0.9872280837476723,-0.3616821166278091,-0.3242123322201614,-0.2266083655811306,-0.5506201772224562,-0.4684396830725553,-0.4249430917893408,3.368858315395045,-0.3019339255063415,-0.2648609196163668,-0.2506821295079583,-0.162435292576479,-0.162435292576479,-0.0507673082566809,-0.6921614352674402,-0.0471993151697345,1.6554107089736416,0.414238431295592,-0.760324474345021,-0.4806377619661694,-0.270376493571209,-0.0181741759536877,0.8210543264473853,-0.8067976084037375,-0.1519279889042467,-0.8260760135164184,0.66103663208102,0.0144073076472753,-0.3438949792569904,0.6279054331465134,-0.6409573192720208
-1.283186534401567,-0.666545337567433,0.8698839267271388,1.9793464077284544,0.456892909846514,1.7117987861777255,-0.259802670613715,0.6852381700016797,0.8936436004585325,0.2145210140329482,0.9872280837476723,-0.3616821166278091,-0.3242123322201614,-0.2266083655811306,-0.5506201772224562,-0.4684396830725553,-0.4249430917893408,-0.2968364669508921,3.3119829059387924,-0.2648609196163668,-0.2506821295079583,-0.162435292576479,-0.162435292576479,-0.0507673082566809,-0.6921614352674402,1.4575657762062992,-0.6040796973096797,1.0103361919575191,1.3152279503582291,-0.4806377619661694,-0.270376493571209,0.1447507516104938,-0.6706397245567567,-0.8067976084037375,-1.027483361996868,0.5632927811080347,1.603947556412344,-0.4052869640191812,-0.3564165621833577,0.6279054331465134,0.8771213360568412
-0.3238414204722499,-0.8523007267024895,-0.0522254213010903,0.0877677362535351,-2.1459256857312,-2.587733695032317,-0.7025769920539569,-0.1237380003493169,0.5688203976647317,-0.5878700865325985,0.9872280837476723,-0.3616821166278091,-0.3242123322201614,-0.2266083655811306,-0.5506201772224562,-0.4684396830725553,-0.4249430917893408,-0.2968364669508921,-0.3019339255063415,-0.2648609196163668,-0.2506821295079583,-0.162435292576479,-0.162435292576479,-0.0507673082566809,1.444749662502673,-0.6860753842634565,-0.6040796973096797,1.0103361919575191,1.3152279503582291,-0.4806377619661694,-0.270376493571209,0.3919749731553789,1.105984650796491,-0.8067976084037375,-0.6772612127598194,0.7179544820258071,-0.4109144439463271,0.2964050644536896,-0.7758108290983332,0.6279054331465134,0.7668503509487107
-2.1717725765246074,0.2191944951749906,0.3033652885081082,0.0083920115218645,1.5587244098008992,1.354455103224451,2.1754560973076145,-0.1237380003493169,2.255568676027335,1.016912114598495,-1.0129371484286014,-0.3616821166278091,-0.3242123322201614,4.412899750790439,-0.5506201772224562,-0.4684396830725553,-0.4249430917893408,-0.2968364669508921,-0.3019339255063415,-0.2648609196163668,-0.2506821295079583,-0.162435292576479,-0.162435292576479,-0.0507673082566809,1.444749662502673,-0.6860753842634565,-0.6040796973096797,-0.9897695519176712,-0.760324474345021,2.08056894220972,3.698546374323143,2.2463420714518474,-1.8774034512117928,1.6829321642022432,0.373405234951326,2.593667331088032,-0.4109144439463271,-0.4372995111094027,1.887117030572067,-1.592596507707975,1.19252394535784
0.4966044565892859,1.247231308111985,-0.3249846973472078,-0.7968492346676304,-1.0308620978674985,-1.54429292331748,-1.1453513134941986,-0.9327141707003136,-0.5455842099428767,-0.5878700865325985,-1.0129371484286014,-0.3616821166278091,-0.3242123322201614,-0.2266083655811306,1.816133954706112,2.134746555716359,-0.4249430917893408,-0.2968364669508921,-0.3019339255063415,-0.2648609196163668,-0.2506821295079583,-0.162435292576479,-0.162435292576479,-0.0507673082566809,-0.6921614352674402,1.4575657762062992,-0.6040796973096797,-0.9897695519176712,-0.760324474345021,-0.4806377619661694,-0.270376493571209,0.3919749731553789,1.0221816142232247,0.8530222400002495,0.8987384588068987,-0.2897781393060974,0.2607062228398966,0.2964050644536896,-1.189733072759006,-1.592596507707975,0.0207936569884482
1.0276981652623998,1.3835059164563963,-0.5237398311115649,-0.5654239686293819,-0.2864828153959535,-0.8477266454797121,0.6257459722667684,-0.1237380003493169,0.6278717287743739,-0.5878700865325985,-1.0129371484286014,-0.3616821166278091,3.0843984038242387,-0.2266083655811306,-0.5506201772224562,2.134746555716359,-0.4249430917893408,-0.2968364669508921,-0.3019339255063415,-0.2648609196163668,-0.2506821295079583,-0.162435292576479,-0.162435292576479,-0.0507673082566809,-0.6921614352674402,-0.6860753842634565,-0.6040796973096797,1.0103361919575191,1.3152279503582291,-0.4806377619661694,-0.270376493571209,0.0211015534960852,1.4411967970895567,0.1153245295984775,0.8987384588068987,0.7836212693807683,-0.4109144439463271,-0.4972517755991697,0.5127840592349213,0.6279054331465134,0.7885401054575832
0.5544477631845051,1.2709158510756215,-0.7931939112605666,-0.3951885202932527,-0.2864828153959535,0.1175951937927407,1.0685202937070102,0.6852381700016797,0.0070756837755703,0.2145210140329482,-1.0129371484286014,2.7648588471103626,-0.3242123322201614,-0.2266083655811306,-0.5506201772224562,-0.4684396830725553,-0.4249430917893408,-0.2968364669508921,-0.3019339255063415,-0.2648609196163668,3.989115626083163,-0.162435292576479,-0.162435292576479,-0.0507673082566809,-0.6921614352674402,-0.6860753842634565,1.6554107089736416,1.0103361919575191,1.3152279503582291,-0.4806377619661694,-0.270376493571209,-0.7206452858225021,0.0333057826586811,1.129658881400914,-0.7648167500690816,-0.1761240842686646,0.9323268896261204,-0.038418263191462,1.0101969103452717,0.6279054331465134,0.5048402202984124
-0.3190279223626306,-0.8493034838058799,-0.3536834714782608,0.2139870065392525,-0.2569336303175655,0.4854080658222208,1.289907454427131,1.4942143403526764,2.5432546480999507,1.8193032151640416,0.9872280837476723,-0.3616821166278091,-0.3242123322201614,-0.2266083655811306,-0.5506201772224562,-0.4684396830725553,-0.4249430917893408,-0.2968364669508921,-0.3019339255063415,-0.2648609196163668,3.989115626083163,-0.162435292576479,-0.162435292576479,-0.0507673082566809,-0.6921614352674402,1.4575657762062992,-0.6040796973096797,1.0103361919575191,1.3152279503582291,2.08056894220972,-0.270376493571209,1.319158522303613,0.9383785776499582,-0.8067976084037375,-0.7648167500690816,1.354417190235431,2.275568223198568,0.8319095049418264,1.0484006583463568,0.6279054331465134,1.2415980207885533
-1.1999820040821243,-0.6958078874009804,-0.522651534901539,-0.3358836142602234,-0.1327155466295491,-0.5951791973656644,0.4043588115466475,0.6852381700016797,-0.1670500361631184,1.016912114598495,0.9872280837476723,-0.3616821166278091,-0.3242123322201614,-0.2266083655811306,-0.5506201772224562,-0.4684396830725553,-0.4249430917893408,3.368858315395045,-0.3019339255063415,-0.2648609196163668,-0.2506821295079583,-0.162435292576479,-0.162435292576479,-0.0507673082566809,-0.6921614352674402,1.4575657762062992,-0.6040796973096797,1.0103361919575191,1.3152279503582291,-0.4806377619661694,-0.270376493571209,-0.3497718661632084,-0.3019063636343845,-0.8067976084037375,-0.1519279889042467,-0.3213487101498288,1.603947556412344,0.2537315259258797,0.367236462125527,0.6279054331465134,0.3913379163878396
-0.2174883684988763,-0.8686856589566289,-0.6187037522530829,-1.0512075926798046,0.0536487476887375,-0.0739457505350461,1.9540689365874937,-0.9327141707003136,-0.6591444620768042,1.016912114598495,0.9872280837476723,-0.3616821166278091,-0.3242123322201614,-0.2266083655811306,-0.5506201772224562,-0.4684396830725553,2.353256281421644,-0.2968364669508921,-0.3019339255063415,-0.2648609196163668,-0.2506821295079583,-0.162435292576479,-0.162435292576479,-0.0507673082566809,-0.6921614352674402,-0.6860753842634565,-0.6040796973096797,1.0103361919575191,-0.760324474345021,-0.4806377619661694,-0.270376493571209,0.3919749731553789,0.8210543264473853,-0.8067976084037375,1.2489606080439473,-0.4792015643684856,-1.082535110732551,0.0988991836659673,2.1328131037455216,0.6279054331465134,-0.161693561127958
-0.3080890562780338,-0.8476520326236432,1.7179891324736076,1.2774262456224008,0.8296214984830871,0.1966880042887252,-0.9239641527740776,-0.1237380003493169,2.2934220934053102,-0.5878700865325985,0.9872280837476723,-0.3616821166278091,-0.3242123322201614,-0.2266083655811306,-0.5506201772224562,2.134746555716359,-0.4249430917893408,-0.2968364669508921,-0.3019339255063415,-0.2648609196163668,-0.2506821295079583,-0.162435292576479,-0.162435292576479,-0.0507673082566809,-0.6921614352674402,-0.6860753842634565,-0.6040796973096797,-0.9897695519176712,-0.760324474345021,2.08056894220972,3.698546374323143,-1.0915187054817956,-0.1007790758585451,-0.8067976084037375,0.8987384588068987,2.635761425546341,-0.4109144439463271,-0.7266723519138586,-1.0087634088521642,0.6279054331465134,1.199226263333248
1.6340209380753783,0.4085449317902276,-0.4895189613963065,-0.2211483428472939,0.9833887672494916,0.3405784867082013,-0.7025769920539569,-0.1237380003493169,-0.5417988682050792,-0.5878700865325985,-1.0129371484286014,-0.3616821166278091,-0.3242123322201614,-0.2266083655811306,1.816133954706112,-0.4684396830725553,2.353256281421644,-0.2968364669508921,-0.3019339255063415,-0.2648609196163668,-0.2506821295079583,-0.162435292576479,-0.162435292576479,-0.0507673082566809,-0.6921614352674402,-0.6860753842634565,1.6554107089736416,1.0103361919575191,-0.760324474345021,-0.4806377619661694,-0.270376493571209,-1.0915187054817956,-0.0672578612292385,0.4841733847993635,1.2489606080439473,-0.5170862493809631,0.2607062228398966,-0.741457392364644,-0.7252550564287359,-1.592596507707975,0.0259795888891734
-0.2225597038108783,-0.8691799669367954,0.7550485229358888,0.6577091757516528,0.456892909846514,-0.1520994643364875,0.4043588115466475,-0.1237380003493169,-0.034563075340203,-0.5878700865325985,0.9872280837476723,-0.3616821166278091,-0.3242123322201614,-0.2266083655811306,-0.5506201772224562,-0.4684396830725553,-0.4249430917893408,-0.2968364669508921,-0.3019339255063415,3.775566442374484,-0.2506821295079583,-0.162435292576479,-0.162435292576479,-0.0507673082566809,-0.6921614352674402,-0.6860753842634565,-0.6040796973096797,-0.9897695519176712,1.3152279503582291,2.08056894220972,-0.270376493571209,0.0211015534960852,0.8210543264473853,-0.8067976084037375,-1.727927660470965,0.0469746163603702,-0.4109144439463271,-0.6806861260130292,0.3513114848545696,0.6279054331465134,0.4796726712472896
-0.3117560973642084,-0.8571881669705742,-0.5690451992622721,-1.008203682007237,-1.0308620978674985,-1.053527947020935,-0.259802670613715,-0.9327141707003136,-0.5834376273208526,0.2145210140329482,0.9872280837476723,-0.3616821166278091,-0.3242123322201614,-0.2266083655811306,-0.5506201772224562,-0.4684396830725553,2.353256281421644,-0.2968364669508921,-0.3019339255063415,-0.2648609196163668,-0.2506821295079583,-0.162435292576479,-0.162435292576479,-0.0507673082566809,-0.6921614352674402,-0.6860753842634565,-0.6040796973096797,1.0103361919575191,-0.760324474345021,-0.4806377619661694,-0.270376493571209,-1.0915187054817956,0.3014754996931336,-0.8067976084037375,1.2489606080439473,-0.3529192809935602,-1.082535110732551,1.5488954169142566,-0.253269821399464,0.6279054331465134,-0.0338230369830465
0.4722779076004222,1.0055528403249554,-0.3238560938701438,-0.41047724827587,-0.0940228401306786,0.0127641775944568,-1.3667384742143194,-0.1237380003493169,-0.8701344138905476,-1.3902611870981454,-1.0129371484286014,-0.3616821166278091,-0.3242123322201614,-0.2266083655811306,1.816133954706112,-0.4684396830725553,-0.4249430917893408,-0.2968364669508921,3.3119829059387924,-0.2648609196163668,-0.2506821295079583,-0.162435292576479,-0.162435292576479,-0.0507673082566809,-0.6921614352674402,1.4575657762062992,-0.6040796973096797,-0.9897695519176712,-0.760324474345021,-0.4806377619661694,-0.270376493571209,-1.0915187054817956,0.4020391435810533,1.4062955228015783,-1.027483361996868,-0.8822048682918623,0.2607062228398966,-0.9560852880068772,-1.4221629647615412,-1.592596507707975,-0.8454140711728707
-0.3117560973642084,-0.8571881669705742,-0.3569886673753764,-0.5682862419046665,0.1768632741476764,-0.2283054220307278,1.0685202937070102,-0.1237380003493169,0.0222170507267607,0.2145210140329482,0.9872280837476723,-0.3616821166278091,-0.3242123322201614,-0.2266083655811306,-0.5506201772224562,-0.4684396830725553,-0.4249430917893408,3.368858315395045,-0.3019339255063415,-0.2648609196163668,-0.2506821295079583,-0.162435292576479,-0.162435292576479,-0.0507673082566809,-0.6921614352674402,-0.6860753842634565,-0.6040796973096797,1.0103361919575191,1.3152279503582291,-0.4806377619661694,-0.270376493571209,0.3919749731553789,0.3014754996931336,-0.8067976084037375,-0.1519279889042467,0.1101157580478328,-0.4109144439463271,-0.3076305365388126,1.0080271312761706,0.6279054331465134,0.5137247645196329
0.5473586042681919,1.2708668847505975,-0.5193463390044233,-0.2574852511347476,-0.7212832770902727,-0.5904141511748332,-0.9239641527740776,0.6852381700016797,-0.6780711707657922,1.016912114598495,-1.0129371484286014,2.7648588471103626,-0.3242123322201614,-0.2266083655811306,-0.5506201772224562,-0.4684396830725553,-0.4249430917893408,-0.2968364669508921,-0.3019339255063415,-0.2648609196163668,-0.2506821295079583,-0.162435292576479,-0.162435292576479,-0.0507673082566809,1.444749662502673,-0.6860753842634565,1.6554107089736416,1.0103361919575191,-0.760324474345021,-0.4806377619661694,-0.270376493571209,-0.3497718661632084,0.1673906411759073,1.129658881400914,-0.9399278246876058,-0.7475514165402021,0.2607062228398966,1.2989303501184275,-0.9462704786318188,0.6279054331465134,-0.1986768133652834
-0.3112317443717546,-0.8572444252122307,1.3204385576778557,0.6280741756209629,-1.0308620978674985,-1.54429292331748,-1.1453513134941986,-0.9327141707003136,-0.7219811349242441,-0.5878700865325985,0.9872280837476723,-0.3616821166278091,-0.3242123322201614,-0.2266083655811306,-0.5506201772224562,-0.4684396830725553,2.353256281421644,-0.2968364669508921,-0.3019339255063415,-0.2648609196163668,-0.2506821295079583,-0.162435292576479,-0.162435292576479,-0.0507673082566809,-0.6921614352674402,-0.6860753842634565,-0.6040796973096797,1.0103361919575191,-0.760324474345021,-0.4806377619661694,-0.270376493571209,-0.3497718661632084,0.3014754996931336,-0.8067976084037375,1.2489606080439473,-0.5840158595696736,-1.082535110732551,0.2964050644536896,-1.1817131133998788,0.6279054331465134,-0.2949616830512445
1.0475165777059312,1.3964227380312275,2.3717326965628605,3.02843937466353,3.370331052216793,2.648530348305192,1.0685202937070102,1.4942143403526764,0.8701335999934192,0.2145210140329482,-1.0129371484286014,-0.3616821166278091,3.0843984038242387,-0.2266083655811306,-0.5506201772224562,2.134746555716359,-0.4249430917893408,-0.2968364669508921,-0.3019339255063415,-0.2648609196163668,-0.2506821295079583,-0.162435292576479,-0.162435292576479,-0.0507673082566809,-0.6921614352674402,1.4575657762062992,-0.6040796973096797,1.0103361919575191,-0.760324474345021,2.08056894220972,-0.270376493571209,-0.1025476446183232,-1.9612064877850592,0.1153245295984775,0.8987384588068987,0.2380818052010906,1.603947556412344,-0.7415025205326542,0.924139814711321,0.6279054331465134,0.8698147135837835
-0.2831115612452174,-0.8621668666801522,0.5595582778016093,-0.0308420758125233,0.0852050472252802,-0.4999130549080998,-0.9239641527740776,-0.9327141707003136,-0.2049034535410942,-0.5878700865325985,0.9872280837476723,-0.3616821166278091,-0.3242123322201614,-0.2266083655811306,-0.5506201772224562,-0.4684396830725553,-0.4249430917893408,-0.2968364669508921,-0.3019339255063415,-0.2648609196163668,-0.2506821295079583,-0.162435292576479,-0.162435292576479,-0.0507673082566809,1.444749662502673,-0.6860753842634565,-0.6040796973096797,-0.9897695519176712,-0.760324474345021,2.08056894220972,-0.270376493571209,1.1337218124739663,0.6366876459861992,-0.8067976084037375,0.373405234951326,0.2784921358810667,-1.082535110732551,-0.6118827777746282,-0.9735380672211034,0.6279054331465134,0.3633791220702355
-0.2186260170156556,-0.8684031789449683,0.6291286207091901,2.291124760104568,2.6972043330097377,2.293099640100061,2.6182304187478564,1.4942143403526764,1.9727279413790992,1.016912114598495,0.9872280837476723,-0.3616821166278091,-0.3242123322201614,-0.2266083655811306,-0.5506201772224562,-0.4684396830725553,-0.4249430917893408,-0.2968364669508921,3.3119829059387924,-0.2648609196163668,-0.2506821295079583,-0.162435292576479,-0.162435292576479,-0.0507673082566809,-0.6921614352674402,1.4575657762062992,-0.6040796973096797,1.0103361919575191,1.3152279503582291,-0.4806377619661694,-0.270376493571209,-0.3497718661632084,-1.0226124781644754,-0.8067976084037375,-1.027483361996868,0.973751875230056,1.603947556412344,-0.5813635571866789,2.319320604540404,0.6279054331465134,1.1397971822503443
-1.4364953448816011,-0.6408270569582434,-0.6584870248195848,-0.710771601779196,-0.0940228401306786,0.0127641775944568,-0.7025769920539569,-0.1237380003493169,-0.8976209915580519,-1.3902611870981454,0.9872280837476723,-0.3616821166278091,-0.3242123322201614,-0.2266083655811306,-0.5506201772224562,-0.4684396830725553,-0.4249430917893408,-0.2968364669508921,-0.3019339255063415,-0.2648609196163668,-0.2506821295079583,6.156297588648554,-0.162435292576479,-0.0507673082566809,-0.6921614352674402,-0.6860753842634565,1.6554107089736416,1.0103361919575191,-0.760324474345021,-0.4806377619661694,-0.270376493571209,-1.0915187054817956,-1.4248670537161543,-0.8067976084037375,-1.2025944366153922,-0.9127707372890628,0.2607062228398966,-0.9560852880068772,-0.6360159924746998,0.6279054331465134,-1.0492275813404008
-1.4772348960643422,-0.6406425670480949,-0.8925916317762641,0.5621022672028197,0.8285807724677478,0.1957141262351248,2.3968432580277352,1.4942143403526764,1.6650553649309117,-0.5878700865325985,0.9872280837476723,-0.3616821166278091,-0.3242123322201614,-0.2266083655811306,-0.5506201772224562,2.134746555716359,-0.4249430917893408,-0.2968364669508921,-0.3019339255063415,-0.2648609196163668,-0.2506821295079583,-0.162435292576479,-0.162435292576479,-0.0507673082566809,-0.6921614352674402,1.4575657762062992,-0.6040796973096797,1.0103361919575191,1.3152279503582291,-0.4806377619661694,-0.270376493571209,-0.1643351563335615,0.804293719132732,-0.8067976084037375,0.8987384588068987,0.7684673953757772,1.603947556412344,-0.7265653406987288,2.1327735284218523,0.6279054331465134,1.0763315047648156
1.400300462289632,0.0153853414851138,-1.0807608663043338,-1.0411110619054724,-0.9599713019394146,-1.3282671504187296,-0.9370926674859692,-0.5522126968519496,-0.956317772793446,-0.2104658964493062,-1.0129371484286014,-0.3616821166278091,-0.3242123322201614,-0.2266083655811306,1.816133954706112,-0.4684396830725553,-0.4249430917893408,-0.2968364669508921,-0.3019339255063415,3.775566442374484,-0.2506821295079583,-0.162435292576479,-0.162435292576479,-0.0507673082566809,-0.6921614352674402,0.3221849957757521,1.6554107089736416,-0.9897695519176712,-0.760324474345021,-0.4806377619661694,-0.270376493571209,-0.698652063042966,0.4908117971590935,1.6993370370262288,-1.727927660470965,-0.9773744000896444,0.5367747326148335,0.6294156626000345,-0.8169106260514829,-1.592596507707975,-2.580839239396973
-0.3102680053980122,-0.8554279866823297,0.2260559503292323,0.4578387272848336,0.5169948372323674,2.1958857415352955,-0.9239641527740776,0.6852381700016797,0.355327123652948,0.2145210140329482,0.9872280837476723,-0.3616821166278091,-0.3242123322201614,-0.2266083655811306,-0.5506201772224562,-0.4684396830725553,2.353256281421644,-0.2968364669508921,-0.3019339255063415,-0.2648609196163668,-0.2506821295079583,-0.162435292576479,-0.162435292576479,-0.0507673082566809,-0.6921614352674402,1.4575657762062992,-0.6040796973096797,-0.9897695519176712,-0.760324474345021,2.08056894220972,-0.270376493571209,1.8754686517925536,-0.0002154319706254,-0.8067976084037375,1.2489606080439473,0.1143251674936637,0.9323268896261204,-0.4225327406803248,-0.9875991187579196,0.6279054331465134,0.680778346735191
-1.153437491106265,-0.7130752785673119,0.686566476238334,1.958333133195268,2.965042606814599,2.1949466448407526,0.8471331329868893,-0.1237380003493169,0.8928456504202048,-0.5878700865325985,0.9872280837476723,-0.3616821166278091,-0.3242123322201614,-0.2266083655811306,-0.5506201772224562,-0.4684396830725553,-0.4249430917893408,-0.2968364669508921,-0.3019339255063415,-0.2648609196163668,-0.2506821295079583,-0.162435292576479,-0.162435292576479,-0.0507673082566809,1.444749662502673,1.4575657762062992,-0.6040796973096797,1.0103361919575191,-0.760324474345021,-0.4806377619661694,-0.270376493571209,-0.3497718661632084,1.1897876873697577,-0.8067976084037375,-0.6772612127598194,1.0782799305889277,0.9323268896261204,-0.838837856985183,0.709380732497112,0.6279054331465134,0.8768748642152763
-0.2157067375953286,-0.8686012539167705,0.1543090150015999,-0.3817847039797251,0.0536487476887375,0.3624907429142128,0.1829716508265267,-0.9327141707003136,-0.0406196221206791,0.2145210140329482,0.9872280837476723,-0.3616821166278091,-0.3242123322201614,-0.2266083655811306,-0.5506201772224562,-0.4684396830725553,-0.4249430917893408,-0.2968364669508921,3.3119829059387924,-0.2648609196163668,-0.2506821295079583,-0.162435292576479,-0.162435292576479,-0.0507673082566809,-0.6921614352674402,-0.6860753842634565,-0.6040796973096797,-0.9897695519176712,-0.760324474345021,2.08056894220972,-0.270376493571209,0.3919749731553789,0.8210543264473853,-0.8067976084037375,-1.027483361996868,0.5525246908046548,-1.082535110732551,-0.2527623068916476,0.130214396522049,0.6279054331465134,0.4759180853613053
0.9746501681199734,1.3981880801125794,-1.1278248422100074,-0.8197823266415561,-1.0308620978674985,-1.0059122664716813,-0.4811898313338359,3.921142851405666,-0.9273524282897396,0.2145210140329482,-1.0129371484286014,-0.3616821166278091,3.0843984038242387,-0.2266083655811306,-0.5506201772224562,-0.4684396830725553,-0.4249430917893408,3.368858315395045,-0.3019339255063415,-0.2648609196163668,-0.2506821295079583,-0.162435292576479,-0.162435292576479,-0.0507673082566809,-0.6921614352674402,1.4575657762062992,1.6554107089736416,-0.9897695519176712,-0.760324474345021,-0.4806377619661694,-0.270376493571209,-1.0915187054817956,-1.475148875660114,0.1153245295984775,-0.1519279889042467,-0.969894044091624,1.603947556412344,1.5488954169142566,-0.3276610967008814,0.6279054331465134,-1.404476208164208
1.791878731627213,-0.8808045194653373,-0.675053311572201,-0.7643170554900062,-6.297641942424119,-0.7762509526172457,-0.0384155098935941,-0.1237380003493169,-0.8124508024576063,0.2145210140329482,-1.0129371484286014,-0.3616821166278091,-0.3242123322201614,-0.2266083655811306,1.816133954706112,-0.4684396830725553,-0.4249430917893408,-0.2968364669508921,3.3119829059387924,-0.2648609196163668,-0.2506821295079583,-0.162435292576479,-0.162435292576479,-0.0507673082566809,-0.6921614352674402,1.4575657762062992,1.6554107089736416,-0.9897695519176712,-0.760324474345021,-0.4806377619661694,-0.270376493571209,0.3919749731553789,0.4858421801543197,1.314083309001357,-1.027483361996868,-0.8180590247578686,1.603947556412344,1.5488954169142566,0.0645880494300694,-1.592596507707975,-0.5661037969325134
0.3608274325844009,1.2155093052818426,-0.4387318049284319,-0.7977916905021752,-0.7365596482440055,-1.0582929932117662,-0.7025769920539569,-0.1237380003493169,-0.9468304341494204,0.2145210140329482,-1.0129371484286014,-0.3616821166278091,-0.3242123322201614,-0.2266083655811306,1.816133954706112,-0.4684396830725553,-0.4249430917893408,-0.2968364669508921,-0.3019339255063415,-0.2648609196163668,3.989115626083163,-0.162435292576479,-0.162435292576479,-0.0507673082566809,-0.6921614352674402,-0.6860753842634565,1.6554107089736416,1.0103361919575191,-0.760324474345021,-0.4806377619661694,-0.270376493571209,-0.3497718661632084,-1.8438822365824863,1.4062955228015783,-0.7648167500690816,-0.9674930600848638,0.2607062228398966,0.5817419111298832,-0.5498823196108997,-1.592596507707975,-1.8783702574139316
0.8458835721311465,0.6681692483444611,-0.3569886673753764,-0.5797702407774544,-0.2874863726250308,-0.8381965530980499,-0.259802670613715,0.6852381700016797,-0.8465188780977846,0.2145210140329482,-1.0129371484286014,-0.3616821166278091,-0.3242123322201614,-0.2266083655811306,1.816133954706112,-0.4684396830725553,-0.4249430917893408,-0.2968364669508921,-0.3019339255063415,-0.2648609196163668,-0.2506821295079583,6.156297588648554,-0.162435292576479,-0.0507673082566809,-0.6921614352674402,-0.6860753842634565,1.6554107089736416,-0.9897695519176712,-0.760324474345021,-0.4806377619661694,-0.270376493571209,0.1447507516104938,-1.290782195198928,-0.161312111802187,-1.2025944366153922,-0.8880404567948065,-0.4109144439463271,-0.0375923628691282,-0.1621791882197921,-1.592596507707975,-0.7142773808087199
-0.437667697842683,-0.8411475369231095,-0.4033823317361095,-0.2383568882706509,-0.0940228401306786,0.0127641775944568,-0.4811898313338359,-0.1237380003493169,-0.4320239578089492,-1.3902611870981454,0.9872280837476723,-0.3616821166278091,-0.3242123322201614,-0.2266083655811306,-0.5506201772224562,2.134746555716359,-0.4249430917893408,-0.2968364669508921,-0.3019339255063415,-0.2648609196163668,-0.2506821295079583,-0.162435292576479,-0.162435292576479,-0.0507673082566809,-0.6921614352674402,-0.6860753842634565,-0.6040796973096797,1.0103361919575191,-0.760324474345021,-0.4806377619661694,-0.270376493571209,-0.3497718661632084,-0.9052882269619026,-0.8067976084037375,0.8987384588068987,-0.3950133754518686,-1.082535110732551,-0.9560852880068772,-0.5058201294919927,0.6279054331465134,0.1589895419031008
-0.9232441403002792,-0.7401339220387747,0.7718458528590683,0.1529972703793855,-1.8263191708276,-1.9411472988344984,-1.0417956775432802,-0.9327141707003136,-0.8879687959080717,-0.997689176758696,0.9872280837476723,-0.3616821166278091,-0.3242123322201614,-0.2266083655811306,-0.5506201772224562,-0.4684396830725553,-0.4249430917893408,-0.2968364669508921,-0.3019339255063415,-0.2648609196163668,-0.2506821295079583,-0.162435292576479,-0.162435292576479,-0.0507673082566809,1.444749662502673,1.4575657762062992,-0.6040796973096797,-0.9897695519176712,-0.760324474345021,-0.4806377619661694,-0.270376493571209,-0.7126735081043921,0.8288942361501289,-0.8067976084037375,0.1945302169255858,-0.8608904760910426,0.2607062228398966,-0.3433010045699695,-1.0405445909775513,0.6279054331465134,-0.9693002563709052
0.8504001534100034,0.6673200980235777,-0.8925916317762641,-1.0474028635699753,-1.0308620978674985,-1.304162420386839,-0.0384155098935941,-0.1237380003493169,-0.9127623585092424,0.2145210140329482,-1.0129371484286014,-0.3616821166278091,-0.3242123322201614,-0.2266083655811306,1.816133954706112,-0.4684396830725553,-0.4249430917893408,-0.2968364669508921,-0.3019339255063415,-0.2648609196163668,-0.2506821295079583,6.156297588648554,-0.162435292576479,-0.0507673082566809,-0.6921614352674402,1.4575657762062992,1.6554107089736416,-0.9897695519176712,-0.760324474345021,-0.4806377619661694,-0.270376493571209,-1.0915187054817956,-1.290782195198928,-0.161312111802187,-1.2025944366153922,-0.929608375072386,1.603947556412344,1.5488954169142566,0.1794529967390442,-1.592596507707975,-1.202953816185357
-0.2171272716933185,-0.8690922871634672,-0.6584870248195848,0.5448937217794629,0.116798515548085,-0.0939450319929138,1.0685202937070102,1.4942143403526764,0.8057827904508603,0.2145210140329482,0.9872280837476723,-0.3616821166278091,-0.3242123322201614,-0.2266083655811306,-0.5506201772224562,-0.4684396830725553,-0.4249430917893408,-0.2968364669508921,-0.3019339255063415,-0.2648609196163668,3.989115626083163,-0.162435292576479,-0.162435292576479,-0.0507673082566809,-0.6921614352674402,-0.6860753842634565,1.6554107089736416,1.0103361919575191,1.3152279503582291,-0.4806377619661694,-0.270376493571209,0.3919749731553789,0.8210543264473853,-0.8067976084037375,-0.7648167500690816,0.195145828853616,0.9323268896261204,-0.2819950232092533,0.9288093612347782,0.6279054331465134,0.8493252376832985
0.1236312376401422,0.8060567402611386,-0.1537997342368397,-0.6486044224708821,-0.3811888827918439,-0.936349548357359,-0.4811898313338359,-0.9327141707003136,-0.9097340851190042,-0.5878700865325985,-1.0129371484286014,-0.3616821166278091,-0.3242123322201614,-0.2266083655811306,1.816133954706112,-0.4684396830725553,2.353256281421644,-0.2968364669508921,-0.3019339255063415,-0.2648609196163668,-0.2506821295079583,-0.162435292576479,-0.162435292576479,-0.0507673082566809,-0.6921614352674402,-0.6860753842634565,1.6554107089736416,-0.9897695519176712,-0.760324474345021,-0.4806377619661694,-0.270376493571209,0.3919749731553789,-1.2740215878842749,1.2218710952011356,1.2489606080439473,-0.8971959223394886,-0.4109144439463271,-0.4547062757769477,-0.35883347247228,-1.592596507707975,-1.1687322574413703
-0.2780267143595734,-0.8499345881420747,0.3585862443501623,0.4291461829886887,0.8285807724677478,1.3611331241634264,0.8471331329868893,-0.1237380003493169,-0.0913432014071667,2.6216943157295884,0.9872280837476723,-0.3616821166278091,-0.3242123322201614,-0.2266083655811306,-0.5506201772224562,-0.4684396830725553,-0.4249430917893408,3.368858315395045,-0.3019339255063415,-0.2648609196163668,-0.2506821295079583,-0.162435292576479,-0.162435292576479,-0.0507673082566809,-0.6921614352674402,-0.6860753842634565,-0.6040796973096797,1.0103361919575191,1.3152279503582291,-0.4806377619661694,-0.270376493571209,0.0211015534960852,-0.8885276196472492,-0.8067976084037375,-0.1519279889042467,-0.0161665253270924,-0.4109144439463271,0.1915144485338657,0.8027956872998526,0.6279054331465134,0.4434685311450744
0.5490657396301446,1.270675394600483,-0.4895189613963065,-0.3425855224169872,-0.0940228401306786,0.0127641775944568,-1.1453513134941986,-0.1237380003493169,-0.0534897840291909,-1.3902611870981454,-1.0129371484286014,2.7648588471103626,-0.3242123322201614,-0.2266083655811306,-0.5506201772224562,-0.4684396830725553,-0.4249430917893408,-0.2968364669508921,-0.3019339255063415,-0.2648609196163668,3.989115626083163,-0.162435292576479,-0.162435292576479,-0.0507673082566809,-0.6921614352674402,-0.6860753842634565,-0.6040796973096797,1.0103361919575191,1.3152279503582291,-0.4806377619661694,-0.270376493571209,-1.0915187054817956,0.1673906411759073,1.129658881400914,-0.7648167500690816,0.0259275691312159,-0.4109144439463271,-0.9560852880068772,-1.2002144468978089,0.6279054331465134,0.4678569614949878
-1.094344853175726,0.8035413503493525,1.3387238188184778,1.0890814344404791,0.0237498749572599,0.0717785847291848,-0.7399317361016261,-0.1237380003493169,-0.3477341400287532,-1.1401349384599746,-1.0129371484286014,-0.3616821166278091,-0.3242123322201614,-0.2266083655811306,1.816133954706112,-0.4684396830725553,-0.4249430917893408,-0.2968364669508921,-0.3019339255063415,-0.2648609196163668,-0.2506821295079583,-0.162435292576479,-0.162435292576479,-0.0507673082566809,1.444749662502673,1.4575657762062992,-0.6040796973096797,0.8025078040958935,-0.5446565199534648,-0.4806377619661694,-0.270376493571209,-0.9373708057628918,-1.7687708083902405,-0.3169915856011562,0.6872362559231525,-0.301280661280134,0.9323268896261204,-0.8907148369402869,-0.7613726778134733,-1.592596507707975,0.2073628516107764
0.6223525150591128,1.2842642126961137,-0.0985787783947855,0.0800884664905767,-0.0940228401306786,0.0127641775944568,-0.9239641527740776,-0.1237380003493169,0.7792853982862773,-1.3902611870981454,-1.0129371484286014,2.7648588471103626,-0.3242123322201614,-0.2266083655811306,-0.5506201772224562,-0.4684396830725553,-0.4249430917893408,-0.2968364669508921,-0.3019339255063415,-0.2648609196163668,-0.2506821295079583,6.156297588648554,-0.162435292576479,-0.0507673082566809,-0.6921614352674402,1.4575657762062992,-0.6040796973096797,-0.9897695519176712,-0.760324474345021,-0.4806377619661694,-0.270376493571209,0.3919749731553789,0.686969467930159,1.129658881400914,-1.2025944366153922,0.9519976472140024,0.2607062228398966,-0.9560852880068772,-0.9943538236860894,0.6279054331465134,0.8406707225876595
-0.3119972789537001,-0.8553707959592137,-0.5690451992622721,-1.008203682007237,0.9446960607506212,0.3043710919296966,-0.4811898313338359,-0.9327141707003136,-0.8711235993934688,-0.5878700865325985,0.9872280837476723,-0.3616821166278091,-0.3242123322201614,-0.2266083655811306,-0.5506201772224562,2.134746555716359,-0.4249430917893408,-0.2968364669508921,-0.3019339255063415,-0.2648609196163668,-0.2506821295079583,-0.162435292576479,-0.162435292576479,-0.0507673082566809,-0.6921614352674402,-0.6860753842634565,-0.6040796973096797,1.0103361919575191,-0.760324474345021,-0.4806377619661694,-0.270376493571209,-1.0915187054817956,0.3014754996931336,-0.8067976084037375,0.8987384588068987,-0.8327919578182766,-1.082535110732551,-0.7379194018440891,-0.3980678199575088,0.6279054331465134,-0.8516198105932681
-0.2195180407139187,-0.8695370056911885,0.1443531200432149,-0.3904064295772286,-0.1092620424981493,0.0794748242660919,0.1829716508265267,-0.9327141707003136,-0.924118383722635,0.2145210140329482,0.9872280837476723,-0.3616821166278091,-0.3242123322201614,-0.2266083655811306,-0.5506201772224562,-0.4684396830725553,2.353256281421644,-0.2968364669508921,-0.3019339255063415,-0.2648609196163668,-0.2506821295079583,-0.162435292576479,-0.162435292576479,-0.0507673082566809,-0.6921614352674402,-0.6860753842634565,1.6554107089736416,-0.9897695519176712,-0.760324474345021,-0.4806377619661694,-0.270376493571209,1.8754686517925536,0.8210543264473853,-0.8067976084037375,1.2489606080439473,-0.9211895561807244,-0.4109144439463271,-0.1641672608727352,0.4811027499375811,0.6279054331465134,-1.3532992073784889
-0.2195180407139187,-0.8695370056911885,-0.7733224286108347,-1.1851061327284804,-0.4412536413914352,-0.9649050441432884,-0.7025769920539569,-0.9327141707003136,-0.9316890671982302,0.2145210140329482,0.9872280837476723,-0.3616821166278091,-0.3242123322201614,-0.2266083655811306,-0.5506201772224562,-0.4684396830725553,2.353256281421644,-0.2968364669508921,-0.3019339255063415,-0.2648609196163668,-0.2506821295079583,-0.162435292576479,-0.162435292576479,-0.0507673082566809,-0.6921614352674402,-0.6860753842634565,1.6554107089736416,-0.9897695519176712,-0.760324474345021,-0.4806377619661694,-0.270376493571209,-1.0915187054817956,0.8210543264473853,-0.8067976084037375,1.2489606080439473,-0.933817784518217,-0.4109144439463271,0.1093281502691335,-0.5933823568766508,0.6279054331465134,-1.4811694736552885
0.3013138876167845,0.1015409670779626,0.8157915743621486,0.1910539145653267,-0.0940228401306786,0.0127641775944568,-1.1453513134941986,-0.9327141707003136,2.823369936696972,-1.3902611870981454,0.9872280837476723,-0.3616821166278091,-0.3242123322201614,-0.2266083655811306,-0.5506201772224562,-0.4684396830725553,-0.4249430917893408,-0.2968364669508921,-0.3019339255063415,-0.2648609196163668,-0.2506821295079583,-0.162435292576479,6.156297588648554,-0.0507673082566809,-0.6921614352674402,-0.6860753842634565,-0.6040796973096797,-0.9897695519176712,-0.760324474345021,-0.4806377619661694,3.698546374323143,2.617215491111141,-0.0002154319706254,-0.8067976084037375,-1.4652610485431783,5.329783470878081,-1.082535110732551,-0.9560852880068772,-1.2171278511368793,0.6279054331465134,1.2856540617387753
-1.4716381684080666,0.2613277197994427,-0.8495434705796847,0.3641167304050907,-0.0940228401306786,0.0127641775944568,-1.3667384742143194,1.4942143403526764,0.5180968183782441,-1.3902611870981454,-1.0129371484286014,-0.3616821166278091,-0.3242123322201614,4.412899750790439,-0.5506201772224562,-0.4684396830725553,-0.4249430917893408,-0.2968364669508921,-0.3019339255063415,-0.2648609196163668,-0.2506821295079583,-0.162435292576479,-0.162435292576479,19.69771560359221,-0.6921614352674402,1.4575657762062992,-0.6040796973096797,1.0103361919575191,-0.760324474345021,-0.4806377619661694,-0.270376493571209,-1.0915187054817956,-2.078530738987632,1.6829321642022432,-1.2901499739246545,0.0031967581237294,0.9323268896261204,-0.9560852880068772,-1.4221629647615412,-1.592596507707975,0.7475406085809646
-1.1933784823030242,-0.6950713596276523,0.7903576888611731,0.6443402652097752,1.3418445419614096,0.6760099134554644,-1.3667384742143194,-0.1237380003493169,-0.3563171230529975,-0.5878700865325985,0.9872280837476723,-0.3616821166278091,-0.3242123322201614,-0.2266083655811306,-0.5506201772224562,-0.4684396830725553,-0.4249430917893408,-0.2968364669508921,-0.3019339255063415,-0.2648609196163668,3.989115626083163,-0.162435292576479,-0.162435292576479,-0.0507673082566809,-0.6921614352674402,-0.6860753842634565,-0.6040796973096797,1.0103361919575191,-0.760324474345021,-0.4806377619661694,-0.270376493571209,-0.7206452858225021,0.9551391849646116,-0.8067976084037375,-0.7648167500690816,-0.3108251865352517,-1.082535110732551,-0.7694907558400991,-1.4221629647615412,0.6279054331465134,0.2355085835992872
-1.4568570265206853,0.2609997161312772,1.0211570999207369,0.5372144520165044,1.145296000207301,1.1534188478740592,0.8471331329868893,-0.1237380003493169,1.3092332415779389,1.016912114598495,-1.0129371484286014,-0.3616821166278091,-0.3242123322201614,4.412899750790439,-0.5506201772224562,-0.4684396830725553,-0.4249430917893408,-0.2968364669508921,-0.3019339255063415,-0.2648609196163668,-0.2506821295079583,-0.162435292576479,-0.162435292576479,-0.0507673082566809,1.444749662502673,1.4575657762062992,-0.6040796973096797,-0.9897695519176712,-0.760324474345021,-0.4806377619661694,-0.270376493571209,-1.0915187054817956,-1.1566973366817015,1.6829321642022432,0.0231830857142775,1.5413149696303206,0.2607062228398966,-0.353118292161649,0.6856832947713045,-1.592596507707975,0.9929297019973355
0.2301797352002206,0.8692175686614323,-0.8835279439852585,-1.2805432297309438,-1.0225041441036535,-1.5364718180278605,-0.9406360188074924,-0.9327141707003136,-0.9443620714127424,-0.5878700865325985,-1.0129371484286014,-0.3616821166278091,-0.3242123322201614,-0.2266083655811306,1.816133954706112,-0.4684396830725553,-0.4249430917893408,-0.2968364669508921,-0.3019339255063415,-0.2648609196163668,-0.2506821295079583,6.156297588648554,-0.162435292576479,-0.0507673082566809,-0.6921614352674402,-0.6860753842634565,1.6554107089736416,-0.9897695519176712,-0.760324474345021,-0.4806377619661694,-0.270376493571209,-1.0915187054817956,-1.1501810274712438,1.1038202362802252,-1.2025944366153922,-0.9549569051086844,-0.4109144439463271,0.2819802572815474,-0.8667244114681545,-1.592596507707975,-1.8617061967394768
2.334113252443272,-0.8658308117241531,-0.522651534901539,-0.4200414297079183,-0.0716100620146182,0.3272224448302513,2.6182304187478564,0.6852381700016797,0.7338612974327063,1.016912114598495,-1.0129371484286014,-0.3616821166278091,-0.3242123322201614,-0.2266083655811306,1.816133954706112,-0.4684396830725553,-0.4249430917893408,3.368858315395045,-0.3019339255063415,-0.2648609196163668,-0.2506821295079583,-0.162435292576479,-0.162435292576479,-0.0507673082566809,-0.6921614352674402,1.4575657762062992,-0.6040796973096797,1.0103361919575191,1.3152279503582291,-0.4806377619661694,-0.270376493571209,0.6391991947002641,0.988660399593918,1.959568805602908,-0.1519279889042467,0.4300308759309772,1.603947556412344,0.1981869872165003,2.4337972925997624,-1.592596507707975,0.82552336554012
1.008355568081396,1.3942108920074152,1.8639119753798667,1.8543796719215675,1.3504210221641255,0.6840355087835875,-1.1006964558620929,0.5220637763408884,2.333425396880347,-0.5878700865325985,-1.0129371484286014,-0.3616821166278091,3.0843984038242387,-0.2266083655811306,-0.5506201772224562,-0.4684396830725553,-0.4249430917893408,-0.2968364669508921,-0.3019339255063415,-0.2648609196163668,-0.2506821295079583,-0.162435292576479,-0.162435292576479,-0.0507673082566809,1.444749662502673,1.4575657762062992,-0.6040796973096797,-0.9897695519176712,0.8965790199883843,0.0359699779287239,-0.270376493571209,0.1198101122339252,-1.5086700902894206,0.1153245295984775,0.5830907249288148,1.806554926102284,0.9323268896261204,-0.7681669304100969,-1.1683366897861025,0.6279054331465134,1.1175685260106616
-1.2232016433842414,-0.6918022829176663,-0.8925916317762641,-0.4688396984743543,-1.0308620978674985,0.250981705776954,0.1829716508265267,0.6852381700016797,0.740447792056474,0.2145210140329482,0.9872280837476723,-0.3616821166278091,-0.3242123322201614,-0.2266083655811306,-0.5506201772224562,-0.4684396830725553,-0.4249430917893408,-0.2968364669508921,-0.3019339255063415,-0.2648609196163668,-0.2506821295079583,-0.162435292576479,-0.162435292576479,-0.0507673082566809,1.444749662502673,1.4575657762062992,-0.6040796973096797,-0.9897695519176712,1.3152279503582291,2.08056894220972,-0.270376493571209,-0.1025476446183232,-1.0393730854791288,-0.8067976084037375,0.7236273841883746,0.4355241552577865,1.603947556412344,1.5488954169142566,0.0770529117551635,0.6279054331465134,0.8277447073675083
-0.312130004180928,-0.8530078216486818,-0.3470730796840295,-0.5328917894517579,0.6483493278827116,0.0270593161669501,-0.7025769920539569,-0.1237380003493169,-0.1670500361631184,-0.5878700865325985,0.9872280837476723,-0.3616821166278091,-0.3242123322201614,-0.2266083655811306,-0.5506201772224562,-0.4684396830725553,-0.4249430917893408,-0.2968364669508921,-0.3019339255063415,-0.2648609196163668,-0.2506821295079583,-0.162435292576479,-0.162435292576479,-0.0507673082566809,1.444749662502673,-0.6860753842634565,-0.6040796973096797,1.0103361919575191,1.3152279503582291,-0.4806377619661694,-0.270376493571209,-0.3497718661632084,-0.0504972539145852,-0.8067976084037375,0.1982941603328017,-0.1003547142437094,-0.4109144439463271,-0.7063953050958216,-0.7511381796788907,0.6279054331465134,0.3913379163878396
0.5473586042681919,1.2708668847505975,-0.2962456159491168,-0.5022794277148735,-0.1937838624582178,-0.7609819359911519,-0.0384155098935941,-0.1237380003493169,-0.6591444620768042,-0.5878700865325985,0.9872280837476723,-0.3616821166278091,-0.3242123322201614,-0.2266083655811306,-0.5506201772224562,-0.4684396830725553,2.353256281421644,-0.2968364669508921,-0.3019339255063415,-0.2648609196163668,-0.2506821295079583,-0.162435292576479,-0.162435292576479,-0.0507673082566809,-0.6921614352674402,1.4575657762062992,-0.6040796973096797,-0.9897695519176712,-0.760324474345021,-0.4806377619661694,-0.270376493571209,-1.0915187054817956,0.8210543264473853,-0.8067976084037375,1.2489606080439473,-0.6475779422017195,0.2607062228398966,-0.5324392169430651,-0.0001725373587163,0.6279054331465134,-0.161693561127958
-0.0837377833388656,1.1562160727138868,-0.7110167637503815,-0.3116941400396475,-0.0940228401306786,0.0127641775944568,0.2147591778855932,-0.1237380003493169,-0.6035152591478201,-1.3902611870981454,-1.0129371484286014,-0.3616821166278091,-0.3242123322201614,-0.2266083655811306,1.816133954706112,1.4443754016730534,-0.4249430917893408,-0.2968364669508921,-0.3019339255063415,-0.2648609196163668,-0.2506821295079583,-0.162435292576479,-0.162435292576479,-0.0507673082566809,-0.125447552613451,-0.6860753842634565,-0.6040796973096797,1.0103361919575191,0.7647865330793809,-0.4806377619661694,-0.270376493571209,-0.0772549555077775,-1.0462245836466573,0.3262292483939154,0.5968792934320932,-0.5857166603166257,-0.5890298349620129,-0.9560852880068772,0.249561956810387,-1.592596507707975,-0.0677346027429803
-0.2195180407139187,-0.8695370056911885,0.8080525790908532,0.6701705362306357,0.8285807724677478,0.1957141262351248,0.6257459722667684,-0.1237380003493169,0.5521648940184223,-0.5878700865325985,0.9872280837476723,-0.3616821166278091,-0.3242123322201614,-0.2266083655811306,-0.5506201772224562,2.134746555716359,-0.4249430917893408,-0.2968364669508921,-0.3019339255063415,-0.2648609196163668,-0.2506821295079583,-0.162435292576479,-0.162435292576479,-0.0507673082566809,-0.6921614352674402,-0.6860753842634565,-0.6040796973096797,-0.9897695519176712,-0.760324474345021,2.08056894220972,3.698546374323143,1.50459523213326,0.8210543264473853,-0.8067976084037375,0.8987384588068987,0.6994330804641514,-0.4109144439463271,-0.7265653406987288,0.5180844405154935,0.6279054331465134,0.7605813097755951
-1.283186534401567,-0.666545337567433,1.1658198813201035,0.494175635572287,-0.0940228401306786,0.0127641775944568,-0.7025769920539569,-0.9327141707003136,0.9306990677981806,-1.3902611870981454,0.9872280837476723,-0.3616821166278091,-0.3242123322201614,-0.2266083655811306,-0.5506201772224562,-0.4684396830725553,-0.4249430917893408,-0.2968364669508921,-0.3019339255063415,-0.2648609196163668,-0.2506821295079583,-0.162435292576479,-0.162435292576479,-0.0507673082566809,1.444749662502673,1.4575657762062992,-0.6040796973096797,-0.9897695519176712,-0.760324474345021,-0.4806377619661694,-0.270376493571209,1.1337218124739663,-0.6706397245567567,-0.8067976084037375,0.7236273841883746,2.1727263865049475,0.2607062228398966,-0.9560852880068772,-0.7834162029666707,0.6279054331465134,0.8884518568421662
-0.2164374019237626,-0.8683264149498721,-0.6430090342769944,-0.731819782084032,-0.6591742352462646,-0.0377383557565413,0.4043588115466475,-0.1237380003493169,0.1433479863362833,1.016912114598495,0.9872280837476723,-0.3616821166278091,-0.3242123322201614,-0.2266083655811306,-0.5506201772224562,2.134746555716359,-0.4249430917893408,-0.2968364669508921,-0.3019339255063415,-0.2648609196163668,-0.2506821295079583,-0.162435292576479,-0.162435292576479,-0.0507673082566809,-0.6921614352674402,-0.6860753842634565,-0.6040796973096797,1.0103361919575191,1.3152279503582291,-0.4806377619661694,-0.270376493571209,-0.3497718661632084,0.8210543264473853,-0.8067976084037375,0.8987384588068987,0.24481686031442,-0.4109144439463271,1.110523793553058,0.3335229927191484,0.6279054331465134,0.5802389502851794
0.0703764094858277,1.136075496442695,0.4723333519313864,-0.1063781656627148,-1.0420499025323977,-0.0043830324207238,-0.4811898313338359,-0.9327141707003136,-0.8484115489666834,0.2145210140329482,-1.0129371484286014,-0.3616821166278091,-0.3242123322201614,-0.2266083655811306,1.816133954706112,-0.4684396830725553,-0.4249430917893408,-0.2968364669508921,3.3119829059387924,-0.2648609196163668,-0.2506821295079583,-0.162435292576479,-0.162435292576479,-0.0507673082566809,-0.6921614352674402,1.4575657762062992,-0.6040796973096797,-0.9897695519176712,-0.760324474345021,-0.4806377619661694,-0.270376493571209,-0.3497718661632084,1.3741543678309436,-0.530160967003073,-1.027483361996868,-0.7949072728057991,0.2607062228398966,1.5488954169142566,-0.4130813152693232,-1.592596507707975,-0.7237493533031532
0.5467815041709473,1.2702805262664674,-0.8925916317762641,-1.2883923110402715,-0.9086511286376368,-1.429931814737534,-0.9239641527740776,-0.9327141707003136,-0.8484115489666834,-0.5878700865325985,-1.0129371484286014,2.7648588471103626,-0.3242123322201614,-0.2266083655811306,-0.5506201772224562,-0.4684396830725553,-0.4249430917893408,-0.2968364669508921,-0.3019339255063415,-0.2648609196163668,-0.2506821295079583,-0.162435292576479,-0.162435292576479,-0.0507673082566809,1.444749662502673,-0.6860753842634565,-0.6040796973096797,-0.9897695519176712,-0.760324474345021,-0.4806377619661694,-0.270376493571209,2.617215491111141,0.1673906411759073,1.129658881400914,-0.9399278246876058,-0.7949072728057991,-1.7541557775187746,0.0807444739637906,-0.9176221400154324,0.6279054331465134,-0.7237493533031532
-1.1638614103323686,-0.6808545086394987,-0.9942062519790514,-0.5596645163071632,-0.5044034092507828,-1.0516497536318483,-0.0384155098935941,0.6852381700016797,-0.8234282934972192,-0.5878700865325985,0.9872280837476723,-0.3616821166278091,-0.3242123322201614,-0.2266083655811306,-0.5506201772224562,-0.4684396830725553,-0.4249430917893408,-0.2968364669508921,-0.3019339255063415,-0.2648609196163668,-0.2506821295079583,-0.162435292576479,-0.162435292576479,-0.0507673082566809,1.444749662502673,-0.6860753842634565,1.6554107089736416,1.0103361919575191,-0.760324474345021,-0.4806377619661694,-0.270376493571209,-0.3497718661632084,0.3349967143224401,-0.8067976084037375,-0.5897056754505574,-0.8687824085801304,0.2607062228398966,-0.3859233166003952,0.0719401630235612,0.6279054331465134,-0.6097995944607414
-0.3985570448137556,0.3107080931077273,-0.4221655181758155,0.3402411825966196,-0.0940228401306786,0.0127641775944568,-1.1453513134941986,0.6852381700016797,0.2163741177803615,-1.3902611870981454,-1.0129371484286014,-0.3616821166278091,-0.3242123322201614,-0.2266083655811306,1.816133954706112,-0.4684396830725553,-0.4249430917893408,-0.2968364669508921,-0.3019339255063415,3.775566442374484,-0.2506821295079583,-0.162435292576479,-0.162435292576479,-0.0507673082566809,-0.6921614352674402,1.4575657762062992,-0.6040796973096797,-0.9897695519176712,1.3152279503582291,2.08056894220972,-0.270376493571209,0.7628483928146726,1.3741543678309436,-0.530160967003073,-1.727927660470965,-0.0015646522297804,1.603947556412344,-0.9560852880068772,-1.2035017662945071,-1.592596507707975,0.616900433445835
-0.3181423946132335,-0.8557959412149546,0.2337949456005276,0.8183804426557335,1.7573172347994244,1.2401287760035622,2.1754560973076145,1.4942143403526764,2.4448357629172137,0.2145210140329482,0.9872280837476723,-0.3616821166278091,-0.3242123322201614,-0.2266083655811306,-0.5506201772224562,-0.4684396830725553,-0.4249430917893408,-0.2968364669508921,-0.3019339255063415,-0.2648609196163668,-0.2506821295079583,-0.162435292576479,-0.162435292576479,-0.0507673082566809,1.444749662502673,-0.6860753842634565,-0.6040796973096797,1.0103361919575191,1.3152279503582291,2.08056894220972,-0.270376493571209,-0.3497718661632084,-0.0002154319706254,-0.8067976084037375,0.6360718468791124,1.28875040288047,0.2607062228398966,-0.63196469899645,1.8769596128287616,0.6279054331465134,1.225278097402639
0.9778973630390492,1.398458499736064,-0.8925916317762641,-1.0856595892981682,-1.0308620978674985,-1.54429292331748,-1.1453513134941986,-0.1237380003493169,-0.9579593388585452,-0.5878700865325985,-1.0129371484286014,-0.3616821166278091,3.0843984038242387,-0.2266083655811306,-0.5506201772224562,-0.4684396830725553,2.353256281421644,-0.2968364669508921,-0.3019339255063415,-0.2648609196163668,-0.2506821295079583,-0.162435292576479,-0.162435292576479,-0.0507673082566809,-0.6921614352674402,-0.6860753842634565,1.6554107089736416,-0.9897695519176712,-0.760324474345021,-0.4806377619661694,-0.270376493571209,-1.0915187054817956,1.038942221537878,0.1153245295984775,1.2489606080439473,-0.9798687238556064,-0.4109144439463271,0.2964050644536896,-1.0988946855068484,0.6279054331465134,-2.6393762310346074
-0.276292633801724,-0.8635655004837218,0.4005461093367161,-0.1685453449710284,0.9222832826345608,1.1972433602860826,1.0685202937070102,-0.9327141707003136,-0.2049034535410942,0.2145210140329482,0.9872280837476723,-0.3616821166278091,-0.3242123322201614,-0.2266083655811306,-0.5506201772224562,2.134746555716359,-0.4249430917893408,-0.2968364669508921,-0.3019339255063415,-0.2648609196163668,-0.2506821295079583,-0.162435292576479,-0.162435292576479,-0.0507673082566809,-0.6921614352674402,-0.6860753842634565,-0.6040796973096797,-0.9897695519176712,-0.760324474345021,-0.4806377619661694,3.698546374323143,-0.3497718661632084,0.8713361483913451,-0.8067976084037375,0.8987384588068987,0.2784921358810667,-1.082535110732551,-0.5155470173326356,1.0452739717108677,0.6279054331465134,0.3633791220702355
-0.2202098852519308,-0.8684170159091966,-0.4221655181758155,-0.8810070501153251,-0.3149912744590021,-0.1482735148401997,2.839617579467977,-0.9327141707003136,-0.7348512968327559,1.8193032151640416,0.9872280837476723,-0.3616821166278091,-0.3242123322201614,-0.2266083655811306,-0.5506201772224562,-0.4684396830725553,-0.4249430917893408,-0.2968364669508921,-0.3019339255063415,3.775566442374484,-0.2506821295079583,-0.162435292576479,-0.162435292576479,-0.0507673082566809,-0.6921614352674402,-0.6860753842634565,-0.6040796973096797,1.0103361919575191,-0.760324474345021,-0.4806377619661694,-0.270376493571209,-0.3497718661632084,0.8210543264473853,-0.8067976084037375,-1.727927660470965,-0.605483847743411,-1.082535110732551,0.9273588510315692,3.16220757971653,0.6279054331465134,-0.3265473279595058
-0.3129199115630207,-0.8549952445752588,-0.4884306651862806,-0.9383921387076148,-0.5980687506313337,-0.3026331863358812,-0.9239641527740776,-0.9327141707003136,-0.5834376273208526,0.2145210140329482,0.9872280837476723,-0.3616821166278091,-0.3242123322201614,-0.2266083655811306,-0.5506201772224562,-0.4684396830725553,-0.4249430917893408,-0.2968364669508921,-0.3019339255063415,-0.2648609196163668,3.989115626083163,-0.162435292576479,-0.162435292576479,-0.0507673082566809,-0.6921614352674402,-0.6860753842634565,-0.6040796973096797,1.0103361919575191,-0.760324474345021,-0.4806377619661694,-0.270376493571209,0.3919749731553789,-0.0002154319706254,-0.8067976084037375,-0.7648167500690816,-0.3529192809935602,-1.082535110732551,0.3170059961426547,-0.9546057074167104,0.6279054331465134,-0.0338230369830465
-0.3117560973642084,-0.8571881669705742,-0.3536834714782608,-0.821702144082296,-0.5298640278403374,-1.075474984586004,-0.7025769920539569,-0.9327141707003136,-0.8105581315887075,-0.5878700865325985,0.9872280837476723,-0.3616821166278091,-0.3242123322201614,-0.2266083655811306,-0.5506201772224562,2.134746555716359,-0.4249430917893408,-0.2968364669508921,-0.3019339255063415,-0.2648609196163668,-0.2506821295079583,-0.162435292576479,-0.162435292576479,-0.0507673082566809,-0.6921614352674402,-0.6860753842634565,-0.6040796973096797,1.0103361919575191,-0.760324474345021,-0.4806377619661694,-0.270376493571209,-0.3497718661632084,0.3014754996931336,-0.8067976084037375,0.8987384588068987,-0.7317661311183363,-1.082535110732551,-0.3692888368349264,-0.6793903953121108,0.6279054331465134,-0.5588956342250347
0.9683228540866492,0.8528864895182026,2.286724670379728,2.4345874815852926,-0.8770948291010939,-1.4004024408980038,-0.9239641527740776,0.6852381700016797,2.270710042978525,-0.5878700865325985,-1.0129371484286014,-0.3616821166278091,-0.3242123322201614,-0.2266083655811306,1.816133954706112,-0.4684396830725553,-0.4249430917893408,-0.2968364669508921,-0.3019339255063415,-0.2648609196163668,-0.2506821295079583,-0.162435292576479,-0.162435292576479,-0.0507673082566809,1.444749662502673,1.4575657762062992,-0.6040796973096797,-0.9897695519176712,1.3152279503582291,-0.4806377619661694,-0.270376493571209,0.8864975909290812,-1.4416276610308076,0.391961170999142,-1.3777055112339165,1.71179605218647,0.9323268896261204,0.0184774818216744,-1.0086075479849932,-1.592596507707975,1.1952142867046849
0.3013138876167845,0.1015409670779626,1.4407960570533107,0.7323028097672991,-0.0940228401306786,0.0127641775944568,-1.1453513134941986,-0.9327141707003136,0.0222170507267607,-1.3902611870981454,-1.0129371484286014,-0.3616821166278091,-0.3242123322201614,-0.2266083655811306,1.816133954706112,2.134746555716359,-0.4249430917893408,-0.2968364669508921,-0.3019339255063415,-0.2648609196163668,-0.2506821295079583,-0.162435292576479,-0.162435292576479,-0.0507673082566809,-0.6921614352674402,-0.6860753842634565,-0.6040796973096797,-0.9897695519176712,-0.760324474345021,-0.4806377619661694,3.698546374323143,1.1337218124739663,0.988660399593918,1.959568805602908,0.8987384588068987,0.657338986005843,-1.082535110732551,-0.9560852880068772,-1.2012365923944766,-1.592596507707975,0.5137247645196329
1.008355568081396,1.3942108920074152,-0.3569886673753764,0.6911838107638215,-0.1031663615511611,0.4282275115322476,-0.4811898313338359,0.6852381700016797,-0.0534897840291909,0.2145210140329482,-1.0129371484286014,-0.3616821166278091,3.0843984038242387,-0.2266083655811306,-0.5506201772224562,2.134746555716359,-0.4249430917893408,-0.2968364669508921,-0.3019339255063415,-0.2648609196163668,-0.2506821295079583,-0.162435292576479,-0.162435292576479,-0.0507673082566809,-0.6921614352674402,1.4575657762062992,-0.6040796973096797,1.0103361919575191,1.3152279503582291,-0.4806377619661694,-0.270376493571209,0.1447507516104938,-1.5086700902894206,0.1153245295984775,0.8987384588068987,-0.2266369976186348,1.603947556412344,-0.1678823144054449,-0.5343688933066112,0.6279054331465134,0.4678569614949878
-0.2194289162954786,-0.8682995895353514,-0.5557841084067716,0.7198763550599664,0.8194372510472655,0.9008713997600116,1.511294615147252,2.303190510703673,0.9117723591091926,1.016912114598495,0.9872280837476723,-0.3616821166278091,-0.3242123322201614,-0.2266083655811306,-0.5506201772224562,-0.4684396830725553,-0.4249430917893408,-0.2968364669508921,-0.3019339255063415,-0.2648609196163668,-0.2506821295079583,-0.162435292576479,-0.162435292576479,-0.0507673082566809,1.444749662502673,1.4575657762062992,1.6554107089736416,1.0103361919575191,1.3152279503582291,-0.4806377619661694,-0.270376493571209,-0.0530731304357735,0.8210543264473853,-0.8067976084037375,-0.0643724515949846,0.0574981399749473,2.947188889984792,-0.2646920086840372,1.3472830469164752,0.6279054331465134,0.8826925958545699
0.5405342721952453,1.2708687541328612,-0.6894026986377275,-0.116884802929308,0.2410165992361014,0.9694950211797908,0.6257459722667684,2.303190510703673,0.128206619385093,2.6216943157295884,-1.0129371484286014,2.7648588471103626,-0.3242123322201614,-0.2266083655811306,-0.5506201772224562,-0.4684396830725553,2.353256281421644,-0.2968364669508921,-0.3019339255063415,-0.2648609196163668,-0.2506821295079583,-0.162435292576479,-0.162435292576479,-0.0507673082566809,-0.6921614352674402,-0.6860753842634565,1.6554107089736416,1.0103361919575191,1.3152279503582291,-0.4806377619661694,-0.270376493571209,2.468866123247423,0.1673906411759073,1.129658881400914,1.2489606080439473,-0.3781757376685453,0.9323268896261204,0.6017737632003228,0.5545420649123755,0.6279054331465134,0.5723348025115206
0.9825973119624916,1.3915484143743952,-0.5568724046167974,0.1326914643668422,-0.2874863726250308,-0.8486657421742554,-0.7025769920539569,0.6852381700016797,-0.1265468795686843,-0.5878700865325985,-1.0129371484286014,-0.3616821166278091,3.0843984038242387,-0.2266083655811306,-0.5506201772224562,2.134746555716359,-0.4249430917893408,-0.2968364669508921,-0.3019339255063415,-0.2648609196163668,-0.2506821295079583,-0.162435292576479,-0.162435292576479,-0.0507673082566809,-0.6921614352674402,1.4575657762062992,-0.6040796973096797,-0.9897695519176712,1.3152279503582291,2.08056894220972,-0.270376493571209,-0.5969960877080935,1.340633153201637,0.1153245295984775,0.8987384588068987,-0.2875681993470363,1.603947556412344,-0.4968388254380028,-0.753075136061706,0.6279054331465134,0.4198162408943775
0.5473586042681919,1.2708668847505975,-0.7589730415453081,0.1087810107867215,-0.1520433154858533,-0.2683387663055203,0.4043588115466475,1.4942143403526764,-0.8521970421181504,1.016912114598495,-1.0129371484286014,2.7648588471103626,-0.3242123322201614,-0.2266083655811306,-0.5506201772224562,-0.4684396830725553,-0.4249430917893408,-0.2968364669508921,-0.3019339255063415,-0.2648609196163668,-0.2506821295079583,-0.162435292576479,-0.162435292576479,-0.0507673082566809,1.444749662502673,1.4575657762062992,1.6554107089736416,-0.9897695519176712,-0.760324474345021,-0.4806377619661694,-0.270376493571209,-1.0915187054817956,0.1673906411759073,1.129658881400914,0.8111829214976366,-0.9110870745365572,1.603947556412344,0.2724303947656442,0.600505586995164,0.6279054331465134,-0.7431771322442786
-0.2187852976818473,-0.8682237094089381,-0.0853579948063229,-0.2249530719571233,0.301118526621955,0.3605777681660691,0.6257459722667684,-0.1237380003493169,-0.5077307925649008,0.2145210140329482,0.9872280837476723,-0.3616821166278091,-0.3242123322201614,-0.2266083655811306,-0.5506201772224562,-0.4684396830725553,-0.4249430917893408,-0.2968364669508921,-0.3019339255063415,-0.2648609196163668,-0.2506821295079583,-0.162435292576479,-0.162435292576479,-0.0507673082566809,1.444749662502673,-0.6860753842634565,-0.6040796973096797,1.0103361919575191,1.3152279503582291,-0.4806377619661694,-0.270376493571209,0.0211015534960852,0.8210543264473853,-0.8067976084037375,-0.8523722873783437,-0.4792015643684856,-0.4109144439463271,-0.3549248954304643,0.6587460216174343,0.6279054331465134,0.0706547928910135
1.0058150688044294,1.3821073170470182,1.0869416912142698,0.4999473231084836,-0.0940228401306786,0.0127641775944568,-0.9549769551695658,-0.8193895405268798,-0.728487235789983,-1.3902611870981454,-1.0129371484286014,-0.3616821166278091,3.0843984038242387,-0.2266083655811306,-0.5506201772224562,2.134746555716359,-0.4249430917893408,-0.2968364669508921,-0.3019339255063415,-0.2648609196163668,-0.2506821295079583,-0.162435292576479,-0.162435292576479,-0.0507673082566809,-0.6921614352674402,-0.6860753842634565,-0.6040796973096797,-0.7095867084179999,-0.4695727568586865,-0.4806377619661694,-0.270376493571209,-0.8837049544002986,-1.5807336610104905,0.1153245295984775,0.8987384588068987,-0.6892156742600968,-1.565989138080283,-0.9560852880068772,-0.9452349373621124,0.6279054331465134,-0.743486145367022
-0.3985570448137556,0.3107080931077273,-0.084229391329259,-0.588357060603308,-1.0308620978674985,-1.54429292331748,-1.1453513134941986,-0.9327141707003136,1.3092332415779389,-0.5878700865325985,-1.0129371484286014,-0.3616821166278091,3.0843984038242387,-0.2266083655811306,-0.5506201772224562,-0.4684396830725553,-0.4249430917893408,-0.2968364669508921,-0.3019339255063415,-0.2648609196163668,-0.2506821295079583,6.156297588648554,-0.162435292576479,-0.0507673082566809,-0.6921614352674402,1.4575657762062992,-0.6040796973096797,-0.9897695519176712,-0.760324474345021,-0.4806377619661694,-0.270376493571209,-0.3497718661632084,-1.475148875660114,0.1153245295984775,-1.2025944366153922,2.8041378033795743,0.2607062228398966,0.2964050644536896,-1.2113783388082568,0.6279054331465134,0.9929297019973355
0.2017691050972643,1.1408682566959027,-0.0107549762824335,0.0930568911074607,-0.4093621101374757,-0.9627131516560228,-0.8333931030359574,-0.1237380003493169,-0.422743055641626,-0.5878700865325985,-1.0129371484286014,-0.3616821166278091,-0.3242123322201614,-0.2266083655811306,1.816133954706112,-0.4684396830725553,-0.4249430917893408,3.368858315395045,-0.3019339255063415,-0.2648609196163668,-0.2506821295079583,-0.162435292576479,-0.162435292576479,-0.0507673082566809,-0.6921614352674402,1.4575657762062992,0.3202937726992936,-0.9897695519176712,0.4661048066293742,-0.4806377619661694,-0.270376493571209,0.0885211068223275,0.1803233450084478,1.6787332548531602,-0.1519279889042467,-0.3846927439329579,1.2070916439089827,-0.1148031382956601,-0.8550524507655122,-1.592596507707975,0.0172383627055654
-0.1361018684798933,-0.0745586537784904,-0.3764050593605089,-0.659526027213647,-0.6193607405490148,-1.0992529358844436,0.2782306293088785,0.0691060503288545,-0.7950272229932298,-0.3965957873229698,-0.5361369909762962,-0.3616821166278091,-0.3242123322201614,-0.2266083655811306,1.251946194314633,-0.4684396830725553,-0.4249430917893408,-0.2968364669508921,3.3119829059387924,-0.2648609196163668,-0.2506821295079583,-0.162435292576479,-0.162435292576479,-0.0507673082566809,-0.6921614352674402,1.4575657762062992,1.6554107089736416,-0.9897695519176712,-0.760324474345021,-0.4806377619661694,-0.270376493571209,-0.5610650148253775,0.9447109993850132,1.300121315690287,-1.027483361996868,-0.8092196274324477,1.603947556412344,-0.1539469928430519,0.4071404847490656,-1.0632724008837529,-0.5031488128632592
-1.18724448770795,-0.6850400245931852,1.0454623819446485,0.3899470014259509,1.4232813526617216,0.794162190172641,-0.4811898313338359,-0.9327141707003136,1.6877674153576971,0.2145210140329482,0.9872280837476723,-0.3616821166278091,-0.3242123322201614,-0.2266083655811306,-0.5506201772224562,-0.4684396830725553,2.353256281421644,-0.2968364669508921,-0.3019339255063415,-0.2648609196163668,-0.2506821295079583,-0.162435292576479,-0.162435292576479,-0.0507673082566809,-0.6921614352674402,-0.6860753842634565,-0.6040796973096797,-0.9897695519176712,-0.760324474345021,-0.4806377619661694,3.698546374323143,0.3919749731553789,-0.3019063636343845,-0.8067976084037375,1.2489606080439473,3.435549220254201,-1.082535110732551,-0.593651050773625,-0.586099272857119,0.6279054331465134,1.0812644619245
-0.3215052174221238,-0.8495191919579034,0.5783414642413154,-0.0145759862237112,-0.0940228401306786,0.0127641775944568,-0.9239641527740776,-0.9327141707003136,0.6278717287743739,-1.3902611870981454,0.9872280837476723,-0.3616821166278091,-0.3242123322201614,-0.2266083655811306,-0.5506201772224562,2.134746555716359,-0.4249430917893408,-0.2968364669508921,-0.3019339255063415,-0.2648609196163668,-0.2506821295079583,-0.162435292576479,-0.162435292576479,-0.0507673082566809,-0.6921614352674402,-0.6860753842634565,-0.6040796973096797,-0.9897695519176712,-0.760324474345021,2.08056894220972,-0.270376493571209,1.1337218124739663,0.9383785776499582,-0.8067976084037375,0.8987384588068987,1.667597253005246,-1.082535110732551,-0.9560852880068772,-0.992174737206772,0.6279054331465134,0.7885401054575832
0.4182705887294821,-0.3939846305857337,-0.9003306270475594,-0.9756715028296132,-0.6357578999011269,-1.1745670765398564,-0.4811898313338359,-0.1237380003493169,-0.9565209089981824,-0.5878700865325985,-1.0129371484286014,-0.3616821166278091,-0.3242123322201614,-0.2266083655811306,1.816133954706112,-0.4684396830725553,-0.4249430917893408,-0.2968364669508921,3.3119829059387924,-0.2648609196163668,-0.2506821295079583,-0.162435292576479,-0.162435292576479,-0.0507673082566809,-0.6921614352674402,-0.6860753842634565,1.6554107089736416,-0.9897695519176712,-0.760324474345021,-0.4806377619661694,-0.270376493571209,-1.0915187054817956,0.5528846094129328,1.7751443780024647,-1.027483361996868,-0.9782691482661908,-0.4109144439463271,-0.2882523322596045,-0.1616032799501031,-1.592596507707975,-2.463813898522315
1.1098266514714572,0.4430948382152231,-0.6416847991360689,-1.071108995918455,-0.0940228401306786,0.0127641775944568,-0.8486889861260413,-0.9327141707003136,-0.9517131324482968,-1.3902611870981454,-1.0129371484286014,-0.3616821166278091,-0.3242123322201614,-0.2266083655811306,1.816133954706112,-0.4684396830725553,-0.4249430917893408,-0.2968364669508921,-0.3019339255063415,-0.2648609196163668,-0.2506821295079583,-0.162435292576479,-0.162435292576479,-0.0507673082566809,1.444749662502673,0.0427968098740669,0.8871479230045977,-0.9897695519176712,-0.760324474345021,-0.4806377619661694,-0.270376493571209,-1.0915187054817956,0.5046188735135436,1.594417265857074,0.1895176537311306,-0.967218793692334,-0.1825527022258484,-0.9560852880068772,-0.6821112719120246,-1.592596507707975,-2.5557614237510364
-0.3043003070939037,-0.8591896434092071,-0.4552980916810481,0.574528721910153,-1.259970496387227,0.0585016647546238,0.4043588115466475,2.303190510703673,-0.1746207196387136,0.2145210140329482,0.9872280837476723,-0.3616821166278091,-0.3242123322201614,-0.2266083655811306,-0.5506201772224562,-0.4684396830725553,2.353256281421644,-0.2968364669508921,-0.3019339255063415,-0.2648609196163668,-0.2506821295079583,-0.162435292576479,-0.162435292576479,-0.0507673082566809,-0.6921614352674402,1.4575657762062992,1.6554107089736416,1.0103361919575191,-0.760324474345021,-0.4806377619661694,-0.270376493571209,-0.5352085759928552,-0.1343002904878517,-0.8067976084037375,1.2489606080439473,-0.5465521155017792,2.275568223198568,1.5488954169142566,0.3682344951550476,0.6279054331465134,0.3858542227426741
-0.1953684413721617,-0.8628711774399948,-0.5204346352144492,0.3670139094520248,-0.7813852044761261,1.15721001601129,1.289907454427131,3.921142851405666,0.9231283843225854,1.016912114598495,0.9872280837476723,-0.3616821166278091,-0.3242123322201614,-0.2266083655811306,-0.5506201772224562,-0.4684396830725553,-0.4249430917893408,-0.2968364669508921,-0.3019339255063415,-0.2648609196163668,-0.2506821295079583,-0.162435292576479,-0.162435292576479,-0.0507673082566809,1.444749662502673,1.4575657762062992,1.6554107089736416,1.0103361919575191,-0.760324474345021,-0.4806377619661694,-0.270376493571209,0.3919749731553789,-1.7768398073238731,-0.8067976084037375,-0.0643724515949846,-0.1982234838592766,2.275568223198568,1.517118495573706,1.1333920373502782,0.6279054331465134,0.8861550936681221
0.5547491752118835,1.2708245032472605,-0.9389852961369972,-1.3285688542092045,-1.0135414434693488,-1.528084809996843,-1.1453513134941986,-0.9327141707003136,-0.950615775887218,-0.5878700865325985,-1.0129371484286014,2.7648588471103626,-0.3242123322201614,-0.2266083655811306,-0.5506201772224562,-0.4684396830725553,-0.4249430917893408,-0.2968364669508921,-0.3019339255063415,-0.2648609196163668,3.989115626083163,-0.162435292576479,-0.162435292576479,-0.0507673082566809,-0.6921614352674402,-0.6860753842634565,1.6554107089736416,-0.9897695519176712,-0.760324474345021,-0.4806377619661694,-0.270376493571209,-1.0915187054817956,0.1673906411759073,1.129658881400914,-0.7648167500690816,-0.9653883553619484,-0.4109144439463271,0.2964050644536896,-1.1249277965803437,0.6279054331465134,-2.0432231169350623
-0.2789580495647529,-0.8643952772345024,-0.5719868412664586,-1.010751120511982,-0.3538382564860658,-0.4607282959430353,0.1342688406877483,-0.9327141707003136,-0.6508171146657493,1.6427857454933736,0.9872280837476723,-0.3616821166278091,-0.3242123322201614,-0.2266083655811306,-0.5506201772224562,-0.4684396830725553,2.353256281421644,-0.2968364669508921,-0.3019339255063415,-0.2648609196163668,-0.2506821295079583,-0.162435292576479,-0.162435292576479,-0.0507673082566809,-0.6921614352674402,-0.6860753842634565,-0.6040796973096797,1.0103361919575191,-0.760324474345021,-0.4806377619661694,-0.270376493571209,-1.0915187054817956,0.8086545211261654,-0.8067976084037375,1.2489606080439473,-0.4653111877741634,-1.082535110732551,0.9293690070996172,0.1829179594633123,0.6279054331465134,-0.1476284865330299
-0.339416107473087,-0.8487321952827906,0.9825427380983368,1.5490280548295818,1.2013093611043208,0.5445015948603376,-0.4811898313338359,1.4942143403526764,-0.4161096240749006,-0.5878700865325985,0.9872280837476723,-0.3616821166278091,-0.3242123322201614,-0.2266083655811306,-0.5506201772224562,-0.4684396830725553,-0.4249430917893408,-0.2968364669508921,3.3119829059387924,-0.2648609196163668,-0.2506821295079583,-0.162435292576479,-0.162435292576479,-0.0507673082566809,-0.6921614352674402,1.4575657762062992,-0.6040796973096797,1.0103361919575191,1.3152279503582291,-0.4806377619661694,-0.270376493571209,-1.0915187054817956,0.8545755410766919,-0.8067976084037375,-1.027483361996868,-0.6201219849030988,1.603947556412344,-0.7594198982835708,-0.507434843795969,0.6279054331465134,0.1759446551411246
-0.3180540497086572,-0.8532054546861431,0.753919919458825,0.6606063547985869,-0.0940228401306786,0.0127641775944568,-0.9239641527740776,-0.1237380003493169,2.6719562671850685,-1.3902611870981454,0.9872280837476723,-0.3616821166278091,-0.3242123322201614,-0.2266083655811306,-0.5506201772224562,-0.4684396830725553,-0.4249430917893408,-0.2968364669508921,-0.3019339255063415,-0.2648609196163668,-0.2506821295079583,-0.162435292576479,-0.162435292576479,-0.0507673082566809,1.444749662502673,-0.6860753842634565,-0.6040796973096797,-0.9897695519176712,-0.760324474345021,2.08056894220972,3.698546374323143,2.617215491111141,-0.0002154319706254,-0.8067976084037375,-0.6772612127598194,3.0567023701294254,-0.4109144439463271,-0.9560852880068772,-1.0111969199603912,0.6279054331465134,1.2622613583947664
-0.3978837082903982,-0.8384795921993612,-0.501415251287518,-0.949636686669397,-0.6401260906430589,-0.3977342914265606,-0.9024505247294308,-0.9327141707003136,-0.6194865586255777,0.2145210140329482,0.9872280837476723,-0.3616821166278091,-0.3242123322201614,-0.2266083655811306,-0.5506201772224562,-0.4684396830725553,-0.4249430917893408,-0.2968364669508921,-0.3019339255063415,-0.2648609196163668,3.989115626083163,-0.162435292576479,-0.162435292576479,-0.0507673082566809,-0.6921614352674402,-0.6860753842634565,-0.3845103419183773,0.8159729285969533,-0.760324474345021,-0.4806377619661694,-0.270376493571209,0.247814258934319,-0.029532698912146,-0.8067976084037375,-0.7648167500690816,-0.4130504616598953,-1.01726936919028,0.4367166907665419,-0.9105806212653552,0.6279054331465134,-0.251668108733919
-1.4717740636583412,0.266758650920545,-0.7964991071576822,0.0256005569452214,-0.1316748206142096,-0.19495009869491,0.8471331329868893,1.4942143403526764,1.536353745845794,1.016912114598495,-1.0129371484286014,-0.3616821166278091,-0.3242123322201614,4.412899750790439,-0.5506201772224562,2.134746555716359,-0.4249430917893408,-0.2968364669508921,-0.3019339255063415,-0.2648609196163668,-0.2506821295079583,-0.162435292576479,-0.162435292576479,-0.0507673082566809,-0.6921614352674402,-0.6860753842634565,-0.6040796973096797,1.0103361919575191,1.3152279503582291,2.08056894220972,-0.270376493571209,1.1337218124739663,0.6702088606155058,1.6829321642022432,0.8987384588068987,0.682595442680828,0.2607062228398966,0.2527408008793741,0.6747124013413273,-1.592596507707975,1.0475464046512772
-1.18724448770795,-0.6850400245931852,-0.6286596472114678,-1.059829318277308,-0.0940228401306786,0.0127641775944568,-0.7025769920539569,-0.9327141707003136,-0.8938356498202543,-1.3902611870981454,0.9872280837476723,-0.3616821166278091,-0.3242123322201614,-0.2266083655811306,-0.5506201772224562,2.134746555716359,-0.4249430917893408,-0.2968364669508921,-0.3019339255063415,-0.2648609196163668,-0.2506821295079583,-0.162435292576479,-0.162435292576479,-0.0507673082566809,-0.6921614352674402,-0.6860753842634565,-0.6040796973096797,1.0103361919575191,-0.760324474345021,-0.4806377619661694,-0.270376493571209,-1.0915187054817956,-0.3019063636343845,-0.8067976084037375,0.8987384588068987,-0.8706766428307543,-1.082535110732551,-0.9560852880068772,-0.639070676422557,0.6279054331465134,-1.0164734660001886
-0.2431523681778925,-0.8693615329403861,0.0825894252623316,-0.4438932964550518,-0.6528223226680532,-0.7622421090030256,-0.6237367814148469,-0.9327141707003136,-0.7185455257675962,-0.057513473131126,0.9872280837476723,-0.3616821166278091,-0.3242123322201614,-0.2266083655811306,-0.5506201772224562,-0.4684396830725553,-0.4249430917893408,-0.2968364669508921,-0.3019339255063415,-0.2648609196163668,-0.2506821295079583,-0.162435292576479,-0.162435292576479,-0.0507673082566809,1.444749662502673,-0.6860753842634565,-0.6040796973096797,1.0103361919575191,-0.760324474345021,-0.4806377619661694,-0.270376493571209,-0.6012461421084232,0.7878195400906342,-0.8067976084037375,-1.3777055112339165,-0.5782851145123236,-1.082535110732551,0.816406006127253,-0.6222383282964579,0.6279054331465134,-0.3279436876072649
0.5525223639406577,1.270562833923735,-0.1880609112191361,-0.6782743283732217,-0.6591742352462646,-0.8105453726476067,-0.4811898313338359,-0.9327141707003136,-0.9184403711159386,0.2145210140329482,-1.0129371484286014,2.7648588471103626,-0.3242123322201614,-0.2266083655811306,-0.5506201772224562,-0.4684396830725553,2.353256281421644,-0.2968364669508921,-0.3019339255063415,-0.2648609196163668,-0.2506821295079583,-0.162435292576479,-0.162435292576479,-0.0507673082566809,-0.6921614352674402,-0.6860753842634565,1.6554107089736416,-0.9897695519176712,-0.760324474345021,-0.4806377619661694,-0.270376493571209,2.617215491111141,0.1673906411759073,1.129658881400914,1.2489606080439473,-0.911718384927605,-0.4109144439463271,0.4216540996997463,-0.345240298087604,0.6279054331465134,-1.273209940318046
0.2773959823113226,0.0673360841504644,-0.6216294186714414,-1.0537411964546892,-1.02668998631474,-1.5299427828632797,-0.9160069948283917,-0.9327141707003136,-0.7667666762049864,-0.5590303259040025,0.9872280837476723,-0.3616821166278091,-0.3242123322201614,-0.2266083655811306,-0.5506201772224562,-0.4684396830725553,-0.3250882892554544,-0.2968364669508921,-0.3019339255063415,-0.2648609196163668,-0.2506821295079583,-0.162435292576479,-0.162435292576479,-0.0507673082566809,1.367944218747323,-0.6860753842634565,-0.6040796973096797,-0.9897695519176712,-0.760324474345021,-0.4806377619661694,-0.270376493571209,-1.0915187054817956,-0.1397220195217782,-0.8067976084037375,0.5736918703249733,-0.6587200845362248,-1.7541557775187746,0.326856868643936,-0.926023951534791,0.6279054331465134,-0.413953807015621
-0.3261687890319167,-0.8526159584681888,-0.2521091585425114,-0.7337395995247716,-0.5899287864399287,-0.6590377725946125,-0.0384155098935941,-0.9327141707003136,-0.7348512968327559,0.2145210140329482,0.9872280837476723,-0.3616821166278091,-0.3242123322201614,-0.2266083655811306,-0.5506201772224562,2.134746555716359,-0.4249430917893408,-0.2968364669508921,-0.3019339255063415,-0.2648609196163668,-0.2506821295079583,-0.162435292576479,-0.162435292576479,-0.0507673082566809,-0.6921614352674402,-0.6860753842634565,-0.6040796973096797,1.0103361919575191,-0.760324474345021,-0.4806377619661694,-0.270376493571209,-0.3497718661632084,1.105984650796491,-0.8067976084037375,0.8987384588068987,-0.605483847743411,-1.082535110732551,0.3042535380523309,0.0255329966525864,0.6279054331465134,-0.3265473279595058
2.923873304277808,0.7784495170177426,-0.45825918036365,-0.2290510424860856,-0.805270391661391,-0.4430522337986478,0.3193925456006242,0.9957154542780446,1.906369609086276,0.2145210140329482,-1.0129371484286014,-0.3616821166278091,-0.3242123322201614,-0.2266083655811306,1.816133954706112,-0.4684396830725553,-0.4249430917893408,-0.2968364669508921,-0.3019339255063415,-0.2648609196163668,-0.2506821295079583,-0.162435292576479,-0.162435292576479,-0.0507673082566809,1.444749662502673,-0.6860753842634565,0.9592508640304626,1.0103361919575191,1.3152279503582291,-0.4806377619661694,-0.270376493571209,-0.3497718661632084,0.4361098740481317,1.1640600803122898,0.0231830857142775,1.5063550300148605,0.5184677840947782,0.5536361041325174,0.1640690973824795,-1.592596507707975,1.1018627966223162
1.0222852209914364,1.3909699223215404,1.0200688037107108,1.83783840946012,0.8285807724677478,0.1957141262351248,0.8471331329868893,0.6852381700016797,0.1924003372455333,-0.5878700865325985,-1.0129371484286014,-0.3616821166278091,3.0843984038242387,-0.2266083655811306,-0.5506201772224562,-0.4684396830725553,-0.4249430917893408,-0.2968364669508921,-0.3019339255063415,-0.2648609196163668,-0.2506821295079583,-0.162435292576479,-0.162435292576479,-0.0507673082566809,1.444749662502673,-0.6860753842634565,-0.6040796973096797,-0.9897695519176712,-0.760324474345021,2.08056894220972,3.698546374323143,-0.7206452858225021,-1.6930367707506069,0.1153245295984775,0.7236273841883746,-0.0215593050033825,-0.4109144439463271,-0.7265653406987288,0.7670115136022189,0.6279054331465134,0.6051215063288978
-0.2889922147531606,-0.861986835498402,-0.0607944974355963,-0.5680626294745826,-0.3968120350633667,-0.3318645634718783,-0.1099684893500874,-0.9327141707003136,-0.5578185454264439,-0.8715908744378545,0.9872280837476723,-0.3616821166278091,-0.3242123322201614,-0.2266083655811306,-0.5506201772224562,-0.4684396830725553,2.353256281421644,-0.2968364669508921,-0.3019339255063415,-0.2648609196163668,-0.2506821295079583,-0.162435292576479,-0.162435292576479,-0.0507673082566809,-0.6921614352674402,-0.6860753842634565,-0.6040796973096797,1.0103361919575191,-0.760324474345021,-0.4806377619661694,-0.270376493571209,-1.0915187054817956,0.6871555158888336,-0.8067976084037375,1.2489606080439473,-0.3101855414306234,-1.082535110732551,-0.1464681795209486,-0.1005260570996702,0.6279054331465134,0.0031413813595808
-0.2025037420078707,-0.8642708663587005,-0.5848722198186934,-0.198183365164182,-0.0940228401306786,0.0127641775944568,-0.7296582705042675,0.6852381700016797,3.095327706682408,-1.3902611870981454,0.9872280837476723,-0.3616821166278091,-0.3242123322201614,-0.2266083655811306,-0.5506201772224562,-0.4684396830725553,-0.4249430917893408,-0.2968364669508921,-0.3019339255063415,-0.2648609196163668,-0.2506821295079583,-0.162435292576479,-0.162435292576479,-0.0507673082566809,1.444749662502673,1.3701585044455264,-0.6040796973096797,-0.9897695519176712,-0.6756935304234125,2.08056894220972,-0.270376493571209,0.200198602796274,-1.6695434740034618,-0.8067976084037375,-1.349144795812408,2.3995450633524413,0.8775560341074939,-0.9560852880068772,-0.8345534201989412,0.6279054331465134,1.324970747778765
-1.295642386432917,-0.6678714499455835,1.085205347244112,1.5394638733975337,-0.0940228401306786,0.0127641775944568,-0.7025769920539569,0.6852381700016797,-0.6230950628642279,-1.3902611870981454,0.9872280837476723,-0.3616821166278091,-0.3242123322201614,-0.2266083655811306,-0.5506201772224562,-0.4684396830725553,-0.4249430917893408,-0.2968364669508921,-0.3019339255063415,3.775566442374484,-0.2506821295079583,-0.162435292576479,-0.162435292576479,-0.0507673082566809,-0.6921614352674402,1.4575657762062992,-0.6040796973096797,1.0103361919575191,-0.760324474345021,-0.4806377619661694,-0.270376493571209,-0.3497718661632084,0.2009118558052139,-0.8067976084037375,-1.727927660470965,-0.7017001505398756,0.9323268896261204,-0.9560852880068772,-0.7160694814072552,0.6279054331465134,-0.0972414985040423
-1.4716381684080666,0.2613277197994427,1.9167845735050024,1.1445050671799195,-0.9993057983309556,2.6190009744656626,-0.0384155098935941,-0.9327141707003136,-0.5834376273208526,0.2145210140329482,-1.0129371484286014,-0.3616821166278091,-0.3242123322201614,4.412899750790439,-0.5506201772224562,-0.4684396830725553,-0.4249430917893408,-0.2968364669508921,-0.3019339255063415,-0.2648609196163668,-0.2506821295079583,-0.162435292576479,-0.162435292576479,-0.0507673082566809,1.444749662502673,-0.6860753842634565,-0.6040796973096797,-0.9897695519176712,-0.760324474345021,2.08056894220972,-0.270376493571209,1.8754686517925536,-2.078530738987632,1.6829321642022432,0.6360718468791124,-0.3529192809935602,-1.082535110732551,1.5488954169142566,-0.0194911927270485,-1.592596507707975,-0.0338230369830465
0.0702961078852351,1.1199723416976497,-0.1343718375337,-0.6283065561701207,-0.6606225590137054,-1.1978346277138316,-0.9239641527740776,-0.9202101362542068,-0.2152302171471764,-0.5878700865325985,-1.0129371484286014,-0.3616821166278091,-0.3242123322201614,-0.2266083655811306,1.816133954706112,2.134746555716359,-0.4249430917893408,-0.2968364669508921,-0.3019339255063415,-0.2648609196163668,-0.2506821295079583,-0.162435292576479,-0.162435292576479,-0.0507673082566809,-0.6921614352674402,-0.6529419448705791,-0.6040796973096797,0.9794213244572552,-0.760324474345021,-0.4806377619661694,-0.270376493571209,-0.3612367626200552,-1.331141209612028,1.8602301476627463,0.8987384588068987,0.260502153444911,-1.061773144533797,-0.2656798892374236,-0.9725466415302204,-1.592596507707975,0.3444128735900237
0.979473280233912,1.3915485027612615,0.5938194547839057,0.7935275332410682,-0.0940228401306786,0.0127641775944568,0.1829716508265267,-0.1237380003493169,0.0600704681047365,-1.3902611870981454,-1.0129371484286014,-0.3616821166278091,3.0843984038242387,-0.2266083655811306,-0.5506201772224562,2.134746555716359,-0.4249430917893408,-0.2968364669508921,-0.3019339255063415,-0.2648609196163668,-0.2506821295079583,-0.162435292576479,-0.162435292576479,-0.0507673082566809,-0.6921614352674402,1.4575657762062992,-0.6040796973096797,-0.9897695519176712,-0.760324474345021,2.08056894220972,-0.270376493571209,0.0211015534960852,1.340633153201637,0.1153245295984775,0.8987384588068987,0.1522098525061413,0.9323268896261204,-0.9560852880068772,0.1209708460424139,0.6279054331465134,0.5353515433764738
0.5485317676077963,1.2703542939269727,-0.7589742736434659,-0.2472177750983847,0.2170392790837043,0.3760024172997852,-0.3604272107917478,-0.1237380003493169,-0.9073069764928844,0.1415926440444933,-1.0129371484286014,2.7648588471103626,-0.3242123322201614,-0.2266083655811306,-0.5506201772224562,-0.4684396830725553,-0.4249430917893408,3.368858315395045,-0.3019339255063415,-0.2648609196163668,-0.2506821295079583,-0.162435292576479,-0.162435292576479,-0.0507673082566809,-0.6921614352674402,0.6780743933807936,0.2175379007069537,0.2830385355956416,-0.760324474345021,-0.4806377619661694,-0.270376493571209,-0.5520764889867636,0.1673906411759073,1.129658881400914,-0.1519279889042467,-0.9235418325562978,0.4438845775997387,-0.4121491299463022,-0.2102989040481911,0.6279054331465134,-1.1511358226992745
0.1923830612468602,0.8174006202894762,-0.8020212027418877,-0.9556006841309715,-0.8149857872570858,-1.1726541017917125,-0.9239641527740776,-0.1237380003493169,-0.9089770167714448,0.2145210140329482,-1.0129371484286014,-0.3616821166278091,-0.3242123322201614,-0.2266083655811306,1.816133954706112,-0.4684396830725553,2.353256281421644,-0.2968364669508921,-0.3019339255063415,-0.2648609196163668,-0.2506821295079583,-0.162435292576479,-0.162435292576479,-0.0507673082566809,-0.6921614352674402,-0.6860753842634565,1.6554107089736416,-0.9897695519176712,-0.760324474345021,-0.4806377619661694,-0.270376493571209,0.0211015534960852,1.4747180117188632,-0.6223731808032945,1.2489606080439473,-0.9253989656265552,-0.4109144439463271,0.7870060425936081,-0.8910273049752907,-1.592596507707975,-1.1604869231989283
1.0064257515923198,1.3844360556646795,-0.5237398311115649,0.0198411046230025,-0.8149857872570858,0.1538025885712456,1.7326817758673727,0.6852381700016797,1.1578195720660356,0.2145210140329482,-1.0129371484286014,-0.3616821166278091,3.0843984038242387,-0.2266083655811306,-0.5506201772224562,-0.4684396830725553,-0.4249430917893408,-0.2968364669508921,-0.3019339255063415,-0.2648609196163668,-0.2506821295079583,-0.162435292576479,-0.162435292576479,-0.0507673082566809,1.444749662502673,-0.6860753842634565,-0.6040796973096797,1.0103361919575191,1.3152279503582291,2.08056894220972,-0.270376493571209,0.1447507516104938,-2.095291346302285,0.1153245295984775,0.0231830857142775,0.7836212693807683,0.2607062228398966,0.7870060425936081,1.540040671282532,0.6279054331465134,0.9533939132206656
-2.1680774209717395,0.2206853164821697,-0.4442539005126372,-0.6122675141834286,-1.0308620978674985,-1.1574198665246755,-0.7025769920539569,-0.1237380003493169,-0.651573778601209,0.2145210140329482,-1.0129371484286014,-0.3616821166278091,-0.3242123322201614,4.412899750790439,-0.5506201772224562,-0.4684396830725553,-0.4249430917893408,-0.2968364669508921,3.3119829059387924,-0.2648609196163668,-0.2506821295079583,-0.162435292576479,-0.162435292576479,-0.0507673082566809,-0.6921614352674402,-0.6860753842634565,-0.6040796973096797,1.0103361919575191,-0.760324474345021,-0.4806377619661694,-0.270376493571209,-0.7206452858225021,-1.8774034512117928,1.6829321642022432,-1.027483361996868,-0.6391591233100576,-1.082535110732551,1.5488954169142566,-0.7122497051128776,-1.592596507707975,-0.1475436687217541
2.333273196335932,-0.8655961003954509,-0.5568724046167974,-0.9976621389689942,-0.783392318934281,-1.3127186347149007,-0.7025769920539569,-0.9327141707003136,-0.9610633190835394,-0.5878700865325985,-1.0129371484286014,-0.3616821166278091,-0.3242123322201614,-0.2266083655811306,1.816133954706112,-0.4684396830725553,-0.4249430917893408,-0.2968364669508921,-0.3019339255063415,-0.2648609196163668,3.989115626083163,-0.162435292576479,-0.162435292576479,-0.0507673082566809,-0.6921614352674402,-0.6860753842634565,1.6554107089736416,-0.9897695519176712,-0.760324474345021,-0.4806377619661694,-0.270376493571209,-1.0915187054817956,0.988660399593918,1.959568805602908,-0.7648167500690816,-0.982815310467688,-0.4109144439463271,-0.1290115770532071,-0.3137545854669116,-1.592596507707975,-3.490526940383715
0.9747904806154748,1.3924348020828814,0.5639920771757889,0.2388399159539181,-1.0308620978674985,1.2096255241104317,-1.1453513134941986,-0.1237380003493169,-0.0686311509803812,0.2145210140329482,-1.0129371484286014,-0.3616821166278091,3.0843984038242387,-0.2266083655811306,-0.5506201772224562,-0.4684396830725553,-0.4249430917893408,-0.2968364669508921,-0.3019339255063415,-0.2648609196163668,-0.2506821295079583,-0.162435292576479,-0.162435292576479,-0.0507673082566809,1.444749662502673,-0.6860753842634565,-0.6040796973096797,-0.9897695519176712,-0.760324474345021,2.08056894220972,3.698546374323143,1.50459523213326,1.340633153201637,0.1153245295984775,0.5485163095698503,0.0090899313478926,-0.4109144439463271,1.5488954169142566,-1.1999986172968862,0.6279054331465134,0.4582257831939592
-0.2195180407139187,-0.8695370056911885,-0.89367992798629,-1.2893347668748167,-1.0176300099581823,-1.5319107594931307,-0.9239641527740776,-0.9327141707003136,-0.924118383722635,-0.5878700865325985,0.9872280837476723,-0.3616821166278091,-0.3242123322201614,-0.2266083655811306,-0.5506201772224562,-0.4684396830725553,2.353256281421644,-0.2968364669508921,-0.3019339255063415,-0.2648609196163668,-0.2506821295079583,-0.162435292576479,-0.162435292576479,-0.0507673082566809,-0.6921614352674402,-0.6860753842634565,1.6554107089736416,-0.9897695519176712,-0.760324474345021,-0.4806377619661694,-0.270376493571209,-1.0915187054817956,0.8210543264473853,-0.8067976084037375,1.2489606080439473,-0.9211895561807244,-0.4109144439463271,0.2964050644536896,-0.878372760561792,0.6279054331465134,-1.3532992073784889
0.9808255029336296,1.3916401599436627,0.09578286326243,0.5114190867672939,1.82042983387251,1.3153956370032591,0.1829716508265267,0.6852381700016797,1.1578195720660356,0.2145210140329482,-1.0129371484286014,-0.3616821166278091,3.0843984038242387,-0.2266083655811306,-0.5506201772224562,2.134746555716359,-0.4249430917893408,-0.2968364669508921,-0.3019339255063415,-0.2648609196163668,-0.2506821295079583,-0.162435292576479,-0.162435292576479,-0.0507673082566809,-0.6921614352674402,-0.6860753842634565,-0.6040796973096797,1.0103361919575191,1.3152279503582291,2.08056894220972,-0.270376493571209,0.1447507516104938,1.340633153201637,0.1153245295984775,0.8987384588068987,0.7836212693807683,0.2607062228398966,-0.6383116493624859,0.0589388532604954,0.6279054331465134,0.9533939132206656
-0.307276750864252,-0.8580067619510949,-0.8925916317762641,-1.0646114089933325,-0.4422571986205126,-0.4770269206484878,1.0685202937070102,-0.1237380003493169,2.142008423893407,0.2145210140329482,0.9872280837476723,-0.3616821166278091,-0.3242123322201614,-0.2266083655811306,-0.5506201772224562,-0.4684396830725553,-0.4249430917893408,-0.2968364669508921,-0.3019339255063415,-0.2648609196163668,-0.2506821295079583,-0.162435292576479,-0.162435292576479,-0.0507673082566809,1.444749662502673,-0.6860753842634565,-0.6040796973096797,1.0103361919575191,1.3152279503582291,-0.4806377619661694,-0.270376493571209,-0.7206452858225021,0.3014754996931336,-0.8067976084037375,0.1982941603328017,2.4673850477131065,-0.4109144439463271,0.1104415642199564,0.8573790146214152,0.6279054331465134,1.171933407357938
-0.3261687890319167,-0.8526159584681888,2.145367084877477,1.3424556982059994,1.5729972237255545,0.8923151854319499,-0.0384155098935941,-0.9327141707003136,0.173630720238664,-0.5878700865325985,0.9872280837476723,-0.3616821166278091,-0.3242123322201614,-0.2266083655811306,-0.5506201772224562,-0.4684396830725553,-0.4249430917893408,-0.2968364669508921,-0.3019339255063415,-0.2648609196163668,-0.2506821295079583,-0.162435292576479,-0.162435292576479,-0.0507673082566809,1.444749662502673,-0.6860753842634565,-0.6040796973096797,-0.9897695519176712,-0.760324474345021,-0.4806377619661694,3.698546374323143,2.617215491111141,1.105984650796491,-0.8067976084037375,-0.3270390635227709,0.9099035527556936,-1.082535110732551,-0.7839861826784625,-0.1074294989895041,0.6279054331465134,0.5957275047412827
0.9746810888365744,1.4003763180038755,-0.3901212408806089,-0.5338691510579526,-0.2874863726250308,-0.2178362329545222,1.7326817758673727,-0.1237380003493169,1.460646911089842,1.8193032151640416,-1.0129371484286014,-0.3616821166278091,3.0843984038242387,-0.2266083655811306,-0.5506201772224562,-0.4684396830725553,-0.4249430917893408,-0.2968364669508921,-0.3019339255063415,-0.2648609196163668,-0.2506821295079583,-0.162435292576479,-0.162435292576479,-0.0507673082566809,1.444749662502673,-0.6860753842634565,-0.6040796973096797,1.0103361919575191,1.3152279503582291,-0.4806377619661694,-0.270376493571209,0.7628483928146726,-1.6427549488066469,0.1153245295984775,0.0231830857142775,1.7096913474635542,-0.4109144439463271,0.8809005622686207,1.5184038992108329,0.6279054331465134,1.0299129625915149
0.617791928310857,0.7303429898579482,1.2936979074175268,0.6049169858547945,-0.5940693613390058,-1.135556278122286,-0.8589666879617776,-0.9327141707003136,-0.0899419151818513,-0.5878700865325985,-0.4257049490802506,-0.3616821166278091,2.083658091449211,-0.2266083655811306,-0.5506201772224562,-0.4684396830725553,-0.4249430917893408,-0.2968364669508921,-0.3019339255063415,-0.2648609196163668,-0.2506821295079583,-0.162435292576479,-0.162435292576479,-0.0507673082566809,1.444749662502673,-0.6860753842634565,-0.6040796973096797,-0.9897695519176712,-0.760324474345021,2.08056894220972,-0.270376493571209,1.3514926350068692,-1.2021828724800772,-0.1554030095347104,-0.4202052960178702,0.4702529671335973,-1.082535110732551,0.0095390598299762,-0.9114289109351495,0.6279054331465134,0.443133300363098
0.5507785914271016,1.2709989347317991,-0.9577281753096653,0.049511010525342,0.0852050472252802,0.0909178913958979,2.1754560973076145,1.4942143403526764,1.0869413949376532,1.8193032151640416,-1.0129371484286014,2.7648588471103626,-0.3242123322201614,-0.2266083655811306,-0.5506201772224562,-0.4684396830725553,2.353256281421644,-0.2968364669508921,-0.3019339255063415,-0.2648609196163668,-0.2506821295079583,-0.162435292576479,-0.162435292576479,-0.0507673082566809,-0.6921614352674402,-0.6860753842634565,-0.6040796973096797,1.0103361919575191,1.3152279503582291,2.08056894220972,-0.270376493571209,0.7628483928146726,0.1673906411759073,1.129658881400914,1.2489606080439473,0.3827397267073815,0.2607062228398966,0.4207247529221192,1.969568603011214,0.6279054331465134,0.93390581509599
-2.140241760405528,0.2202609269341516,-0.5933101740191455,-1.0292169565404234,-0.5970651934022564,-0.1825679348705607,0.6257459722667684,-0.9327141707003136,-0.6591444620768042,0.2145210140329482,-1.0129371484286014,-0.3616821166278091,-0.3242123322201614,4.412899750790439,-0.5506201772224562,-0.4684396830725553,-0.4249430917893408,-0.2968364669508921,-0.3019339255063415,-0.2648609196163668,-0.2506821295079583,-0.162435292576479,-0.162435292576479,-0.0507673082566809,1.444749662502673,-0.6860753842634565,-0.6040796973096797,1.0103361919575191,-0.760324474345021,-0.4806377619661694,-0.270376493571209,-0.3497718661632084,-1.8774034512117928,1.6829321642022432,0.5485163095698503,-0.4792015643684856,-1.082535110732551,0.3154198457724809,0.7108226763426962,-1.592596507707975,-0.161693561127958
0.0787522859534955,1.128106403818799,-0.4552980916810481,0.7428443528055423,1.3296160112811708,1.739449966628169,1.7326817758673727,1.4942143403526764,2.217715258649359,1.8193032151640416,-1.0129371484286014,-0.3616821166278091,-0.3242123322201614,-0.2266083655811306,1.816133954706112,-0.4684396830725553,2.353256281421644,-0.2968364669508921,-0.3019339255063415,-0.2648609196163668,-0.2506821295079583,-0.162435292576479,-0.162435292576479,-0.0507673082566809,-0.6921614352674402,-0.6860753842634565,-0.6040796973096797,1.0103361919575191,1.3152279503582291,2.08056894220972,-0.270376493571209,-0.1025476446183232,-0.1678215051171582,1.8673565918026864,1.2489606080439473,1.1372116628305593,0.2607062228398966,-0.2063665468221609,1.4753040509666802,-1.592596507707975,1.1857423081711758
-0.317947516147258,-0.8542348081540633,-0.7434950510027178,-1.1592758617076202,-0.3058105842522576,1.3487509603390768,-0.259802670613715,-0.9327141707003136,-0.4925894256137105,1.8193032151640416,0.9872280837476723,-0.3616821166278091,-0.3242123322201614,-0.2266083655811306,-0.5506201772224562,-0.4684396830725553,-0.4249430917893408,-0.2968364669508921,-0.3019339255063415,-0.2648609196163668,-0.2506821295079583,-0.162435292576479,-0.162435292576479,-0.0507673082566809,1.444749662502673,-0.6860753842634565,-0.6040796973096797,1.0103361919575191,-0.760324474345021,-0.4806377619661694,-0.270376493571209,-0.3497718661632084,-0.0002154319706254,-0.8067976084037375,0.5485163095698503,-0.2013805409436497,-1.082535110732551,0.911592737826482,-0.2683804743222961,0.6279054331465134,0.0894447245664814
-0.2195180407139187,-0.8695370056911885,-0.8583707620610057,-0.8226795056884906,-0.0940228401306786,0.0127641775944568,-0.0384155098935941,-0.1237380003493169,-0.924118383722635,-1.3902611870981454,0.9872280837476723,-0.3616821166278091,-0.3242123322201614,-0.2266083655811306,-0.5506201772224562,2.134746555716359,-0.4249430917893408,-0.2968364669508921,-0.3019339255063415,-0.2648609196163668,-0.2506821295079583,-0.162435292576479,-0.162435292576479,-0.0507673082566809,-0.6921614352674402,-0.6860753842634565,-0.6040796973096797,-0.9897695519176712,-0.760324474345021,-0.4806377619661694,-0.270376493571209,-1.0915187054817956,0.8210543264473853,-0.8067976084037375,0.8987384588068987,-0.9422366034098788,-1.7541557775187746,-0.9560852880068772,0.2092076478377065,0.6279054331465134,-1.3532992073784889
1.2652594325329187,-0.4108469889281994,0.0493891989016969,-0.4726444275841837,-0.8149857872570858,-0.7190703983272727,-0.259802670613715,-0.9327141707003136,-0.6591444620768042,1.8193032151640416,-1.0129371484286014,-0.3616821166278091,-0.3242123322201614,-0.2266083655811306,1.816133954706112,-0.4684396830725553,-0.4249430917893408,3.368858315395045,-0.3019339255063415,-0.2648609196163668,-0.2506821295079583,-0.162435292576479,-0.162435292576479,-0.0507673082566809,-0.6921614352674402,-0.6860753842634565,-0.6040796973096797,1.0103361919575191,-0.760324474345021,-0.4806377619661694,-0.270376493571209,-1.0915187054817956,-0.7041609391860632,-0.2535243256024084,-0.1519279889042467,-0.4792015643684856,-1.082535110732551,2.530097373194093,-0.2371709419258537,-1.592596507707975,-0.161693561127958
0.9713567999963564,1.3977278054960416,-0.5580010080938613,-0.5635041511886423,-0.6581706780171873,-1.1955402360513243,-0.4811898313338359,-0.1237380003493169,3.2019041104767303,-0.5878700865325985,-1.0129371484286014,-0.3616821166278091,3.0843984038242387,-0.2266083655811306,-0.5506201772224562,-0.4684396830725553,-0.4249430917893408,-0.2968364669508921,-0.3019339255063415,-0.2648609196163668,-0.2506821295079583,-0.162435292576479,6.156297588648554,-0.0507673082566809,-0.6921614352674402,-0.6860753842634565,-0.6040796973096797,1.0103361919575191,1.3152279503582291,-0.4806377619661694,-0.270376493571209,-0.3497718661632084,-1.475148875660114,0.1153245295984775,-1.4652610485431783,3.6460196925457433,-0.4109144439463271,-0.2681443144678432,-0.6061753223290638,0.6279054331465134,1.3402707650873131
-0.1976441021788574,-0.8649457188832864,-0.5900049781220299,-0.2364370708299113,-0.0940228401306786,0.0127641775944568,-0.7025769920539569,0.6852381700016797,3.1261972757207785,-1.3902611870981454,0.9872280837476723,-0.3616821166278091,-0.3242123322201614,-0.2266083655811306,-0.5506201772224562,-0.4684396830725553,-0.4249430917893408,-0.2968364669508921,-0.3019339255063415,-0.2648609196163668,-0.2506821295079583,-0.162435292576479,-0.162435292576479,-0.0507673082566809,1.444749662502673,1.4575657762062992,-0.6040796973096797,-0.9897695519176712,-0.760324474345021,2.08056894220972,-0.270376493571209,0.1447507516104938,-1.7768398073238731,-0.8067976084037375,-1.3777055112339165,2.425290953254798,0.9323268896261204,-0.9560852880068772,-0.8095750617384382,0.6279054331465134,1.329755944255708
-0.902959159434918,0.5608987466307617,-0.8925916317762641,-1.2883923110402715,-1.0308620978674985,-1.54429292331748,-0.9239641527740776,-0.9327141707003136,-0.9608361985792716,-0.5878700865325985,-1.0129371484286014,-0.3616821166278091,-0.3242123322201614,-0.2266083655811306,1.816133954706112,-0.4684396830725553,2.353256281421644,-0.2968364669508921,-0.3019339255063415,-0.2648609196163668,-0.2506821295079583,-0.162435292576479,-0.162435292576479,-0.0507673082566809,-0.6921614352674402,-0.6860753842634565,1.6554107089736416,-0.9897695519176712,-0.760324474345021,-0.4806377619661694,-0.270376493571209,-1.0915187054817956,-0.1510608978025049,1.5907199504020215,1.2489606080439473,-0.9824364636175632,-0.4109144439463271,0.2964050644536896,-0.6987552364272354,-1.592596507707975,-3.362665937564941
2.3335787893223725,-0.8590161492441851,0.6415071003931777,0.0401249506955187,0.385949978544948,-0.21848558598076,-0.8343093998842366,-0.9327141707003136,-0.0428619083403682,-0.5878700865325985,-1.0129371484286014,-0.3616821166278091,-0.3242123322201614,-0.2266083655811306,1.816133954706112,1.3602572173309235,-0.4249430917893408,-0.2968364669508921,-0.3019339255063415,-0.2648609196163668,1.0107251834561324,-0.162435292576479,-0.162435292576479,-0.0507673082566809,-0.6921614352674402,1.4575657762062992,-0.6040796973096797,-0.9897695519176712,-0.760324474345021,-0.4806377619661694,-0.270376493571209,1.8754686517925536,-1.81036102195318,1.959568805602908,0.4038043070001457,0.5487844601542089,0.2607062228398966,-0.5899014800850553,-0.866656961124957,-1.592596507707975,0.2658724026596244
-0.2197077224208018,-0.8683194765807131,-0.7092741812874593,-1.0426207728539512,-0.8149857872570858,-0.9401407164945894,-0.259802670613715,-0.1237380003493169,-0.8862649663446591,1.016912114598495,0.9872280837476723,-0.3616821166278091,-0.3242123322201614,-0.2266083655811306,-0.5506201772224562,-0.4684396830725553,-0.4249430917893408,-0.2968364669508921,-0.3019339255063415,-0.2648609196163668,-0.2506821295079583,-0.162435292576479,-0.162435292576479,-0.0507673082566809,1.444749662502673,1.4575657762062992,-0.6040796973096797,1.0103361919575191,-0.760324474345021,-0.4806377619661694,-0.270376493571209,2.2463420714518474,0.8210543264473853,-0.8067976084037375,-0.8523722873783437,-0.9001425089515701,0.9323268896261204,1.658551707893851,-0.126290742881854,0.6279054331465134,-0.9560975640618568
-0.2195180407139187,-0.8695370056911885,1.4628844393901324,1.1358833415824163,1.169715892781516,0.6750360354018636,-0.0384155098935941,-0.1237380003493169,0.0222170507267607,0.2145210140329482,0.9872280837476723,-0.3616821166278091,-0.3242123322201614,-0.2266083655811306,-0.5506201772224562,-0.4684396830725553,-0.4249430917893408,-0.2968364669508921,-0.3019339255063415,-0.2648609196163668,-0.2506821295079583,-0.162435292576479,-0.162435292576479,-0.0507673082566809,1.444749662502673,1.4575657762062992,-0.6040796973096797,-0.9897695519176712,-0.760324474345021,2.08056894220972,-0.270376493571209,-0.3497718661632084,0.8210543264473853,-0.8067976084037375,-0.6772612127598194,0.1101157580478328,0.9323268896261204,-0.5579234824417812,-0.0966047305591529,0.6279054331465134,0.5137247645196329
0.5525223639406577,1.270562833923735,-0.4530811919939583,-0.476484062465663,0.0210517221368552,0.0870919418996104,0.4043588115466475,-0.1237380003493169,-0.8711235993934688,0.2145210140329482,-1.0129371484286014,2.7648588471103626,-0.3242123322201614,-0.2266083655811306,-0.5506201772224562,-0.4684396830725553,-0.4249430917893408,3.368858315395045,-0.3019339255063415,-0.2648609196163668,-0.2506821295079583,-0.162435292576479,-0.162435292576479,-0.0507673082566809,-0.6921614352674402,-0.6860753842634565,1.6554107089736416,1.0103361919575191,-0.760324474345021,-0.4806377619661694,-0.270376493571209,2.617215491111141,0.1673906411759073,1.129658881400914,-0.1519279889042467,-0.8833048711682469,0.2607062228398966,-0.2366579165509761,0.6260273248465238,0.6279054331465134,-0.8516198105932681
-0.310443657537703,-0.8479688431587161,1.6903322167399013,1.3102547891579706,0.7299109103385742,0.1768327936120713,-0.8761651394954874,-0.0364062359803004,2.3278990912673176,-0.6744909699338767,0.9872280837476723,-0.3616821166278091,-0.3242123322201614,-0.2266083655811306,-0.5506201772224562,1.8537236337235623,-0.4249430917893408,-0.2968364669508921,-0.3019339255063415,-0.2648609196163668,-0.2506821295079583,-0.162435292576479,-0.162435292576479,-0.0507673082566809,-0.4614745209829001,-0.454661936526616,-0.6040796973096797,-0.9897695519176712,-0.760324474345021,2.08056894220972,3.698546374323143,-0.9046817461405092,0.0114015725517654,-0.8067976084037375,0.8798346150751915,2.566815635480394,-0.1934031501648763,-0.7514382686520327,-0.964582901022352,0.6279054331465134,1.2050156393665348
-0.0870152465318714,-0.321656002921235,0.1526410828799919,0.403063342224549,0.1684179802618445,-0.316034105667654,0.1860786822626777,-0.1237380003493169,-0.3477065383180007,0.0111079735827742,0.9872280837476723,-0.3616821166278091,-0.3242123322201614,-0.2266083655811306,-0.5506201772224562,-0.4684396830725553,2.353256281421644,-0.2968364669508921,-0.3019339255063415,-0.2648609196163668,-0.2506821295079583,-0.162435292576479,-0.162435292576479,-0.0507673082566809,-0.6921614352674402,0.9141343176844432,-0.6040796973096797,-0.4827255551725027,-0.2341540955546222,-0.4806377619661694,-0.270376493571209,-0.814664885319403,0.4459400720231484,-0.8067976084037375,1.2489606080439473,-0.3012499673798178,0.0904446113092252,-0.3809031033341133,0.1684290131953532,0.6279054331465134,0.2235719183046279
0.2626704232302915,-0.1669546466387309,0.580558363928405,-0.0126561687829717,-0.0940228401306786,0.0127641775944568,-1.3667384742143194,-0.9327141707003136,-0.8181288150643027,-1.3902611870981454,-1.0129371484286014,-0.3616821166278091,-0.3242123322201614,-0.2266083655811306,1.816133954706112,-0.4684396830725553,-0.4249430917893408,-0.2968364669508921,-0.3019339255063415,-0.2648609196163668,-0.2506821295079583,-0.162435292576479,-0.162435292576479,-0.0507673082566809,1.444749662502673,-0.6860753842634565,-0.6040796973096797,1.0103361919575191,-0.760324474345021,-0.4806377619661694,-0.270376493571209,-1.0915187054817956,-1.86064284389714,-0.714585394603516,0.1982941603328017,-0.7443943594558289,-1.082535110732551,-0.9560852880068772,-1.4221629647615412,-1.592596507707975,-0.5882888141062067
-0.2463156245489176,-0.7265164804853175,-0.8122980901884995,-0.9325093201697844,-0.6237583616287161,-1.132601982059807,-0.6899379334984784,2.3955598888897827,-0.946789199664856,-0.5420613410233519,0.873038058418844,-0.3616821166278091,-0.1296137360524203,-0.2266083655811306,-0.5506201772224562,-0.4684396830725553,-0.4249430917893408,3.368858315395045,-0.3019339255063415,-0.2648609196163668,-0.2506821295079583,-0.162435292576479,-0.162435292576479,-0.0507673082566809,-0.6921614352674402,1.4575657762062992,1.6554107089736416,-0.9897695519176712,-0.760324474345021,-0.4806377619661694,-0.270376493571209,-0.3921184128418595,-0.0844198189801859,-0.7541533825163702,-0.1519279889042467,-0.976163682953273,1.603947556412344,-0.21209266727593,-0.5323113470415863,0.6279054331465134,-1.89343997745732
0.2272749368081527,0.4484368696653411,-0.7394958084180301,-1.0655889503092075,-1.1967850838683114,-1.6995583363775657,-1.0092198455090255,-0.6211792850050607,-0.5105513020604568,-0.5878700865325985,-0.2426780606889759,1.560835023593918,-0.3242123322201614,-0.2266083655811306,-0.5506201772224562,-0.4684396830725553,-0.4249430917893408,-0.2968364669508921,-0.3019339255063415,-0.2648609196163668,3.989115626083163,-0.162435292576479,-0.162435292576479,-0.0507673082566809,-0.6921614352674402,-0.6860753842634565,-0.6040796973096797,1.0103361919575191,-0.760324474345021,-0.4806377619661694,-0.270376493571209,-0.6354168891824536,0.4384784570641026,0.3839338856406855,-0.7648167500690816,-0.3529192809935602,-1.082535110732551,0.2897418272859995,-1.0468022006420057,0.6279054331465134,0.0556537900720049
0.9894624905619098,1.3827932089440684,0.5982129468910472,0.14417546323963,-0.0940228401306786,0.0127641775944568,-0.4811898313338359,-0.1237380003493169,0.173630720238664,-1.3902611870981454,-1.0129371484286014,-0.3616821166278091,3.0843984038242387,-0.2266083655811306,-0.5506201772224562,-0.4684396830725553,-0.4249430917893408,-0.2968364669508921,3.3119829059387924,-0.2648609196163668,-0.2506821295079583,-0.162435292576479,-0.162435292576479,-0.0507673082566809,-0.6921614352674402,-0.6860753842634565,-0.6040796973096797,-0.9897695519176712,1.3152279503582291,-0.4806377619661694,-0.270376493571209,1.8754686517925536,-0.1845821124318115,0.1153245295984775,-1.027483361996868,0.2784921358810667,-1.082535110732551,-0.9560852880068772,-0.5456739875801833,0.6279054331465134,0.5957275047412827
0.987267952314753,1.3971893457494902,-1.3295833664005103,-0.3348237639720936,-1.0115603459192628,-1.3522644211781676,-0.711917085876296,1.5112792715495384,-0.035751562969981,-0.19513754753864,-1.0129371484286014,-0.3616821166278091,3.0843984038242387,-0.2266083655811306,-0.5506201772224562,-0.4684396830725553,2.353256281421644,-0.2968364669508921,-0.3019339255063415,-0.2648609196163668,-0.2506821295079583,-0.162435292576479,-0.162435292576479,-0.0507673082566809,-0.6921614352674402,1.4575657762062992,-0.6040796973096797,0.0313789147707986,0.2555603890267737,0.7729519290341191,-0.270376493571209,-0.7128219040948489,-1.5742982944021036,0.1153245295984775,1.2489606080439473,-0.3529315074649034,1.2610534788440948,0.6216849531840558,-0.7643739684083355,0.6279054331465134,0.4773280020617561
0.7469846139598099,1.320132678692374,0.3773414349602615,1.828369449866144,-1.2572358008328053,-1.5557852309980205,0.390822703639593,0.4470360329311323,0.1037534790051334,-0.8241332571006194,-1.0129371484286014,-0.3616821166278091,2.0807367490994704,-0.2266083655811306,0.1462679547250248,-0.4684396830725553,-0.4249430917893408,-0.2968364669508921,-0.3019339255063415,-0.2648609196163668,-0.2506821295079583,-0.162435292576479,6.156297588648554,-0.0507673082566809,-0.6921614352674402,-0.0548826195683759,-0.6040796973096797,-0.9897695519176712,0.704083838472015,-0.4806377619661694,-0.270376493571209,-0.5681784011966834,0.6988758966572293,0.1424763137872365,-1.4652610485431783,-0.0815025709404313,-0.6870191882800709,-0.0723893321561692,0.3202489677192608,-0.0259189031764554,0.3719626358139875
0.5413820714736259,1.2697973152576123,-1.2415719497912316,0.8489928043926182,0.8285807724677478,0.1957141262351248,-0.259802670613715,1.4942143403526764,-0.0989138848827619,-0.5878700865325985,-1.0129371484286014,2.7648588471103626,-0.3242123322201614,-0.2266083655811306,-0.5506201772224562,-0.4684396830725553,-0.4249430917893408,-0.2968364669508921,3.3119829059387924,-0.2648609196163668,-0.2506821295079583,-0.162435292576479,-0.162435292576479,-0.0507673082566809,-0.6921614352674402,1.4575657762062992,-0.6040796973096797,-0.9897695519176712,1.3152279503582291,-0.4806377619661694,-0.270376493571209,0.3919749731553789,0.1673906411759073,1.129658881400914,-1.027483361996868,-0.4084834856785274,0.9323268896261204,-0.7265653406987288,-0.3091203615721767,0.6279054331465134,0.4384637690471194
0.9707923540075027,1.4002795343831154,-0.0522254213010903,0.1145404631089402,-0.1001185210776668,-0.6733329111671056,-0.259802670613715,2.303190510703673,-0.8727891497580997,-0.5878700865325985,-1.0129371484286014,-0.3616821166278091,3.0843984038242387,-0.2266083655811306,-0.5506201772224562,2.134746555716359,-0.4249430917893408,-0.2968364669508921,-0.3019339255063415,-0.2648609196163668,-0.2506821295079583,-0.162435292576479,-0.162435292576479,-0.0507673082566809,-0.6921614352674402,-0.6860753842634565,1.6554107089736416,-0.9897695519176712,-0.760324474345021,-0.4806377619661694,-0.270376493571209,1.8754686517925536,-1.6427549488066469,0.1153245295984775,0.8987384588068987,-0.9347438545962996,-0.4109144439463271,-0.5629060443475572,-0.1404627464012146,0.6279054331465134,-0.8622230618798417
0.5541195358802107,1.2710374139549028,-0.4232538143858414,-0.8169200533662718,-0.5288233018249979,-0.3855519463281536,1.511294615147252,-0.1237380003493169,-0.5455842099428767,0.2145210140329482,-1.0129371484286014,2.7648588471103626,-0.3242123322201614,-0.2266083655811306,-0.5506201772224562,-0.4684396830725553,2.353256281421644,-0.2968364669508921,-0.3019339255063415,-0.2648609196163668,-0.2506821295079583,-0.162435292576479,-0.162435292576479,-0.0507673082566809,-0.6921614352674402,-0.6860753842634565,-0.6040796973096797,1.0103361919575191,-0.760324474345021,-0.4806377619661694,-0.270376493571209,-0.3497718661632084,0.1673906411759073,1.129658881400914,1.2489606080439473,-0.5212956588267941,-1.082535110732551,0.2161097072767605,1.5994256312714183,0.6279054331465134,0.0207936569884482
1.0062125974918212,1.3940974971450726,2.041883065673275,2.039596643308053,1.3545500787325953,0.7218482430913391,-1.1170822869460393,0.6852381700016797,2.8401700752514074,-0.5366412455056117,-1.0129371484286014,-0.3616821166278091,3.0843984038242387,-0.2266083655811306,-0.5506201772224562,-0.3022386697555301,-0.4249430917893408,-0.2968364669508921,-0.3019339255063415,-0.2648609196163668,-0.2506821295079583,-0.162435292576479,-0.162435292576479,-0.0507673082566809,1.3083180908672063,1.4575657762062992,-0.6040796973096797,-0.8620723489976405,1.3152279503582291,-0.4806377619661694,-0.270376493571209,0.1289619296535883,-1.3267556812243149,0.1153245295984775,0.6528418560380644,2.186738066325589,0.9752066627753736,-0.7588749660828317,-1.1897602072542874,0.6279054331465134,1.2800692100367326
-0.282627223297776,-0.8653780941848531,-0.2288921727286258,-0.7136338750544803,-0.0940228401306786,0.0127641775944568,-0.4811898313338359,-0.1237380003493169,-0.3941705404309734,-1.3902611870981454,0.9872280837476723,-0.3616821166278091,-0.3242123322201614,-0.2266083655811306,-0.5506201772224562,2.134746555716359,-0.4249430917893408,-0.2968364669508921,-0.3019339255063415,-0.2648609196163668,-0.2506821295079583,-0.162435292576479,-0.162435292576479,-0.0507673082566809,-0.6921614352674402,-0.6860753842634565,1.6554107089736416,1.0103361919575191,-0.760324474345021,-0.4806377619661694,-0.270376493571209,-0.3497718661632084,0.8713361483913451,-0.8067976084037375,0.8987384588068987,-0.3529192809935602,0.2607062228398966,-0.9560852880068772,-0.5095764907928555,0.6279054331465134,0.1985253265866162
0.9670699154693988,1.3784481546931486,0.0107345298122589,0.1183451922187698,-0.0940228401306786,0.0127641775944568,-0.7025769920539569,-0.1237380003493169,0.2569082384702108,-1.3902611870981454,-1.0129371484286014,-0.3616821166278091,3.0843984038242387,-0.2266083655811306,-0.5506201772224562,2.134746555716359,-0.4249430917893408,-0.2968364669508921,-0.3019339255063415,-0.2648609196163668,-0.2506821295079583,-0.162435292576479,-0.162435292576479,-0.0507673082566809,-0.6921614352674402,-0.6860753842634565,-0.6040796973096797,-0.9897695519176712,1.3152279503582291,2.08056894220972,-0.270376493571209,0.0211015534960852,-0.2013427197464648,0.1153245295984775,0.8987384588068987,0.3710991436893454,-0.4109144439463271,-0.9560852880068772,-0.767440335414011,0.6279054331465134,0.6362811285393942
0.5525223639406577,1.270562833923735,-0.3249846973472078,-0.6228090572216716,-1.0909268564670898,-0.904872418410628,-0.259802670613715,-0.1237380003493169,-0.7945082826204457,0.2145210140329482,-1.0129371484286014,2.7648588471103626,-0.3242123322201614,-0.2266083655811306,-0.5506201772224562,-0.4684396830725553,-0.4249430917893408,-0.2968364669508921,-0.3019339255063415,-0.2648609196163668,-0.2506821295079583,-0.162435292576479,-0.162435292576479,-0.0507673082566809,1.444749662502673,-0.6860753842634565,1.6554107089736416,1.0103361919575191,-0.760324474345021,-0.4806377619661694,-0.270376493571209,0.3919749731553789,0.1673906411759073,1.129658881400914,-1.6403721231617028,-0.7981064239846305,0.2607062228398966,1.5488954169142566,-0.1921989734525582,0.6279054331465134,-0.5011617691853576
3.3280986632947864,4.422848715840584,-0.3514665717911709,-0.6859186923645303,-1.0614148401749637,-0.9458796407390212,0.4043588115466475,-0.1237380003493169,-0.5228721595160912,0.2145210140329482,-1.0129371484286014,-0.3616821166278091,-0.3242123322201614,-0.2266083655811306,1.816133954706112,-0.4684396830725553,-0.4249430917893408,-0.2968364669508921,3.3119829059387924,-0.2648609196163668,-0.2506821295079583,-0.162435292576479,-0.162435292576479,-0.0507673082566809,-0.6921614352674402,-0.6860753842634565,1.6554107089736416,1.0103361919575191,-0.760324474345021,-0.4806377619661694,-0.270376493571209,1.1337218124739663,0.5361240020982795,1.4985077366018005,-1.027483361996868,-0.4960392021518089,0.2607062228398966,1.5488954169142566,0.4313175473780496,-1.592596507707975,0.051227794472167
1.7642306740642488,-0.8830790229400692,0.9096268920266024,0.2723145509660869,1.4792947135587418,0.8046313792488465,-0.0384155098935941,-0.9327141707003136,0.0222170507267607,-0.5878700865325985,-1.0129371484286014,-0.3616821166278091,-0.3242123322201614,-0.2266083655811306,1.816133954706112,2.134746555716359,-0.4249430917893408,-0.2968364669508921,-0.3019339255063415,-0.2648609196163668,-0.2506821295079583,-0.162435292576479,-0.162435292576479,-0.0507673082566809,-0.6921614352674402,-0.6860753842634565,-0.6040796973096797,-0.9897695519176712,-0.760324474345021,-0.4806377619661694,3.698546374323143,1.1337218124739663,-0.5197942587248772,1.314083309001357,0.8987384588068987,0.657338986005843,-1.082535110732551,-0.7783904202447828,-0.0966047305591529,-1.592596507707975,0.5137247645196329
-1.3013839217813117,-0.4043537669727142,0.7550485229358888,0.138450916689061,0.7043626887797314,0.2595727014640729,1.511294615147252,-0.9327141707003136,-0.8862649663446591,0.2145210140329482,0.9872280837476723,-0.3616821166278091,-0.3242123322201614,-0.2266083655811306,-0.5506201772224562,-0.4684396830725553,-0.4249430917893408,-0.2968364669508921,-0.3019339255063415,3.775566442374484,-0.2506821295079583,-0.162435292576479,-0.162435292576479,-0.0507673082566809,-0.6921614352674402,-0.6860753842634565,1.6554107089736416,-0.9897695519176712,-0.760324474345021,-0.4806377619661694,-0.270376493571209,1.8754686517925536,0.9551391849646116,-0.8067976084037375,-1.727927660470965,-0.8580484144932617,-0.4109144439463271,-0.4699815964812097,1.947104812125646,0.6279054331465134,-0.9560975640618568
1.0017154091506906,1.3961259702823103,0.6214299327049329,0.0227382836699369,-1.4025499604887322,1.4726421613006848,-0.9239641527740776,-0.9327141707003136,0.7035785635303257,1.016912114598495,-1.0129371484286014,-0.3616821166278091,3.0843984038242387,-0.2266083655811306,-0.5506201772224562,-0.4684396830725553,-0.4249430917893408,3.368858315395045,-0.3019339255063415,-0.2648609196163668,-0.2506821295079583,-0.162435292576479,-0.162435292576479,-0.0507673082566809,-0.6921614352674402,-0.6860753842634565,-0.6040796973096797,-0.9897695519176712,-0.760324474345021,2.08056894220972,-0.270376493571209,1.1337218124739663,1.524999833662823,0.1153245295984775,-0.1519279889042467,1.7938795363801714,-1.082535110732551,2.801385769374823,-0.9932918175334284,0.6279054331465134,0.8151980115612922
-0.2755640481769254,-0.8653556439203111,0.0471722992146071,1.0421613447026734,1.555676569327405,1.563143257567419,2.3968432580277352,1.4942143403526764,0.7868560817618725,1.016912114598495,0.9872280837476723,-0.3616821166278091,-0.3242123322201614,-0.2266083655811306,-0.5506201772224562,-0.4684396830725553,-0.4249430917893408,-0.2968364669508921,-0.3019339255063415,-0.2648609196163668,-0.2506821295079583,-0.162435292576479,-0.162435292576479,-0.0507673082566809,1.444749662502673,1.4575657762062992,-0.6040796973096797,1.0103361919575191,1.3152279503582291,2.08056894220972,-0.270376493571209,-0.3497718661632084,0.8713361483913451,-0.8067976084037375,0.8111829214976366,0.1825176005161234,2.275568223198568,-0.4367650096870252,2.2133361064445727,0.6279054331465134,0.8431568073673167
-0.0161666798915859,-0.4903935306356135,0.0886671009810672,0.375572632071108,-0.12397970746505,0.3259938996796055,-0.9239641527740776,0.3693850201362959,1.4521115977626844,0.0386941209832271,0.9872280837476723,-0.3616821166278091,-0.3242123322201614,-0.2266083655811306,-0.5506201772224562,-0.4684396830725553,-0.4249430917893408,-0.2968364669508921,-0.3019339255063415,3.775566442374484,-0.2506821295079583,-0.162435292576479,-0.162435292576479,-0.0507673082566809,-0.6921614352674402,-0.6860753842634565,-0.6040796973096797,1.0103361919575191,1.3152279503582291,1.080582496849653,-0.270376493571209,0.4097107594048186,0.7490709987696066,-0.8067976084037375,-1.727927660470965,1.276825364515784,-0.0015184395096484,0.6788389335926102,-1.001976258137884,0.6279054331465134,1.0273379880524178
0.5473586042681919,1.2708668847505975,1.2641293056257752,0.5793108126261766,-0.0940228401306786,0.0127641775944568,-0.0384155098935941,-0.9327141707003136,0.173630720238664,-1.3902611870981454,-1.0129371484286014,2.7648588471103626,-0.3242123322201614,-0.2266083655811306,-0.5506201772224562,-0.4684396830725553,-0.4249430917893408,-0.2968364669508921,-0.3019339255063415,-0.2648609196163668,3.989115626083163,-0.162435292576479,-0.162435292576479,-0.0507673082566809,-0.6921614352674402,-0.6860753842634565,-0.6040796973096797,-0.9897695519176712,-0.760324474345021,2.08056894220972,-0.270376493571209,1.1337218124739663,0.1673906411759073,1.129658881400914,-0.7648167500690816,0.9099035527556936,-1.082535110732551,-0.9560852880068772,-0.1074294989895041,0.6279054331465134,0.5957275047412827
0.9704355964957884,1.4003445429247308,0.0140397257093745,-0.2402767057113906,0.7043626887797314,0.7874841692336662,-0.7025769920539569,0.6852381700016797,-0.933581738067129,1.016912114598495,0.9872280837476723,-0.3616821166278091,-0.3242123322201614,-0.2266083655811306,-0.5506201772224562,-0.4684396830725553,-0.4249430917893408,-0.2968364669508921,-0.3019339255063415,-0.2648609196163668,-0.2506821295079583,-0.162435292576479,-0.162435292576479,-0.0507673082566809,1.444749662502673,-0.6860753842634565,1.6554107089736416,-0.9897695519176712,-0.760324474345021,-0.4806377619661694,-0.270376493571209,-1.0915187054817956,0.804293719132732,-0.8067976084037375,-0.0643724515949846,-0.9606527697353886,-0.4109144439463271,-0.2269297507183757,-0.5895161220742957,0.6279054331465134,-1.5181526399366077
-0.2717995843040784,-0.8627236503867556,-0.4426997154732416,0.0818545803928205,-1.1641199676122205,0.1580179732446368,-0.002678976409588,1.4107705442939875,-0.3333007370131374,0.8046247898573538,0.9872280837476723,-0.3616821166278091,-0.3242123322201614,-0.2266083655811306,-0.5506201772224562,-0.4684396830725553,2.353256281421644,-0.2968364669508921,-0.3019339255063415,-0.2648609196163668,-0.2506821295079583,-0.162435292576479,-0.162435292576479,-0.0507673082566809,-0.6921614352674402,0.669315045412907,1.6554107089736416,1.0103361919575191,-0.760324474345021,-0.4806377619661694,-0.270376493571209,-0.6033965846645629,0.2169986996850264,-0.8067976084037375,1.2489606080439473,-0.5620307792495757,1.5346716246827423,2.470016408472717,-0.0312554611378938,0.6279054331465134,0.2184940977593119
-0.2195180407139187,-0.8695370056911885,0.933932174050514,0.2933627312709233,1.0241257569927789,0.3786988562348502,-1.1453513134941986,-0.9327141707003136,-0.8627958475703141,-0.5878700865325985,0.9872280837476723,-0.3616821166278091,-0.3242123322201614,-0.2266083655811306,-0.5506201772224562,-0.4684396830725553,-0.4249430917893408,-0.2968364669508921,-0.3019339255063415,-0.2648609196163668,-0.2506821295079583,-0.162435292576479,-0.162435292576479,-0.0507673082566809,1.444749662502673,1.4575657762062992,-0.6040796973096797,-0.9897695519176712,-0.760324474345021,-0.4806377619661694,-0.270376493571209,1.1337218124739663,0.8210543264473853,-0.8067976084037375,0.1107386230235396,-0.8189009066470349,0.2607062228398966,-0.7450603848536755,-1.1676276701325403,0.6279054331465134,-0.8013608986155604
-0.2178618335910733,-0.86861588194347,-0.6242258478372884,1.2860130654482544,-0.1489954750123592,-0.7190703983272727,-0.0384155098935941,3.1121666810546698,1.8451619248153208,-0.5878700865325985,0.9872280837476723,-0.3616821166278091,-0.3242123322201614,-0.2266083655811306,-0.5506201772224562,-0.4684396830725553,-0.4249430917893408,-0.2968364669508921,-0.3019339255063415,-0.2648609196163668,-0.2506821295079583,-0.162435292576479,-0.162435292576479,-0.0507673082566809,1.444749662502673,1.4575657762062992,-0.6040796973096797,-0.9897695519176712,-0.760324474345021,2.08056894220972,3.698546374323143,0.9853724446102486,0.8210543264473853,-0.8067976084037375,0.6360718468791124,0.3535038122057724,1.603947556412344,-0.5475757144711412,-0.171994196221567,0.6279054331465134,1.1143305182532004
-0.2295704956000753,-0.8676470911576911,-0.683880603053522,-1.107650225437549,-0.8149857872570858,0.0299113876096371,0.6257459722667684,-0.9327141707003136,-0.878694282869064,0.2145210140329482,0.9872280837476723,-0.3616821166278091,-0.3242123322201614,-0.2266083655811306,-0.5506201772224562,-0.4684396830725553,-0.4249430917893408,-0.2968364669508921,-0.3019339255063415,3.775566442374484,-0.2506821295079583,-0.162435292576479,-0.162435292576479,-0.0507673082566809,-0.6921614352674402,-0.6860753842634565,-0.6040796973096797,1.0103361919575191,-0.760324474345021,-0.4806377619661694,-0.270376493571209,2.617215491111141,0.8210543264473853,-0.8067976084037375,-1.727927660470965,-0.8454201861557692,-1.082535110732551,0.7870060425936081,0.895497228894146,0.6279054331465134,-0.901480911766072
0.5509673117335523,1.2708321133566198,0.620301329227869,0.0217609220637422,1.0292178807106898,0.8056052573024469,0.1829716508265267,-0.9327141707003136,-0.2049034535410942,1.016912114598495,-1.0129371484286014,2.7648588471103626,-0.3242123322201614,-0.2266083655811306,-0.5506201772224562,-0.4684396830725553,-0.4249430917893408,-0.2968364669508921,-0.3019339255063415,3.775566442374484,-0.2506821295079583,-0.162435292576479,-0.162435292576479,-0.0507673082566809,-0.6921614352674402,-0.6860753842634565,-0.6040796973096797,1.0103361919575191,-0.760324474345021,-0.4806377619661694,-0.270376493571209,-1.0915187054817956,0.1673906411759073,1.129658881400914,-1.727927660470965,0.2784921358810667,-1.082535110732551,-0.3243362374726976,0.1480241766299917,0.6279054331465134,0.3633791220702355
-0.2762068872766948,-0.8629632765567369,-0.3072898071175277,-0.7815256009133633,-0.0940228401306786,0.0127641775944568,-1.3667384742143194,-0.9327141707003136,-0.6591444620768042,-1.3902611870981454,0.9872280837476723,-0.3616821166278091,-0.3242123322201614,-0.2266083655811306,-0.5506201772224562,-0.4684396830725553,2.353256281421644,-0.2968364669508921,-0.3019339255063415,-0.2648609196163668,-0.2506821295079583,-0.162435292576479,-0.162435292576479,-0.0507673082566809,-0.6921614352674402,-0.6860753842634565,-0.6040796973096797,1.0103361919575191,-0.760324474345021,-0.4806377619661694,-0.270376493571209,0.3919749731553789,-0.9555700489058624,-0.8067976084037375,1.2489606080439473,-0.4792015643684856,-1.082535110732551,-0.9560852880068772,-1.4221629647615412,0.6279054331465134,-0.161693561127958
-0.1501085672440177,0.806375109760662,-0.988684156394846,-0.9919375924184252,-0.6958226585007182,-1.2307737527762288,-0.7025769920539569,1.4942143403526764,-0.9574521030656804,-0.5878700865325985,-1.0129371484286014,-0.3616821166278091,-0.3242123322201614,-0.2266083655811306,1.816133954706112,2.134746555716359,-0.4249430917893408,-0.2968364669508921,-0.3019339255063415,-0.2648609196163668,-0.2506821295079583,-0.162435292576479,-0.162435292576479,-0.0507673082566809,-0.6921614352674402,-0.6860753842634565,1.6554107089736416,-0.9897695519176712,-0.760324474345021,-0.4806377619661694,-0.270376493571209,-1.0915187054817956,-0.4359912221516107,0.023112315798256,0.8987384588068987,-0.981315076941194,-0.4109144439463271,-0.2314932044333927,-0.4619807507155706,-1.592596507707975,-2.571162503073356
-0.2731059811260766,-0.8634853335941973,0.809140875300879,0.1852944622431076,0.0842014899962029,-0.5008521516026432,-0.0384155098935941,-0.9327141707003136,0.2493375549946156,-0.5878700865325985,0.9872280837476723,-0.3616821166278091,-0.3242123322201614,-0.2266083655811306,-0.5506201772224562,2.134746555716359,-0.4249430917893408,-0.2968364669508921,-0.3019339255063415,-0.2648609196163668,-0.2506821295079583,-0.162435292576479,-0.162435292576479,-0.0507673082566809,-0.6921614352674402,-0.6860753842634565,-0.6040796973096797,-0.9897695519176712,1.3152279503582291,-0.4806377619661694,-0.270376493571209,0.3919749731553789,-0.9555700489058624,-0.8067976084037375,0.8987384588068987,1.036185836130619,-1.082535110732551,-0.6116504410802214,-0.1122538376766826,0.6279054331465134,0.6327107641416275
-0.3226490240984279,-0.8526715096148989,0.0339112083591065,-0.1675679833648337,0.3051699243245264,0.0470585976248178,-0.4811898313338359,-0.1237380003493169,-0.0534897840291909,1.016912114598495,0.9872280837476723,-0.3616821166278091,-0.3242123322201614,-0.2266083655811306,-0.5506201772224562,-0.4684396830725553,-0.4249430917893408,-0.2968364669508921,-0.3019339255063415,3.775566442374484,-0.2506821295079583,-0.162435292576479,-0.162435292576479,-0.0507673082566809,-0.6921614352674402,-0.6860753842634565,-0.6040796973096797,-0.9897695519176712,1.3152279503582291,2.08056894220972,-0.270376493571209,-0.3497718661632084,1.105984650796491,-0.8067976084037375,-1.727927660470965,0.0259275691312159,-0.4109144439463271,-0.0564839901246548,-0.5343688933066112,0.6279054331465134,0.4678569614949878
2.333273196335932,-0.8655961003954509,-0.3647276626466715,-0.8312663255143441,-0.5440996729787305,-0.541824592571979,1.0685202937070102,-0.9327141707003136,-0.9468304341494204,1.016912114598495,-1.0129371484286014,-0.3616821166278091,-0.3242123322201614,-0.2266083655811306,1.816133954706112,-0.4684396830725553,-0.4249430917893408,-0.2968364669508921,-0.3019339255063415,-0.2648609196163668,-0.2506821295079583,-0.162435292576479,-0.162435292576479,-0.0507673082566809,1.444749662502673,1.4575657762062992,-0.6040796973096797,-0.9897695519176712,-0.760324474345021,-0.4806377619661694,-0.270376493571209,-1.0915187054817956,0.988660399593918,1.959568805602908,0.1107386230235396,-0.959074241193202,0.2607062228398966,0.833496528376856,1.7761994007908113,-1.592596507707975,-1.8783702574139316
0.2201307307007422,1.1645303709827626,-0.2023204129674634,-0.6906229431130401,-0.7922267275732189,-1.3209855912079544,-1.0032137502596354,-0.9327141707003136,-0.3268563830971524,-0.5878700865325985,-1.0129371484286014,-0.3616821166278091,-0.3242123322201614,-0.2266083655811306,1.816133954706112,2.134746555716359,-0.4249430917893408,-0.2968364669508921,-0.3019339255063415,-0.2648609196163668,-0.2506821295079583,-0.162435292576479,-0.162435292576479,-0.0507673082566809,-0.6921614352674402,0.0812803131858141,-0.6040796973096797,0.2943616313051636,-0.760324474345021,-0.4806377619661694,-0.270376493571209,-0.0842499711220736,-0.505857709054462,1.5042569936388106,0.8987384588068987,0.0750693609328677,-0.6016972217361027,-0.0654572347984902,-1.050929037463171,-1.592596507707975,0.2407443670834403
0.184423512465598,0.8408421628296888,-0.8868144232504114,-1.2833892945522851,-0.8675087819442422,-1.2727944368746011,-0.9239641527740776,-0.9327141707003136,-0.9603916607533534,-0.7277801574035979,-1.0129371484286014,-0.3616821166278091,-0.3242123322201614,-0.2266083655811306,1.816133954706112,-0.4684396830725553,-0.4249430917893408,-0.2968364669508921,-0.3019339255063415,-0.2648609196163668,-0.2506821295079583,-0.162435292576479,-0.162435292576479,-0.0507673082566809,1.444749662502673,-0.6860753842634565,1.6554107089736416,-0.9897695519176712,-0.760324474345021,-0.4806377619661694,-0.270376493571209,-1.0915187054817956,-0.9817728633431716,1.2540285240631144,-0.6651263898434778,-0.9816949552466951,-0.4109144439463271,0.0780127943319374,-0.7203035553713961,-1.592596507707975,-3.175526340598532
-0.3215345791109973,-0.8547293326820568,-0.8925916317762641,-0.2986042501382251,0.0546523049178148,-0.0453554733900597,0.1829716508265267,2.303190510703673,2.338846194258881,1.016912114598495,0.9872280837476723,-0.3616821166278091,-0.3242123322201614,-0.2266083655811306,-0.5506201772224562,-0.4684396830725553,-0.4249430917893408,-0.2968364669508921,-0.3019339255063415,-0.2648609196163668,-0.2506821295079583,-0.162435292576479,-0.162435292576479,-0.0507673082566809,1.444749662502673,-0.6860753842634565,-0.6040796973096797,1.0103361919575191,1.3152279503582291,2.08056894220972,3.698546374323143,0.3919749731553789,-0.0002154319706254,-0.8067976084037375,0.5485163095698503,0.850971820514062,0.9323268896261204,0.0981726288710389,0.0236569919939815,0.6279054331465134,1.207166921402571
0.0759320047938838,1.1275089527826991,-0.6573584213425208,0.2579682788180147,-0.5654717250794515,-0.7981632088232573,-0.259802670613715,1.4942143403526764,-0.3929060091700447,1.016912114598495,-1.0129371484286014,-0.3616821166278091,-0.3242123322201614,-0.2266083655811306,1.816133954706112,-0.4684396830725553,-0.4249430917893408,3.368858315395045,-0.3019339255063415,-0.2648609196163668,-0.2506821295079583,-0.162435292576479,-0.162435292576479,-0.0507673082566809,-0.6921614352674402,1.4575657762062992,1.6554107089736416,-0.9897695519176712,-0.760324474345021,-0.4806377619661694,-0.270376493571209,-1.0915187054817956,1.290351331257677,1.8673565918026864,-0.1519279889042467,-0.6046401305517264,1.603947556412344,0.8791876408683372,-0.2815806308173595,-1.592596507707975,0.1998001094266654
1.7436651190481975,0.2392414978463727,0.6825386553679681,0.9154940614912748,-0.0277696006634086,-0.0238236129564211,-0.7025769920539569,0.4508051725459694,2.051012496147808,-1.2739988312145647,-1.0129371484286014,-0.3616821166278091,-0.3242123322201614,-0.2266083655811306,1.816133954706112,-0.4684396830725553,-0.4249430917893408,-0.2968364669508921,-0.3019339255063415,-0.2648609196163668,-0.2506821295079583,-0.162435292576479,-0.162435292576479,-0.0507673082566809,1.444749662502673,1.146963164450553,-0.6040796973096797,-0.9897695519176712,1.3152279503582291,1.709463224408971,-0.270376493571209,-0.1383691665769216,0.7736791806695374,0.6979506155806693,-0.2509209732469478,1.6657959493011896,1.214689993981097,-0.9140646652866906,-0.7973191732486236,-1.592596507707975,1.1230475014351793
-0.2205794787586029,-0.8695355915012959,-0.5049969519388968,0.7065074445180886,1.2155450062427142,0.8503688664090135,2.6182304187478564,3.1121666810546698,1.7029087823088875,1.016912114598495,0.9872280837476723,-0.3616821166278091,-0.3242123322201614,-0.2266083655811306,-0.5506201772224562,-0.4684396830725553,-0.4249430917893408,-0.2968364669508921,-0.3019339255063415,-0.2648609196163668,-0.2506821295079583,-0.162435292576479,-0.162435292576479,-0.0507673082566809,1.444749662502673,1.4575657762062992,-0.6040796973096797,1.0103361919575191,1.3152279503582291,2.08056894220972,-0.270376493571209,-0.1025476446183232,0.8210543264473853,-0.8067976084037375,-1.6403721231617028,0.2857082663596338,2.275568223198568,-0.3692971675151156,2.338957076183311,0.6279054331465134,1.0845296653539875
0.97475878038501,1.3908220952843509,-0.846197967415531,-0.8867315966658942,-0.0940228401306786,0.0127641775944568,0.1829716508265267,0.6852381700016797,2.217715258649359,-1.3902611870981454,-1.0129371484286014,-0.3616821166278091,3.0843984038242387,-0.2266083655811306,-0.5506201772224562,-0.4684396830725553,-0.4249430917893408,-0.2968364669508921,-0.3019339255063415,3.775566442374484,-0.2506821295079583,-0.162435292576479,-0.162435292576479,-0.0507673082566809,-0.6921614352674402,-0.6860753842634565,-0.6040796973096797,1.0103361919575191,1.3152279503582291,2.08056894220972,-0.270376493571209,0.1447507516104938,1.340633153201637,0.1153245295984775,-1.727927660470965,1.667597253005246,0.2607062228398966,-0.9560852880068772,0.0265705431025694,0.6279054331465134,1.1857423081711758
-0.3107713894675257,-0.8573454514026678,-0.6032660689775305,0.0054948324749301,-0.8312657156398958,-0.2826339048780135,1.0685202937070102,0.6852381700016797,0.7111492470059207,1.8193032151640416,0.9872280837476723,-0.3616821166278091,-0.3242123322201614,-0.2266083655811306,-0.5506201772224562,-0.4684396830725553,-0.4249430917893408,-0.2968364669508921,-0.3019339255063415,-0.2648609196163668,-0.2506821295079583,-0.162435292576479,-0.162435292576479,-0.0507673082566809,1.444749662502673,1.4575657762062992,-0.6040796973096797,1.0103361919575191,1.3152279503582291,-0.4806377619661694,-0.270376493571209,0.1447507516104938,-0.1343002904878517,-0.8067976084037375,-1.6403721231617028,0.4110885334247384,1.603947556412344,2.629443372257596,0.9360310901540152,0.6279054331465134,0.8177968443229982
0.447728837497451,1.2421269205255692,3.027849945329092,2.110889434604745,-0.0940228401306786,0.0127641775944568,-0.7025769920539569,-0.7546387327876107,-0.4868507850393519,-1.3902611870981454,-1.0129371484286014,2.076630724113719,-0.3242123322201614,-0.2266083655811306,-0.0296397158424668,-0.4684396830725553,-0.4249430917893408,-0.2968364669508921,-0.3019339255063415,-0.2648609196163668,-0.2506821295079583,-0.162435292576479,6.156297588648554,-0.0507673082566809,-0.6921614352674402,1.4575657762062992,-0.6040796973096797,-0.9897695519176712,-0.760324474345021,-0.4806377619661694,-0.270376493571209,0.0654217369217053,-0.1425205998676453,0.9266772491205756,-1.4652610485431783,-0.2127257646060915,0.2607062228398966,-0.9560852880068772,-0.7257662643197406,0.1391186554938324,0.0416781603791743
-0.3236127491914779,-0.8511129017482592,0.644350276759155,0.0425871187432157,-0.0940228401306786,0.0127641775944568,-0.9848548955021412,-0.2349891670875959,0.0298004191223544,-1.3902611870981454,0.9872280837476723,-0.3616821166278091,-0.3242123322201614,-0.2266083655811306,-0.5506201772224562,-0.4684396830725553,-0.4249430917893408,-0.2968364669508921,-0.3019339255063415,-0.2648609196163668,-0.2506821295079583,-0.162435292576479,-0.162435292576479,-0.0507673082566809,1.444749662502673,-0.6860753842634565,-0.6040796973096797,0.7352797616679787,1.3152279503582291,-0.4806377619661694,-0.270376493571209,1.0317160868135675,0.961427923073672,-0.8067976084037375,-0.6772612127598194,0.2343250751947952,-0.5032763521507302,-0.9560852880068772,-1.039311068490925,0.6279054331465134,0.5081126902450575
0.8473436535658343,0.6682582848562179,1.0045908131681207,0.3545525489730424,0.0801129235073693,0.8427517487754953,2.3968432580277352,-0.9327141707003136,-0.8907876169461449,0.2145210140329482,-1.0129371484286014,-0.3616821166278091,-0.3242123322201614,-0.2266083655811306,1.816133954706112,2.134746555716359,-0.4249430917893408,-0.2968364669508921,-0.3019339255063415,-0.2648609196163668,-0.2506821295079583,-0.162435292576479,-0.162435292576479,-0.0507673082566809,-0.6921614352674402,-0.6860753842634565,-0.6040796973096797,1.0103361919575191,-0.760324474345021,-0.4806377619661694,-0.270376493571209,-1.0915187054817956,-1.290782195198928,-0.161312111802187,0.8987384588068987,-0.8655923918197964,-1.082535110732551,-0.2653159785525661,3.0021975343041905,-1.592596507707975,-0.9913956237740424
0.526430735725958,1.272503456003562,0.1719635979642419,-0.366495975997108,0.4915342186428131,0.1690368238382822,-0.0384155098935941,-0.9327141707003136,-0.2049034535410942,0.2145210140329482,-1.0129371484286014,2.7648588471103626,-0.3242123322201614,-0.2266083655811306,-0.5506201772224562,-0.4684396830725553,-0.4249430917893408,-0.2968364669508921,-0.3019339255063415,-0.2648609196163668,-0.2506821295079583,-0.162435292576479,-0.162435292576479,-0.0507673082566809,1.444749662502673,1.4575657762062992,-0.6040796973096797,-0.9897695519176712,-0.760324474345021,-0.4806377619661694,-0.270376493571209,2.617215491111141,-1.5589519122333806,1.129658881400914,-0.6772612127598194,0.2784921358810667,0.2607062228398966,-0.415360631829706,-0.0762882721402272,0.6279054331465134,0.3633791220702355
0.0659812504831747,1.1184199985377703,-0.1339282515871078,-0.6313958770475251,-0.6591742352462646,-1.1964793327458678,-0.9239641527740776,-0.9327141707003136,-0.2049034535410942,-0.5878700865325985,-1.0129371484286014,-0.3616821166278091,-0.3242123322201614,-0.2266083655811306,1.816133954706112,2.134746555716359,-0.4249430917893408,-0.2968364669508921,-0.3019339255063415,-0.2648609196163668,-0.2506821295079583,-0.162435292576479,-0.162435292576479,-0.0507673082566809,-0.6921614352674402,-0.6860753842634565,-0.6040796973096797,1.0103361919575191,-0.760324474345021,-0.4806377619661694,-0.270376493571209,-0.3497718661632084,-1.3578246244575412,1.8673565918026864,0.8987384588068987,0.2784921358810667,-1.082535110732551,-0.2672155941535655,-0.9735380672211034,-1.592596507707975,0.3633791220702355
-0.339726353990921,-0.8532519019854213,0.5087711213337347,-0.0748233480912854,0.3387705071054858,0.4129932762652109,0.4043588115466475,-0.9327141707003136,-0.1011850899254404,1.016912114598495,0.9872280837476723,-0.3616821166278091,-0.3242123322201614,-0.2266083655811306,-0.5506201772224562,-0.4684396830725553,-0.4249430917893408,-0.2968364669508921,-0.3019339255063415,-0.2648609196163668,-0.2506821295079583,-0.162435292576479,-0.162435292576479,-0.0507673082566809,1.444749662502673,-0.6860753842634565,-0.6040796973096797,1.0103361919575191,-0.760324474345021,-0.4806377619661694,-0.270376493571209,-0.3497718661632084,-1.173457943996355,-0.8067976084037375,0.0231830857142775,0.4514988641047145,-1.082535110732551,-0.0738427293354284,0.3589772946820626,0.6279054331465134,0.4369537770866179
-0.2195180407139187,-0.8695370056911885,-0.3735549541279926,0.0562129186821058,-0.5125433734421878,-0.071093679092359,1.0685202937070102,-0.1237380003493169,-0.253645027893671,1.8193032151640416,0.9872280837476723,-0.3616821166278091,-0.3242123322201614,-0.2266083655811306,-0.5506201772224562,-0.4684396830725553,-0.4249430917893408,-0.2968364669508921,-0.3019339255063415,-0.2648609196163668,-0.2506821295079583,-0.162435292576479,-0.162435292576479,-0.0507673082566809,1.444749662502673,-0.6860753842634565,-0.6040796973096797,1.0103361919575191,1.3152279503582291,-0.4806377619661694,-0.270376493571209,-0.7206452858225021,0.8210543264473853,-0.8067976084037375,-1.6403721231617028,-0.1966508484903142,-0.4109144439463271,1.3454213107930788,1.0549037714300116,0.6279054331465134,0.3252443459744391
0.562229650087879,1.2531191109551965,-0.4895189613963065,-0.0145759862237112,0.2695250582991501,-0.3274322953436371,0.8471331329868893,-0.1237380003493169,-0.0459191005535957,-0.5878700865325985,0.9872280837476723,-0.3616821166278091,-0.3242123322201614,-0.2266083655811306,-0.5506201772224562,-0.4684396830725553,2.353256281421644,-0.2968364669508921,-0.3019339255063415,-0.2648609196163668,-0.2506821295079583,-0.162435292576479,-0.162435292576479,-0.0507673082566809,-0.6921614352674402,-0.6860753842634565,-0.6040796973096797,1.0103361919575191,1.3152279503582291,-0.4806377619661694,-0.270376493571209,-1.0915187054817956,0.8713361483913451,-0.8067976084037375,1.2489606080439473,0.0343463880228777,-0.4109144439463271,-0.6498256988665617,0.7962580639862206,0.6279054331465134,0.4726125209057491
0.4161783576962425,1.1627881773798534,-0.6696866960805654,-1.063323973847044,-1.0308620978674985,-1.54429292331748,-0.9239641527740776,-0.2716008848557185,-0.9539613872681914,-0.5878700865325985,-1.0129371484286014,-0.3616821166278091,-0.3242123322201614,-0.2266083655811306,1.816133954706112,-0.4684396830725553,-0.4249430917893408,-0.2968364669508921,-0.3019339255063415,-0.2648609196163668,-0.2506821295079583,-0.162435292576479,-0.162435292576479,-0.0507673082566809,1.444749662502673,-0.6860753842634565,1.6554107089736416,-0.9897695519176712,-0.760324474345021,-0.4806377619661694,-0.270376493571209,-1.0915187054817956,-0.8494102359061988,0.9204396222121678,-1.5123464554050043,-0.9752690087878364,-0.4109144439463271,0.2964050644536896,-0.8006595821520399,-1.592596507707975,-2.3396390938983256
-0.3387763864287746,-0.8532209665815249,-0.6021777727675047,-0.4382273367374699,-0.7457403384507498,-0.5732669411596528,0.1829716508265267,-0.1237380003493169,-0.7348512968327559,0.2145210140329482,0.9872280837476723,-0.3616821166278091,-0.3242123322201614,-0.2266083655811306,-0.5506201772224562,-0.4684396830725553,-0.4249430917893408,-0.2968364669508921,-0.3019339255063415,-0.2648609196163668,-0.2506821295079583,-0.162435292576479,-0.162435292576479,-0.0507673082566809,1.444749662502673,-0.6860753842634565,-0.6040796973096797,1.0103361919575191,1.3152279503582291,-0.4806377619661694,-0.270376493571209,0.0211015534960852,-1.173457943996355,-0.8067976084037375,-0.2394835262135088,-0.7317661311183363,-0.4109144439463271,0.6032372038799697,0.2668156568882743,0.6279054331465134,-0.3265473279595058
2.333273196335932,-0.8655961003954509,0.7815303973798522,0.5152238158771231,0.0842014899962029,-0.5008521516026432,-0.0384155098935941,-0.1237380003493169,-0.3108930221994265,-0.5878700865325985,-1.0129371484286014,-0.3616821166278091,-0.3242123322201614,-0.2266083655811306,1.816133954706112,-0.4684396830725553,-0.4249430917893408,-0.2968364669508921,-0.3019339255063415,-0.2648609196163668,-0.2506821295079583,-0.162435292576479,-0.162435292576479,-0.0507673082566809,1.444749662502673,1.4575657762062992,-0.6040796973096797,-0.9897695519176712,1.3152279503582291,-0.4806377619661694,-0.270376493571209,-0.7206452858225021,0.988660399593918,1.959568805602908,0.373405234951326,-0.2603122731852816,0.9323268896261204,-0.6116504410802214,-0.0643247297420054,-1.592596507707975,0.2769513311275763
-1.18724448770795,-0.6850400245931852,-0.4541694882039842,-0.3942460644587078,0.456892909846514,-0.1520994643364875,0.1829716508265267,-0.1237380003493169,-0.24275687091907,-0.5878700865325985,0.9872280837476723,-0.3616821166278091,-0.3242123322201614,-0.2266083655811306,-0.5506201772224562,2.134746555716359,-0.4249430917893408,-0.2968364669508921,-0.3019339255063415,-0.2648609196163668,-0.2506821295079583,-0.162435292576479,-0.162435292576479,-0.0507673082566809,-0.6921614352674402,-0.6860753842634565,-0.6040796973096797,1.0103361919575191,1.3152279503582291,-0.4806377619661694,-0.270376493571209,0.0211015534960852,-0.3019063636343845,-0.8067976084037375,0.8987384588068987,-0.1845429031603263,-0.4109144439463271,-0.6806861260130292,0.1527432833989901,0.6279054331465134,0.3339859301250376
-0.2914253177473811,-0.8532905211403667,-0.7142146551420514,-1.133919272515774,-0.4944492925262692,-1.0423350101949604,-0.9580152181056324,-0.9327141707003136,-0.9517802058243178,-0.5878700865325985,0.9872280837476723,-0.3616821166278091,-0.3242123322201614,-0.2266083655811306,-0.5506201772224562,-0.4684396830725553,-0.4249430917893408,-0.2968364669508921,-0.3019339255063415,-0.2648609196163668,-0.2506821295079583,-0.162435292576479,-0.162435292576479,-0.0507673082566809,1.444749662502673,-0.6860753842634565,1.6554107089736416,-0.9897695519176712,-0.760324474345021,-0.4806377619661694,-0.270376493571209,-0.4638582928690547,0.847484193230559,-0.8067976084037375,-0.1283503030685068,-0.967330674992152,-0.4109144439463271,-0.1013681639836606,-0.8718226767711885,0.6279054331465134,-2.2825590101155937
-0.3227883647129124,-0.8514603908473167,0.5759951006360211,-0.0166079183846445,-0.0940228401306786,0.0127641775944568,-1.083447319614075,-0.4151236460344696,0.1646613629305107,-1.3902611870981454,0.9872280837476723,-0.3616821166278091,-0.3242123322201614,-0.2266083655811306,-0.5506201772224562,-0.4684396830725553,-0.4249430917893408,-0.2968364669508921,-0.3019339255063415,-0.2648609196163668,-0.2506821295079583,-0.162435292576479,-0.162435292576479,-0.0507673082566809,1.444749662502673,-0.6860753842634565,-0.6040796973096797,0.2899168211807632,1.3152279503582291,-0.4806377619661694,-0.270376493571209,0.8665515426550274,0.9987487166410308,-0.8067976084037375,-0.6772612127598194,0.5717559289035348,-0.6528259227011172,-0.9560852880068772,-1.13815348705331,0.6279054331465134,0.5732935322588737
-1.5046193999899211,-0.6416042426909773,-0.4541694882039842,1.4208540613314748,1.5281716674934338,0.8503688664090135,0.6257459722667684,2.303190510703673,2.0663015891374554,-0.5878700865325985,0.9872280837476723,-0.3616821166278091,-0.3242123322201614,-0.2266083655811306,-0.5506201772224562,-0.4684396830725553,-0.4249430917893408,3.368858315395045,-0.3019339255063415,-0.2648609196163668,-0.2506821295079583,-0.162435292576479,-0.162435292576479,-0.0507673082566809,-0.6921614352674402,1.4575657762062992,-0.6040796973096797,1.0103361919575191,1.3152279503582291,2.08056894220972,-0.270376493571209,1.1337218124739663,-0.5533154733541836,-0.8067976084037375,-0.1519279889042467,0.6994330804641514,2.275568223198568,-0.7813539169423587,0.4454056347101929,0.6279054331465134,1.1577835118069937
1.82057731404077,-0.8808160539516475,-0.8925916317762641,-0.7366018728000562,-1.0929711397115065,-1.6024125743019964,-1.1453513134941986,-0.1237380003493169,-0.9316890671982302,-0.5878700865325985,-1.0129371484286014,-0.3616821166278091,-0.3242123322201614,-0.2266083655811306,1.816133954706112,-0.4684396830725553,2.353256281421644,-0.2968364669508921,-0.3019339255063415,-0.2648609196163668,-0.2506821295079583,-0.162435292576479,-0.162435292576479,-0.0507673082566809,-0.6921614352674402,-0.6860753842634565,1.6554107089736416,-0.9897695519176712,-0.760324474345021,-0.4806377619661694,-0.270376493571209,-1.0915187054817956,1.2735907239430238,1.959568805602908,1.2489606080439473,-0.9506554223015404,-0.4109144439463271,0.2964050644536896,-1.1459027621332445,-1.592596507707975,-1.4811694736552885
0.5495318889207613,1.270396445644209,-0.8252381885557732,0.0313251034957905,0.3947838680025058,0.5835610610815297,-0.0384155098935941,-0.1237380003493169,-0.9145720546872486,1.016912114598495,-1.0129371484286014,2.7648588471103626,-0.3242123322201614,-0.2266083655811306,-0.5506201772224562,-0.4684396830725553,-0.4249430917893408,3.368858315395045,-0.3019339255063415,-0.2648609196163668,-0.2506821295079583,-0.162435292576479,-0.162435292576479,-0.0507673082566809,-0.6921614352674402,1.4575657762062992,-0.6040796973096797,1.0103361919575191,-0.760324474345021,-0.4806377619661694,-0.270376493571209,-1.0915187054817956,0.1673906411759073,1.129658881400914,-0.1519279889042467,-0.931620809540249,0.9323268896261204,-0.1013375497489834,0.183635697102327,0.6279054331465134,-1.224424879589391
-0.2702326930237184,-0.867187947893068,3.444026921574662,2.4670847549912667,-0.0940228401306786,0.0127641775944568,-1.3667384742143194,-0.9327141707003136,-0.8105581315887075,-1.3902611870981454,0.9872280837476723,-0.3616821166278091,-0.3242123322201614,-0.2266083655811306,-0.5506201772224562,-0.4684396830725553,-0.4249430917893408,-0.2968364669508921,-0.3019339255063415,-0.2648609196163668,-0.2506821295079583,-0.162435292576479,6.156297588648554,-0.0507673082566809,-0.6921614352674402,-0.6860753842634565,-0.6040796973096797,-0.9897695519176712,-0.760324474345021,-0.4806377619661694,-0.270376493571209,-1.0915187054817956,-1.525430697604074,-0.8067976084037375,-1.4652610485431783,-0.7317661311183363,-1.7541557775187746,-0.9560852880068772,-1.4221629647615412,0.6279054331465134,-0.5588956342250347
0.3615971245736231,-0.1118755344178162,-0.8506317667897106,-0.4554358821608269,-0.1642718461660918,-0.5732669411596528,0.1829716508265267,-0.1237380003493169,-0.6591444620768042,0.2145210140329482,0.9872280837476723,-0.3616821166278091,-0.3242123322201614,-0.2266083655811306,-0.5506201772224562,-0.4684396830725553,-0.4249430917893408,-0.2968364669508921,-0.3019339255063415,-0.2648609196163668,-0.2506821295079583,-0.162435292576479,-0.162435292576479,-0.0507673082566809,1.444749662502673,1.4575657762062992,-0.6040796973096797,1.0103361919575191,-0.760324474345021,-0.4806377619661694,-0.270376493571209,-1.0915187054817956,-0.1343002904878517,-0.8067976084037375,1.1614050707346852,-0.6475779422017195,0.9323268896261204,-0.1289867511876525,0.2368258672084211,0.6279054331465134,-0.161693561127958
0.526430735725958,1.272503456003562,-0.8925916317762641,-0.7633745996554613,-0.443297924635852,-0.4408195258699828,0.1829716508265267,-0.1237380003493169,-0.8559822324422786,0.2145210140329482,-1.0129371484286014,2.7648588471103626,-0.3242123322201614,-0.2266083655811306,-0.5506201772224562,-0.4684396830725553,-0.4249430917893408,-0.2968364669508921,-0.3019339255063415,-0.2648609196163668,-0.2506821295079583,-0.162435292576479,-0.162435292576479,-0.0507673082566809,1.444749662502673,-0.6860753842634565,1.6554107089736416,1.0103361919575191,-0.760324474345021,-0.4806377619661694,-0.270376493571209,2.617215491111141,-1.5589519122333806,1.129658881400914,1.1614050707346852,-0.8664672333849235,0.2607062228398966,0.1115986764278899,0.3517707131313439,0.6279054331465134,-0.7632851161565266
-0.2195180407139187,-0.8695370056911885,-0.0168759481087681,-0.2115841614152457,0.116798515548085,0.11662131573914,0.1829716508265267,0.6852381700016797,-0.4552067533342472,1.016912114598495,0.9872280837476723,-0.3616821166278091,-0.3242123322201614,-0.2266083655811306,-0.5506201772224562,-0.4684396830725553,-0.4249430917893408,-0.2968364669508921,-0.3019339255063415,-0.2648609196163668,-0.2506821295079583,-0.162435292576479,-0.162435292576479,-0.0507673082566809,1.444749662502673,1.4575657762062992,-0.6040796973096797,-0.9897695519176712,-0.760324474345021,-0.4806377619661694,-0.270376493571209,-0.5969960877080935,0.8210543264473853,-0.8067976084037375,0.4609607722605881,-0.5616776601811997,0.2607062228398966,0.0550501091895584,0.1857279661745357,0.6279054331465134,0.1333567538964107
-0.282331008029492,-0.8654876939015126,1.579936742868472,0.8527975335024475,1.635106265569563,0.9504348364164664,-0.259802670613715,-0.9327141707003136,-0.3563171230529975,-0.5878700865325985,0.9872280837476723,-0.3616821166278091,-0.3242123322201614,-0.2266083655811306,-0.5506201772224562,-0.4684396830725553,-0.4249430917893408,-0.2968364669508921,-0.3019339255063415,-0.2648609196163668,-0.2506821295079583,-0.162435292576479,-0.162435292576479,-0.0507673082566809,1.444749662502673,-0.6860753842634565,-0.6040796973096797,-0.9897695519176712,1.3152279503582291,-0.4806377619661694,-0.270376493571209,-0.3497718661632084,0.8713361483913451,-0.8067976084037375,0.6360718468791124,0.0259275691312159,-1.082535110732551,-0.7875049845897734,-0.2857874588931228,0.6279054331465134,0.2355085835992872
0.3013138876167845,0.1015409670779626,0.9394542696347196,1.4553060579498387,-0.0940228401306786,0.0127641775944568,-0.9239641527740776,-0.1237380003493169,1.1956729894440117,-1.3902611870981454,0.9872280837476723,-0.3616821166278091,-0.3242123322201614,-0.2266083655811306,-0.5506201772224562,-0.4684396830725553,-0.4249430917893408,-0.2968364669508921,-0.3019339255063415,-0.2648609196163668,-0.2506821295079583,-0.162435292576479,6.156297588648554,-0.0507673082566809,-0.6921614352674402,1.4575657762062992,-0.6040796973096797,-0.9897695519176712,1.3152279503582291,-0.4806377619661694,-0.270376493571209,1.50459523213326,-0.1343002904878517,-0.8067976084037375,-1.4652610485431783,1.4150326862553952,0.9323268896261204,-0.9560852880068772,-0.9994033367813332,0.6279054331465134,0.963536508041464
-0.2172226322226671,-0.8685605517639307,-0.532567122592886,-0.976613958664158,-0.7212832770902727,-0.0787107967258772,0.4043588115466475,-0.9327141707003136,-0.8635529159178736,1.8193032151640416,0.9872280837476723,-0.3616821166278091,-0.3242123322201614,-0.2266083655811306,-0.5506201772224562,-0.4684396830725553,2.353256281421644,-0.2968364669508921,-0.3019339255063415,-0.2648609196163668,-0.2506821295079583,-0.162435292576479,-0.162435292576479,-0.0507673082566809,-0.6921614352674402,-0.6860753842634565,1.6554107089736416,-0.9897695519176712,-0.760324474345021,-0.4806377619661694,-0.270376493571209,1.1337218124739663,0.8210543264473853,-0.8067976084037375,1.2489606080439473,-0.8201637294807841,-0.4109144439463271,2.0506022294935287,0.6151542701963459,0.6279054331465134,-0.8057520406286908
2.3473332878992026,-0.6486577799398563,-0.2189765850372789,-0.7050470552286269,-0.0940228401306786,0.0127641775944568,-0.7025769920539569,-0.9327141707003136,-0.9354744089360276,-1.3902611870981454,-1.0129371484286014,-0.3616821166278091,-0.3242123322201614,-0.2266083655811306,1.816133954706112,-0.4684396830725553,-0.4249430917893408,-0.2968364669508921,-0.3019339255063415,-0.2648609196163668,-0.2506821295079583,-0.162435292576479,-0.162435292576479,-0.0507673082566809,1.444749662502673,1.4575657762062992,-0.6040796973096797,-0.9897695519176712,-0.760324474345021,-0.4806377619661694,-0.270376493571209,-1.0915187054817956,0.7037300752448123,1.959568805602908,-0.6772612127598194,-0.9401318986869632,0.2607062228398966,-0.9560852880068772,-0.5853429543924237,-1.592596507707975,-1.5576883209271697
1.071597468881336,0.760214593697317,1.177861813075646,0.5046038523919824,1.0459935531589206,1.0856300897971778,-0.5973194636149234,-0.9327141707003136,-0.667213608589288,-0.2918990026904225,-1.0129371484286014,-0.3616821166278091,-0.3242123322201614,-0.2266083655811306,1.816133954706112,-0.4684396830725553,-0.4249430917893408,-0.2968364669508921,-0.3019339255063415,3.775566442374484,-0.2506821295079583,-0.162435292576479,-0.162435292576479,-0.0507673082566809,-0.6921614352674402,0.6668593523866034,-0.6040796973096797,-0.252007799081102,-0.760324474345021,-0.4806377619661694,-0.270376493571209,-0.8179169471685541,-1.1013184836180434,1.004204600878451,-1.727927660470965,-0.4926612506671941,-0.2347636210789052,-0.6032363859231079,-0.5791092987085552,-1.592596507707975,-0.2275020366529121
0.3448577918925165,1.2185901179624046,-0.5580010080938613,-0.29954670597277,-0.6265772096943825,-0.3836389715800097,2.3968432580277352,0.6852381700016797,-0.5834376273208526,1.8193032151640416,-1.0129371484286014,-0.3616821166278091,-0.3242123322201614,-0.2266083655811306,1.816133954706112,-0.4684396830725553,-0.4249430917893408,-0.2968364669508921,-0.3019339255063415,3.775566442374484,-0.2506821295079583,-0.162435292576479,-0.162435292576479,-0.0507673082566809,-0.6921614352674402,-0.6860753842634565,1.6554107089736416,1.0103361919575191,-0.760324474345021,-0.4806377619661694,-0.270376493571209,-0.5969960877080935,0.3685179289517467,1.4062955228015783,-1.727927660470965,-0.6686249894308737,0.2607062228398966,1.6836414691069292,2.552073722669521,-1.592596507707975,-0.0338230369830465
0.9785412629013416,0.3250356830410608,-0.3008259616172717,-0.438078674649781,-0.9622126809292816,-0.971886322491054,-0.8637437678015867,-0.3809952336903645,-0.8166214466613412,0.7248473305656326,-1.0129371484286014,-0.3616821166278091,-0.3242123322201614,-0.2266083655811306,1.816133954706112,-0.4684396830725553,-0.4249430917893408,3.368858315395045,-0.3019339255063415,-0.2648609196163668,-0.2506821295079583,-0.162435292576479,-0.162435292576479,-0.0507673082566809,-0.6921614352674402,0.775880438084198,-0.6040796973096797,1.0103361919575191,-0.760324474345021,-0.4806377619661694,-0.270376493571209,-0.079781171750036,-1.1042345972944776,-0.1906359162255058,-0.1519279889042467,-0.7691526284306878,0.291593771923302,1.8609210486604355,-0.8679612345546588,-1.592596507707975,-0.7235203668512817
0.518199253687275,0.6301967080826513,0.609708269934381,0.2240641831550351,-0.0940228401306786,0.0127641775944568,-0.7744768243479053,-0.6595915422858114,-0.7339092515645865,-1.3902611870981454,-0.3376510207318314,-0.3616821166278091,1.933599705926362,-0.2266083655811306,-0.5506201772224562,2.134746555716359,-0.4249430917893408,-0.2968364669508921,-0.3019339255063415,-0.2648609196163668,-0.2506821295079583,-0.162435292576479,-0.162435292576479,-0.0507673082566809,-0.6921614352674402,-0.6860753842634565,-0.6040796973096797,-0.3145035083738681,-0.760324474345021,-0.4806377619661694,-0.270376493571209,-0.8410937191871515,-1.360469079096699,-0.1959978940782201,0.8987384588068987,-0.7033937097939774,-1.5274064509835248,-0.9560852880068772,-0.7689764491075022,0.6279054331465134,-0.5872956564918006
-0.2821205392862371,-0.8642527525779872,-0.3536834714782608,-0.7920671439516062,-0.812941504012669,-1.3403698151653438,-0.259802670613715,-0.1237380003493169,-0.8851293638233199,-0.5878700865325985,0.9872280837476723,-0.3616821166278091,-0.3242123322201614,-0.2266083655811306,-0.5506201772224562,-0.4684396830725553,-0.4249430917893408,-0.2968364669508921,3.3119829059387924,-0.2648609196163668,-0.2506821295079583,-0.162435292576479,-0.162435292576479,-0.0507673082566809,-0.6921614352674402,1.4575657762062992,-0.6040796973096797,1.0103361919575191,-0.760324474345021,-0.4806377619661694,-0.270376493571209,-1.0915187054817956,0.8713361483913451,-0.8067976084037375,-1.027483361996868,-0.8988796861178209,0.9323268896261204,-0.0875614352005837,-0.1275917003745479,0.6279054331465134,-0.9475657771962592
-0.314024014999856,-0.8487404903903781,2.0912344252454487,1.2955772468803028,1.719628085529631,2.5856456511298447,1.9540689365874937,-0.9327141707003136,-0.2957516552482362,1.016912114598495,0.9872280837476723,-0.3616821166278091,-0.3242123322201614,-0.2266083655811306,-0.5506201772224562,-0.4684396830725553,-0.4249430917893408,-0.2968364669508921,-0.3019339255063415,-0.2648609196163668,-0.2506821295079583,-0.162435292576479,-0.162435292576479,-0.0507673082566809,1.444749662502673,-0.6860753842634565,-0.6040796973096797,-0.9897695519176712,-0.760324474345021,-0.4806377619661694,3.698546374323143,1.8754686517925536,0.8545755410766919,-0.8067976084037375,0.6360718468791124,0.1269533958311562,-1.082535110732551,-0.4640355066830832,1.9678393971884829,0.6279054331465134,0.2901252814778832
-0.3221649459889424,-0.8515608402281665,-0.1206671607316072,-0.387544156301944,-0.2874863726250308,0.8618119335388195,0.8471331329868893,-0.1237380003493169,-0.6894271959791849,1.016912114598495,0.9872280837476723,-0.3616821166278091,-0.3242123322201614,-0.2266083655811306,-0.5506201772224562,-0.4684396830725553,2.353256281421644,-0.2968364669508921,-0.3019339255063415,-0.2648609196163668,-0.2506821295079583,-0.162435292576479,-0.162435292576479,-0.0507673082566809,-0.6921614352674402,-0.6860753842634565,1.6554107089736416,1.0103361919575191,-0.760324474345021,-0.4806377619661694,-0.270376493571209,-1.0915187054817956,1.105984650796491,-0.8067976084037375,1.2489606080439473,-0.6812532177683662,0.2607062228398966,0.4216540996997463,0.9633339895219736,0.6279054331465134,-0.2220695108196989
-0.3601797584279906,-0.8498866161693188,0.4899879348940286,0.1967784611158957,1.2013093611043208,0.689331173974357,1.511294615147252,-0.1237380003493169,1.1578195720660356,0.2145210140329482,-1.0129371484286014,-0.3616821166278091,3.0843984038242387,-0.2266083655811306,-0.5506201772224562,-0.4684396830725553,-0.4249430917893408,-0.2968364669508921,-0.3019339255063415,-0.2648609196163668,-0.2506821295079583,-0.162435292576479,-0.162435292576479,-0.0507673082566809,1.444749662502673,-0.6860753842634565,-0.6040796973096797,-0.9897695519176712,1.3152279503582291,2.08056894220972,-0.270376493571209,-0.3497718661632084,-0.2013427197464648,0.1153245295984775,0.1982941603328017,1.3729385917970869,-0.4109144439463271,-0.5627545085602643,1.3284546972793845,0.6279054331465134,0.9533939132206656
-0.2163264511171329,-0.8686860611168795,-0.1372334474842234,0.9723498014030508,-0.0940228401306786,0.0127641775944568,-0.4811898313338359,2.303190510703673,0.6383855911579415,-1.3902611870981454,0.9872280837476723,-0.3616821166278091,-0.3242123322201614,-0.2266083655811306,-0.5506201772224562,-0.4684396830725553,-0.4249430917893408,-0.2968364669508921,-0.3019339255063415,3.775566442374484,-0.2506821295079583,-0.162435292576479,-0.162435292576479,-0.0507673082566809,-0.6921614352674402,1.4575657762062992,-0.6040796973096797,1.0103361919575191,1.3152279503582291,-0.4806377619661694,-0.270376493571209,-0.3497718661632084,0.8210543264473853,-0.8067976084037375,-1.727927660470965,-0.0945088547817173,1.603947556412344,-0.9560852880068772,-0.5625037729631907,0.6279054331465134,0.7923172360579647
0.2925890487760419,-0.0995637297950083,-0.4895189613963065,-0.9393345945421596,0.3856403465820234,0.1661847523955948,-0.0384155098935941,-0.9327141707003136,-0.5834376273208526,1.016912114598495,-1.0129371484286014,-0.3616821166278091,-0.3242123322201614,-0.2266083655811306,1.816133954706112,-0.4684396830725553,-0.4249430917893408,3.368858315395045,-0.3019339255063415,-0.2648609196163668,-0.2506821295079583,-0.162435292576479,-0.162435292576479,-0.0507673082566809,-0.6921614352674402,-0.6860753842634565,-0.6040796973096797,1.0103361919575191,-0.760324474345021,-0.4806377619661694,-0.270376493571209,-1.0915187054817956,-1.1231761220523953,-0.714585394603516,-0.1519279889042467,-0.3529192809935602,-1.082535110732551,-0.0969669834714644,-0.0194911927270485,-1.592596507707975,-0.0338230369830465
0.9746501681199734,1.3981880801125794,-0.7931939112605666,-1.2023146781518377,-0.6153894050294832,-0.9658789221968886,0.6257459722667684,-0.9327141707003136,-0.7348512968327559,0.2145210140329482,-1.0129371484286014,-0.3616821166278091,3.0843984038242387,-0.2266083655811306,-0.5506201772224562,2.134746555716359,-0.4249430917893408,-0.2968364669508921,-0.3019339255063415,-0.2648609196163668,-0.2506821295079583,-0.162435292576479,-0.162435292576479,-0.0507673082566809,-0.6921614352674402,-0.6860753842634565,-0.6040796973096797,1.0103361919575191,-0.760324474345021,-0.4806377619661694,-0.270376493571209,-1.0915187054817956,-1.475148875660114,0.1153245295984775,0.8987384588068987,-0.605483847743411,-1.082535110732551,0.3450190539580142,0.7493809773596501,0.6279054331465134,-0.3265473279595058
0.5473586042681919,1.2708668847505975,-0.5911335815990938,-1.0273320448713337,-0.0940228401306786,0.0127641775944568,-0.7025769920539569,-0.1237380003493169,-0.9544011176250156,-1.3902611870981454,-1.0129371484286014,2.7648588471103626,-0.3242123322201614,-0.2266083655811306,-0.5506201772224562,-0.4684396830725553,-0.4249430917893408,-0.2968364669508921,-0.3019339255063415,3.775566442374484,-0.2506821295079583,-0.162435292576479,-0.162435292576479,-0.0507673082566809,-0.6921614352674402,-0.6860753842634565,1.6554107089736416,-0.9897695519176712,-0.760324474345021,-0.4806377619661694,-0.270376493571209,-1.0915187054817956,0.1673906411759073,1.129658881400914,-1.727927660470965,-0.9759118789765254,-0.4109144439463271,-0.9560852880068772,-0.5015631613951728,0.6279054331465134,-2.2755696085845214
-0.2195180407139187,-0.8695370056911885,-0.6562701251324949,-1.0837397718574286,-0.6408500236190378,-1.1793321227306874,0.4043588115466475,-0.9327141707003136,-0.7651340307351365,-0.5878700865325985,0.9872280837476723,-0.3616821166278091,-0.3242123322201614,-0.2266083655811306,-0.5506201772224562,-0.4684396830725553,-0.4249430917893408,-0.2968364669508921,-0.3019339255063415,-0.2648609196163668,-0.2506821295079583,6.156297588648554,-0.162435292576479,-0.0507673082566809,-0.6921614352674402,-0.6860753842634565,-0.6040796973096797,1.0103361919575191,-0.760324474345021,-0.4806377619661694,-0.270376493571209,-0.3497718661632084,0.8210543264473853,-0.8067976084037375,-1.2025944366153922,-0.6559967610933811,-1.082535110732551,-0.2837877289834918,0.525612839144683,0.6279054331465134,-0.4085500446717648
-0.3261687890319167,-0.8526159584681888,-0.104100873978991,-0.6055656060266649,-0.6581706780171873,-1.1955402360513243,-0.259802670613715,-0.9327141707003136,-0.5834376273208526,-0.5878700865325985,0.9872280837476723,-0.3616821166278091,-0.3242123322201614,-0.2266083655811306,-0.5506201772224562,-0.4684396830725553,2.353256281421644,-0.2968364669508921,-0.3019339255063415,-0.2648609196163668,-0.2506821295079583,-0.162435292576479,-0.162435292576479,-0.0507673082566809,-0.6921614352674402,-0.6860753842634565,-0.6040796973096797,1.0103361919575191,-0.760324474345021,-0.4806377619661694,-0.270376493571209,-1.0915187054817956,1.105984650796491,-0.8067976084037375,1.2489606080439473,-0.3529192809935602,-1.082535110732551,-0.2681443144678432,-0.253269821399464,0.6279054331465134,-0.0338230369830465
-0.3168255358591416,-0.8483951319606274,1.4386194646332588,0.7304178980982093,-0.2864828153959535,-0.8477266454797121,-1.1453513134941986,-0.9327141707003136,-0.2049034535410942,-0.5878700865325985,0.9872280837476723,-0.3616821166278091,-0.3242123322201614,-0.2266083655811306,-0.5506201772224562,-0.4684396830725553,-0.4249430917893408,-0.2968364669508921,-0.3019339255063415,-0.2648609196163668,-0.2506821295079583,-0.162435292576479,-0.162435292576479,-0.0507673082566809,1.444749662502673,1.4575657762062992,-0.6040796973096797,-0.9897695519176712,-0.760324474345021,-0.4806377619661694,-0.270376493571209,0.3919749731553789,0.8545755410766919,-0.8067976084037375,-0.6772612127598194,0.2784921358810667,0.2607062228398966,-0.4972517755991697,-1.1978505159913224,0.6279054331465134,0.3633791220702355
2.342645187586489,-0.8594693613312341,-0.7578847453352823,0.6280741756209629,-0.0084602941552706,0.3996372343872613,1.7326817758673727,2.303190510703673,0.5059835734036223,0.2145210140329482,-1.0129371484286014,-0.3616821166278091,-0.3242123322201614,-0.2266083655811306,1.816133954706112,-0.4684396830725553,-0.4249430917893408,-0.2968364669508921,-0.3019339255063415,-0.2648609196163668,-0.2506821295079583,-0.162435292576479,-0.162435292576479,-0.0507673082566809,1.444749662502673,1.4575657762062992,-0.6040796973096797,1.0103361919575191,1.3152279503582291,2.08056894220972,-0.270376493571209,-0.7206452858225021,0.988660399593918,1.959568805602908,-1.1150388993061302,-0.1681262905097749,2.275568223198568,-0.2214280839081098,1.601257589988274,-1.592596507707975,0.7428313980554828
-0.3162731203675878,-0.8550032877802722,-0.0124421487345885,-0.1341282541243147,-0.0176409843620149,-0.3121632787175434,-0.0384155098935941,-0.1237380003493169,-0.8105581315887075,0.2145210140329482,0.9872280837476723,-0.3616821166278091,-0.3242123322201614,-0.2266083655811306,-0.5506201772224562,-0.4684396830725553,2.353256281421644,-0.2968364669508921,-0.3019339255063415,-0.2648609196163668,-0.2506821295079583,-0.162435292576479,-0.162435292576479,-0.0507673082566809,-0.6921614352674402,1.4575657762062992,-0.6040796973096797,1.0103361919575191,-0.760324474345021,-0.4806377619661694,-0.270376493571209,-0.7206452858225021,-0.0002154319706254,-0.8067976084037375,1.2489606080439473,-0.8159543200349533,0.9323268896261204,-0.2165579730811535,0.0633821741373198,0.6279054331465134,-0.5588956342250347
0.8448494170716985,0.6681653593222568,-0.4641253831623692,-0.4219612471486578,-1.0308620978674985,-1.089770123158497,-1.1453513134941986,-0.1237380003493169,-0.8900503080824568,0.2145210140329482,-1.0129371484286014,-0.3616821166278091,-0.3242123322201614,-0.2266083655811306,1.816133954706112,-0.4684396830725553,-0.4249430917893408,3.368858315395045,-0.3019339255063415,-0.2648609196163668,-0.2506821295079583,-0.162435292576479,-0.162435292576479,-0.0507673082566809,-0.6921614352674402,1.4575657762062992,-0.6040796973096797,1.0103361919575191,-0.760324474345021,-0.4806377619661694,-0.270376493571209,0.3919749731553789,-1.290782195198928,-0.161312111802187,-0.1519279889042467,-0.904351918397401,0.9323268896261204,1.5488954169142566,-1.1620881071603562,-1.592596507707975,-0.9854907288630066
-0.307276750864252,-0.8580067619510949,1.3867037046883204,0.6854592642132524,-0.0940228401306786,0.0127641775944568,-1.3667384742143194,-0.9327141707003136,-0.7727047142107317,-1.3902611870981454,0.9872280837476723,-0.3616821166278091,-0.3242123322201614,-0.2266083655811306,-0.5506201772224562,2.134746555716359,-0.4249430917893408,-0.2968364669508921,-0.3019339255063415,-0.2648609196163668,-0.2506821295079583,-0.162435292576479,-0.162435292576479,-0.0507673082566809,-0.6921614352674402,1.4575657762062992,-0.6040796973096797,-0.9897695519176712,-0.760324474345021,-0.4806377619661694,-0.270376493571209,-0.3497718661632084,0.3014754996931336,-0.8067976084037375,0.8987384588068987,-0.6686249894308737,0.2607062228398966,-0.9560852880068772,-1.4221629647615412,0.6279054331465134,-0.4310251387321876
0.5522030230944123,1.271100491243446,-0.6043543651875564,-1.0387811379724718,-0.7528767454130776,-0.8448397926779677,-0.9239641527740776,-0.9327141707003136,-0.924118383722635,0.2145210140329482,-1.0129371484286014,2.7648588471103626,-0.3242123322201614,-0.2266083655811306,-0.5506201772224562,-0.4684396830725553,-0.4249430917893408,-0.2968364669508921,-0.3019339255063415,-0.2648609196163668,-0.2506821295079583,6.156297588648554,-0.162435292576479,-0.0507673082566809,-0.6921614352674402,-0.6860753842634565,1.6554107089736416,-0.9897695519176712,-0.760324474345021,-0.4806377619661694,-0.270376493571209,-1.0915187054817956,0.1673906411759073,1.129658881400914,-1.2025944366153922,-0.9211895561807244,-0.4109144439463271,0.6203657534790472,-0.878372760561792,0.6279054331465134,-1.3532992073784889
-0.3425396632775746,-0.853791512781374,-0.5790409942044865,-1.0168599606723814,-0.7587507303904587,-0.9616632173545994,-0.4882252748648806,-0.9327141707003136,-0.7739076547044511,0.6029670054445584,0.9872280837476723,-0.3616821166278091,-0.3242123322201614,-0.2266083655811306,-0.5506201772224562,-0.4684396830725553,2.353256281421644,-0.2968364669508921,-0.3019339255063415,-0.2648609196163668,-0.2506821295079583,-0.162435292576479,-0.162435292576479,-0.0507673082566809,-0.6921614352674402,-0.6860753842634565,-0.6040796973096797,-0.5056334130322505,-0.760324474345021,-0.4806377619661694,-0.270376493571209,-1.0915187054817956,-0.0052132148767544,-0.8067976084037375,1.2489606080439473,-0.6706315463395167,-1.5915864546671004,1.0732466110586762,-0.4576154191244512,0.6279054331465134,-0.462750778576591
-0.1927717502922306,-0.6553382736867703,-0.3667594463832477,-0.8330258340189493,0.094206356101121,0.1120774269306079,-1.3167432423369154,-0.9327141707003136,-0.7849131433291143,-1.2996603387954415,0.7613822753220574,-0.3616821166278091,-0.3242123322201614,-0.2266083655811306,-0.2833815053010933,-0.4684396830725553,-0.4249430917893408,-0.2968364669508921,-0.3019339255063415,3.775566442374484,-0.2506821295079583,-0.162435292576479,-0.162435292576479,-0.0507673082566809,-0.6921614352674402,-0.444029195742343,-0.6040796973096797,-0.9897695519176712,-0.760324474345021,-0.4806377619661694,-0.270376493571209,-1.0915187054817956,-1.4829907696894753,-0.671441468177775,-1.727927660470965,-0.6889891786148507,-1.5266505044459386,-0.9366529626434718,-1.3693694029739416,0.3771806190783862,-0.4996078097500399
0.5460045886865869,1.2703904353371662,-0.0213097474829476,0.6797347176626835,0.3937803107734285,1.1315065916680478,1.511294615147252,1.4942143403526764,2.179863279701243,2.6216943157295884,-1.0129371484286014,2.7648588471103626,-0.3242123322201614,-0.2266083655811306,-0.5506201772224562,-0.4684396830725553,-0.4249430917893408,-0.2968364669508921,-0.3019339255063415,-0.2648609196163668,-0.2506821295079583,-0.162435292576479,-0.162435292576479,-0.0507673082566809,1.444749662502673,-0.6860753842634565,-0.6040796973096797,-0.9897695519176712,-0.760324474345021,2.08056894220972,-0.270376493571209,1.1337218124739663,0.1673906411759073,1.129658881400914,-0.0643724515949846,1.1119561659009278,-1.082535110732551,0.4692901467286061,1.2700799140031598,0.6279054331465134,1.1788797142009897
-0.2171040421801741,-0.868845930864871,0.000778634853874,-0.514740788193856,-0.7528767454130776,-0.3560225724886238,-0.259802670613715,-0.9327141707003136,-0.8862649663446591,1.8193032151640416,0.9872280837476723,-0.3616821166278091,-0.3242123322201614,-0.2266083655811306,-0.5506201772224562,-0.4684396830725553,-0.4249430917893408,3.368858315395045,-0.3019339255063415,-0.2648609196163668,-0.2506821295079583,-0.162435292576479,-0.162435292576479,-0.0507673082566809,-0.6921614352674402,-0.6860753842634565,-0.6040796973096797,1.0103361919575191,-0.760324474345021,-0.4806377619661694,-0.270376493571209,-1.0915187054817956,0.8210543264473853,-0.8067976084037375,-0.1519279889042467,-0.8580484144932617,-1.082535110732551,2.196816794964972,-0.126290742881854,0.6279054331465134,-0.9560975640618568
0.5467815041709473,1.2702805262664674,-0.6430090342769944,-0.7346820553593165,-0.0940228401306786,0.0127641775944568,-0.9239641527740776,-0.1237380003493169,-0.8945927181678138,-1.3902611870981454,-1.0129371484286014,2.7648588471103626,-0.3242123322201614,-0.2266083655811306,-0.5506201772224562,-0.4684396830725553,-0.4249430917893408,3.368858315395045,-0.3019339255063415,-0.2648609196163668,-0.2506821295079583,-0.162435292576479,-0.162435292576479,-0.0507673082566809,-0.6921614352674402,-0.6860753842634565,1.6554107089736416,-0.9897695519176712,-0.760324474345021,-0.4806377619661694,-0.270376493571209,0.3919749731553789,0.1673906411759073,1.129658881400914,-0.1519279889042467,-0.909403209732398,-0.4109144439463271,-0.9560852880068772,-0.8997045991027485,0.6279054331465134,-1.0228762256553516
-0.4368904439005672,0.8505680388080079,-0.8320817191381977,-1.2359912094944052,-0.9750637226647352,-1.4920785919414994,-1.035266878602361,-0.9327141707003136,-0.9518373507220846,-0.5878700865325985,-1.0129371484286014,-0.3616821166278091,-0.3242123322201614,-0.2266083655811306,1.816133954706112,-0.4684396830725553,-0.4249430917893408,-0.2968364669508921,-0.3019339255063415,-0.2648609196163668,-0.2506821295079583,6.156297588648554,-0.162435292576479,-0.0507673082566809,-0.6921614352674402,-0.6860753842634565,1.6554107089736416,-0.9897695519176712,-0.760324474345021,-0.4806377619661694,-0.270376493571209,-1.0915187054817956,-0.8277902419939789,0.4337540147295889,-1.2025944366153922,-0.9674259951596968,-0.4109144439463271,0.2001038852942042,-0.9599212292129016,-1.592596507707975,-2.4929199862488924
-0.2195180407139187,-0.8695370056911885,0.3309757664291353,1.0689340715580784,0.456892909846514,-0.1520994643364875,-0.9239641527740776,0.6852381700016797,1.536353745845794,-0.5878700865325985,0.9872280837476723,-0.3616821166278091,-0.3242123322201614,-0.2266083655811306,-0.5506201772224562,-0.4684396830725553,-0.4249430917893408,-0.2968364669508921,-0.3019339255063415,3.775566442374484,-0.2506821295079583,-0.162435292576479,-0.162435292576479,-0.0507673082566809,-0.6921614352674402,-0.6860753842634565,-0.6040796973096797,1.0103361919575191,1.3152279503582291,2.08056894220972,-0.270376493571209,1.1337218124739663,0.8210543264473853,-0.8067976084037375,-1.727927660470965,1.099326977818082,0.2607062228398966,-0.6806861260130292,-1.0027878915409676,0.6279054331465134,1.0475464046512772
-1.2372619879970654,-0.6882619048087844,-0.8544963889223102,-1.2554021346844615,-0.927787209216238,-0.5039060666908006,-0.259802670613715,-0.9327141707003136,-0.9405139959575988,1.6372029279774734,0.9872280837476723,-0.3616821166278091,-0.3242123322201614,-0.2266083655811306,-0.5506201772224562,-0.4684396830725553,-0.4249430917893408,-0.2968364669508921,-0.3019339255063415,-0.2648609196163668,-0.2506821295079583,-0.162435292576479,-0.162435292576479,-0.0507673082566809,1.444749662502673,-0.6860753842634565,1.6554107089736416,-0.9897695519176712,-0.760324474345021,-0.4806377619661694,-0.270376493571209,-0.4339404918897659,1.0156470639590285,-0.8067976084037375,0.3833404700739198,-0.9485381483789784,-0.4109144439463271,2.989990849663668,-0.0034230983498207,0.6279054331465134,-1.6893832549087786
-0.2773160055860541,-0.8637588069839803,0.1288751295006244,-0.4038102458907561,-1.4962524706555451,-0.1358913510158504,-0.7025769920539569,-0.9327141707003136,-0.3714584900041879,0.2145210140329482,0.9872280837476723,-0.3616821166278091,-0.3242123322201614,-0.2266083655811306,-0.5506201772224562,2.134746555716359,-0.4249430917893408,-0.2968364669508921,-0.3019339255063415,-0.2648609196163668,-0.2506821295079583,-0.162435292576479,-0.162435292576479,-0.0507673082566809,-0.6921614352674402,1.4575657762062992,-0.6040796973096797,-0.9897695519176712,-0.760324474345021,-0.4806377619661694,-0.270376493571209,-0.3497718661632084,0.8713361483913451,-0.8067976084037375,0.8987384588068987,0.0006711124562308,0.2607062228398966,1.5488954169142566,-0.7393143835867841,0.6279054331465134,0.2210004265243867
-1.1748003283845567,-0.6888191819199807,-0.5568724046167974,-0.9976621389689942,-1.0929711397115065,-1.130742564127833,-0.259802670613715,-0.9327141707003136,-0.9503129485481944,0.2145210140329482,0.9872280837476723,-0.3616821166278091,-0.3242123322201614,-0.2266083655811306,-0.5506201772224562,-0.4684396830725553,-0.4249430917893408,-0.2968364669508921,-0.3019339255063415,-0.2648609196163668,-0.2506821295079583,-0.162435292576479,-0.162435292576479,-0.0507673082566809,1.444749662502673,-0.6860753842634565,1.6554107089736416,-0.9897695519176712,-0.760324474345021,-0.4806377619661694,-0.270376493571209,-1.0915187054817956,-0.7376821538153697,-0.8067976084037375,0.4609607722605881,-0.9648832262284486,-0.4109144439463271,1.5488954169142566,0.0609914197150908,0.6279054331465134,-2.028142301913026
-0.2195180407139187,-0.8695370056911885,-0.8925916317762641,-0.7059895110631718,-1.0165892839428428,-1.53093688143953,-0.9239641527740776,-0.1237380003493169,-0.8635529159178736,-0.5878700865325985,0.9872280837476723,-0.3616821166278091,-0.3242123322201614,-0.2266083655811306,-0.5506201772224562,-0.4684396830725553,-0.4249430917893408,-0.2968364669508921,-0.3019339255063415,-0.2648609196163668,3.989115626083163,-0.162435292576479,-0.162435292576479,-0.0507673082566809,-0.6921614352674402,1.4575657762062992,1.6554107089736416,-0.9897695519176712,-0.760324474345021,-0.4806377619661694,-0.270376493571209,-1.0915187054817956,0.8210543264473853,-0.8067976084037375,-0.7648167500690816,-0.8748860522765851,1.603947556412344,0.2964050644536896,-0.9128336560220696,0.6279054331465134,-0.8057520406286908
-0.2235790481069125,-0.8696493454007651,-0.8252381885557732,-1.2300647666134372,-0.7813852044761261,-0.391256089213528,-0.4811898313338359,-0.9327141707003136,-0.924118383722635,0.2145210140329482,0.9872280837476723,-0.3616821166278091,-0.3242123322201614,-0.2266083655811306,-0.5506201772224562,-0.4684396830725553,-0.4249430917893408,-0.2968364669508921,-0.3019339255063415,-0.2648609196163668,-0.2506821295079583,-0.162435292576479,-0.162435292576479,-0.0507673082566809,1.444749662502673,-0.6860753842634565,-0.6040796973096797,1.0103361919575191,-0.760324474345021,-0.4806377619661694,-0.270376493571209,1.1337218124739663,0.8210543264473853,-0.8067976084037375,0.0231830857142775,-0.9211895561807244,-1.082535110732551,0.6927172343801781,-0.3345825563620428,0.6279054331465134,-1.3532992073784889
0.5473586042681919,1.2708668847505975,-0.5789607869536191,-1.0167905018330907,-0.9045997309350652,-0.6790370540524802,-0.259802670613715,-0.9327141707003136,-0.8484115489666834,1.016912114598495,-1.0129371484286014,2.7648588471103626,-0.3242123322201614,-0.2266083655811306,-0.5506201772224562,-0.4684396830725553,-0.4249430917893408,-0.2968364669508921,-0.3019339255063415,-0.2648609196163668,-0.2506821295079583,-0.162435292576479,-0.162435292576479,-0.0507673082566809,1.444749662502673,-0.6860753842634565,-0.6040796973096797,-0.9897695519176712,-0.760324474345021,-0.4806377619661694,-0.270376493571209,-1.0915187054817956,0.1673906411759073,1.129658881400914,-0.9399278246876058,-0.7949072728057991,-1.7541557775187746,2.129096590861429,-0.1608109028962688,0.6279054331465134,-0.7237493533031532
2.3521234005929026,-0.8564079760843191,1.2972618791310078,2.026224859054151,-0.0940228401306786,0.0127641775944568,1.511294615147252,0.6852381700016797,0.0979238854827123,-1.3902611870981454,-1.0129371484286014,-0.3616821166278091,-0.3242123322201614,-0.2266083655811306,1.816133954706112,-0.4684396830725553,-0.4249430917893408,-0.2968364669508921,-0.3019339255063415,-0.2648609196163668,-0.2506821295079583,-0.162435292576479,-0.162435292576479,-0.0507673082566809,1.444749662502673,-0.6860753842634565,-0.6040796973096797,1.0103361919575191,1.3152279503582291,-0.4806377619661694,-0.270376493571209,0.3919749731553789,0.619927038671546,1.959568805602908,0.2858496976420639,-0.1003547142437094,-0.4109144439463271,-0.9560852880068772,1.4376858614928616,-1.592596507707975,0.5561917173289985
-1.0070227012386124,0.4621029988143562,3.0387373515076144,2.1161072210524146,2.5943583014224423,1.848072150963683,-1.1453513134941986,-0.9327141707003136,-0.9581864593628132,-0.5878700865325985,-1.0129371484286014,-0.3616821166278091,-0.3242123322201614,-0.2266083655811306,1.816133954706112,2.134746555716359,-0.4249430917893408,-0.2968364669508921,-0.3019339255063415,-0.2648609196163668,-0.2506821295079583,-0.162435292576479,-0.162435292576479,-0.0507673082566809,-0.6921614352674402,1.4575657762062992,-0.6040796973096797,-0.9897695519176712,-0.760324474345021,-0.4806377619661694,-0.270376493571209,-1.0915187054817956,-0.3857094002076509,-0.9912220360041804,0.8987384588068987,-0.9780165836994408,0.2607062228398966,-0.8279640065789918,-1.097301077625107,-1.592596507707975,-2.672766094611239
0.5473586042681919,1.2708668847505975,-0.7556678456481924,-1.1698174047458632,-0.8282178751664017,-0.9477578341281078,0.6257459722667684,-0.9327141707003136,-0.8711235993934688,1.016912114598495,-1.0129371484286014,2.7648588471103626,-0.3242123322201614,-0.2266083655811306,-0.5506201772224562,-0.4684396830725553,-0.4249430917893408,-0.2968364669508921,-0.3019339255063415,-0.2648609196163668,-0.2506821295079583,-0.162435292576479,-0.162435292576479,-0.0507673082566809,1.444749662502673,-0.6860753842634565,1.6554107089736416,-0.9897695519176712,-0.760324474345021,-0.4806377619661694,-0.270376493571209,1.8754686517925536,0.1841512484905606,1.129658881400914,1.1614050707346852,-0.8327919578182766,-0.4109144439463271,1.7187905617988897,0.8820511110475316,0.6279054331465134,-0.8516198105932681
1.65080049367186,0.4188680760703021,0.2558833279373492,-0.2938221594222009,0.0495601811999039,-0.0863279143593956,0.1829716508265267,-0.9327141707003136,-0.69699787945478,1.016912114598495,-1.0129371484286014,-0.3616821166278091,-0.3242123322201614,-0.2266083655811306,1.816133954706112,-0.4684396830725553,-0.4249430917893408,-0.2968364669508921,3.3119829059387924,-0.2648609196163668,-0.2506821295079583,-0.162435292576479,-0.162435292576479,-0.0507673082566809,-0.6921614352674402,-0.6860753842634565,-0.6040796973096797,1.0103361919575191,-0.760324474345021,-0.4806377619661694,-0.270376493571209,-0.3497718661632084,-0.0840184685438918,0.4841733847993635,-1.027483361996868,-0.5423427060559483,-1.082535110732551,0.1018696017033383,0.2506124775451243,-1.592596507707975,-0.2382125925912613
0.5473586042681919,1.2708668847505975,-0.5933101740191455,-0.7366018728000562,-0.5532803631854751,-0.4999130549080998,0.8471331329868893,0.6852381700016797,-0.615613032092132,1.016912114598495,-1.0129371484286014,2.7648588471103626,-0.3242123322201614,-0.2266083655811306,-0.5506201772224562,-0.4684396830725553,2.353256281421644,-0.2968364669508921,-0.3019339255063415,-0.2648609196163668,-0.2506821295079583,-0.162435292576479,-0.162435292576479,-0.0507673082566809,-0.6921614352674402,-0.6860753842634565,1.6554107089736416,1.0103361919575191,-0.760324474345021,-0.4806377619661694,-0.270376493571209,1.8754686517925536,0.1673906411759073,1.129658881400914,1.2489606080439473,-0.6954599746480453,0.2607062228398966,0.8528420887360308,0.9283355438302928,0.6279054331465134,-0.0847270131887554
-0.3062246669859333,-0.8581657257336859,-0.0201811440058837,0.3736809118371386,0.456892909846514,0.8046313792488465,1.511294615147252,0.6852381700016797,-0.0534897840291909,0.2145210140329482,0.9872280837476723,-0.3616821166278091,-0.3242123322201614,-0.2266083655811306,-0.5506201772224562,-0.4684396830725553,-0.4249430917893408,-0.2968364669508921,-0.3019339255063415,-0.2648609196163668,-0.2506821295079583,-0.162435292576479,-0.162435292576479,-0.0507673082566809,1.444749662502673,1.4575657762062992,-0.6040796973096797,1.0103361919575191,1.3152279503582291,-0.4806377619661694,-0.270376493571209,-0.3497718661632084,0.3014754996931336,-0.8067976084037375,-1.6403721231617028,-0.2266369976186348,1.603947556412344,-0.4052869640191812,1.463167767466982,0.6279054331465134,0.4678569614949878
-1.1888237827962238,-0.6853435009054044,-0.6098764607717618,-0.5462956057652855,-0.13780767034746,-0.1339783762677064,0.8471331329868893,0.6852381700016797,-0.5417988682050792,1.8193032151640416,0.9872280837476723,-0.3616821166278091,-0.3242123322201614,-0.2266083655811306,-0.5506201772224562,-0.4684396830725553,-0.4249430917893408,-0.2968364669508921,-0.3019339255063415,-0.2648609196163668,3.989115626083163,-0.162435292576479,-0.162435292576479,-0.0507673082566809,-0.6921614352674402,-0.6860753842634565,-0.6040796973096797,1.0103361919575191,1.3152279503582291,-0.4806377619661694,-0.270376493571209,0.3919749731553789,-1.056133692793782,-0.8067976084037375,-0.7648167500690816,-0.6338973615027692,-0.4109144439463271,0.6634984398640765,0.90086339634781,0.6279054331465134,0.0259795888891734
0.9660232881881264,1.3999422059003477,0.3166263793636088,0.4578387272848336,2.5465220735030902,2.0710554438791444,2.1754560973076145,-0.1237380003493169,0.1357773028606882,0.2145210140329482,-1.0129371484286014,-0.3616821166278091,3.0843984038242387,-0.2266083655811306,-0.5506201772224562,-0.4684396830725553,-0.4249430917893408,-0.2968364669508921,-0.3019339255063415,3.775566442374484,-0.2506821295079583,-0.162435292576479,-0.162435292576479,-0.0507673082566809,-0.6921614352674402,-0.6860753842634565,1.6554107089736416,-0.9897695519176712,1.3152279503582291,-0.4806377619661694,-0.270376493571209,-0.3497718661632084,-1.6427549488066469,0.1153245295984775,-1.727927660470965,0.2363980414227582,0.2607062228398966,-0.6967387864197033,2.090588807478129,0.6279054331465134,0.5763005043464302
-0.3053521311342684,-0.8581430103085397,-0.9268125014915226,-1.3180273111709615,-0.0940228401306786,0.0127641775944568,-0.7025769920539569,-0.9327141707003136,-0.9127623585092424,-1.3902611870981454,0.9872280837476723,-0.3616821166278091,-0.3242123322201614,-0.2266083655811306,-0.5506201772224562,-0.4684396830725553,-0.4249430917893408,-0.2968364669508921,-0.3019339255063415,-0.2648609196163668,-0.2506821295079583,-0.162435292576479,-0.162435292576479,-0.0507673082566809,1.444749662502673,-0.6860753842634565,1.6554107089736416,-0.9897695519176712,-0.760324474345021,-0.4806377619661694,-0.270376493571209,-1.0915187054817956,0.3014754996931336,-0.8067976084037375,0.373405234951326,-0.9022472136744856,-0.4109144439463271,-0.9560852880068772,-0.6213549840112486,0.6279054331465134,-1.202953816185357
0.513985017374839,1.205254439857509,0.0526943947988126,-0.4697821543088992,-0.0940228401306786,0.0127641775944568,-1.3667384742143194,-0.9327141707003136,1.6877674153576971,-1.3902611870981454,-1.0129371484286014,-0.3616821166278091,-0.3242123322201614,-0.2266083655811306,1.816133954706112,-0.4684396830725553,-0.4249430917893408,-0.2968364669508921,-0.3019339255063415,-0.2648609196163668,-0.2506821295079583,-0.162435292576479,-0.162435292576479,-0.0507673082566809,1.444749662502673,-0.6860753842634565,-0.6040796973096797,-0.9897695519176712,-0.760324474345021,2.08056894220972,-0.270376493571209,-1.0915187054817956,-2.0114883097290197,1.4062955228015783,-1.3777055112339165,3.435549220254201,-1.082535110732551,-0.9560852880068772,-1.4221629647615412,-1.592596507707975,1.0812644619245
-0.2242417388264135,-0.8693940310930687,-0.6231375516272625,-1.055047227561284,-1.370993660952189,-1.2441297946541787,0.1829716508265267,-0.9327141707003136,-0.9581864593628132,0.2145210140329482,0.9872280837476723,-0.3616821166278091,-0.3242123322201614,-0.2266083655811306,-0.5506201772224562,-0.4684396830725553,-0.4249430917893408,-0.2968364669508921,-0.3019339255063415,3.775566442374484,-0.2506821295079583,-0.162435292576479,-0.162435292576479,-0.0507673082566809,-0.6921614352674402,-0.6860753842634565,1.6554107089736416,-0.9897695519176712,-0.760324474345021,-0.4806377619661694,-0.270376493571209,0.3919749731553789,0.8210543264473853,-0.8067976084037375,-1.727927660470965,-0.9780165836994408,-0.4109144439463271,1.5488954169142566,0.8518702451934983,0.6279054331465134,-2.672766094611239
-0.223960230386362,-0.8716597489130937,0.0825217724069294,-0.443951883288039,-0.1001185210776668,1.3764021407895195,-0.259802670613715,-0.9327141707003136,-0.4320239578089492,1.8193032151640416,0.9872280837476723,-0.3616821166278091,-0.3242123322201614,-0.2266083655811306,-0.5506201772224562,-0.4684396830725553,2.353256281421644,-0.2968364669508921,-0.3019339255063415,-0.2648609196163668,-0.2506821295079583,-0.162435292576479,-0.162435292576479,-0.0507673082566809,-0.6921614352674402,-0.6860753842634565,-0.6040796973096797,-0.9897695519176712,1.3152279503582291,-0.4806377619661694,-0.270376493571209,-0.3497718661632084,0.8210543264473853,-0.8067976084037375,1.2489606080439473,-0.1003547142437094,-1.082535110732551,0.6166316866304031,-0.2767344206746054,0.6279054331465134,0.1589895419031008
-0.3641394290186777,-0.8501206645965087,-0.5811776866407089,-1.0187103192738305,-0.914783978370887,-1.1450377027003262,-0.7025769920539569,-0.9327141707003136,-0.8105581315887075,0.2145210140329482,0.9872280837476723,-0.3616821166278091,-0.3242123322201614,-0.2266083655811306,-0.5506201772224562,-0.4684396830725553,2.353256281421644,-0.2968364669508921,-0.3019339255063415,-0.2648609196163668,-0.2506821295079583,-0.162435292576479,-0.162435292576479,-0.0507673082566809,-0.6921614352674402,-0.6860753842634565,-0.6040796973096797,-0.9897695519176712,-0.760324474345021,-0.4806377619661694,-0.270376493571209,-1.0915187054817956,-0.2851457563197312,-0.8067976084037375,1.2489606080439473,-0.7317661311183363,-1.7541557775187746,1.143647071524668,-0.6793903953121108,0.6279054331465134,-0.5588956342250347
-0.3114804092943404,-0.8571507925833246,-0.552478912509656,0.1852944622431076,-0.7477846216951667,0.1700107018918826,2.6182304187478564,0.6852381700016797,0.8572634380849075,1.016912114598495,0.9872280837476723,-0.3616821166278091,-0.3242123322201614,-0.2266083655811306,-0.5506201772224562,-0.4684396830725553,-0.4249430917893408,-0.2968364669508921,-0.3019339255063415,3.775566442374484,-0.2506821295079583,-0.162435292576479,-0.162435292576479,-0.0507673082566809,-0.6921614352674402,-0.6860753842634565,-0.6040796973096797,1.0103361919575191,1.3152279503582291,-0.4806377619661694,-0.270376493571209,0.8864975909290812,0.3014754996931336,-0.8067976084037375,-1.727927660470965,0.5329509368815414,-0.4109144439463271,1.3902011351992254,2.4187456947084343,0.6279054331465134,0.8657750087145168
1.0687007809442013,0.5455843495388962,-0.3729173874213077,-0.8383585618247043,-0.9647468489390972,-1.4634880679811797,-1.0668033971163997,-0.9327141707003136,-0.9543224788099016,-0.4455263551605908,-1.0129371484286014,-0.3616821166278091,-0.3242123322201614,-0.2266083655811306,1.816133954706112,-0.4684396830725553,-0.4249430917893408,-0.2968364669508921,-0.3019339255063415,-0.2648609196163668,-0.2506821295079583,6.156297588648554,-0.162435292576479,-0.0507673082566809,-0.6921614352674402,-0.6860753842634565,1.2545783777040995,-0.6349519143328153,-0.760324474345021,-0.4806377619661694,-0.270376493571209,-1.0915187054817956,1.1816823892303403,1.3527382554290637,-1.2025944366153922,-0.9715712965769382,-0.5300595736835897,0.318294664158145,-0.9799230472891682,-1.592596507707975,-3.006205406200729
-0.1959192978359879,-0.8628593777930798,0.7473095276645937,0.1317490085322973,0.2400130420070241,0.2748069367311095,-0.9239641527740776,-0.9327141707003136,-0.6742858290279945,1.016912114598495,0.9872280837476723,-0.3616821166278091,-0.3242123322201614,-0.2266083655811306,-0.5506201772224562,-0.4684396830725553,-0.4249430917893408,-0.2968364669508921,-0.3019339255063415,-0.2648609196163668,-0.2506821295079583,-0.162435292576479,-0.162435292576479,-0.0507673082566809,1.444749662502673,-0.6860753842634565,-0.6040796973096797,-0.9897695519176712,1.3152279503582291,-0.4806377619661694,-0.270376493571209,-0.3497718661632084,-1.7768398073238731,-0.8067976084037375,0.2858496976420639,-0.5044580210434707,-1.082535110732551,-0.0207987739048065,-0.946660763612344,0.6279054331465134,-0.1910867485491456
-0.2195180407139187,-0.8695370056911885,3.35236819633026,2.387709030259596,-0.0940228401306786,0.0127641775944568,-1.3667384742143194,-0.9327141707003136,-0.7651340307351365,-1.3902611870981454,0.9872280837476723,-0.3616821166278091,-0.3242123322201614,-0.2266083655811306,-0.5506201772224562,-0.4684396830725553,-0.4249430917893408,3.368858315395045,-0.3019339255063415,-0.2648609196163668,-0.2506821295079583,-0.162435292576479,-0.162435292576479,-0.0507673082566809,-0.6921614352674402,1.4575657762062992,-0.6040796973096797,-0.9897695519176712,-0.760324474345021,-0.4806377619661694,-0.270376493571209,-1.0915187054817956,0.8210543264473853,-0.8067976084037375,-0.1519279889042467,-0.6559967610933811,0.2607062228398966,-0.9560852880068772,-1.4221629647615412,0.6279054331465134,-0.4085500446717648
-0.3168255358591416,-0.8483951319606274,1.88586889968686,2.344670213815379,-0.0940228401306786,0.0127641775944568,-0.259802670613715,0.6852381700016797,3.0353490740136366,-1.3902611870981454,0.9872280837476723,-0.3616821166278091,-0.3242123322201614,-0.2266083655811306,-0.5506201772224562,-0.4684396830725553,-0.4249430917893408,-0.2968364669508921,-0.3019339255063415,-0.2648609196163668,-0.2506821295079583,-0.162435292576479,-0.162435292576479,-0.0507673082566809,1.444749662502673,1.4575657762062992,-0.6040796973096797,-0.9897695519176712,-0.760324474345021,2.08056894220972,-0.270376493571209,2.122692873337439,0.8545755410766919,-0.8067976084037375,0.7236273841883746,2.3495215832298437,0.9323268896261204,-0.9560852880068772,-0.3999615149684314,0.6279054331465134,1.316878061699892
2.333273196335932,-0.8655961003954509,-0.7909770115734768,-1.063668953158787,-0.5593760441324633,-0.936349548357359,-0.0384155098935941,-0.1237380003493169,-0.9216957650104446,0.2145210140329482,-1.0129371484286014,-0.3616821166278091,-0.3242123322201614,-0.2266083655811306,1.816133954706112,-0.4684396830725553,-0.4249430917893408,-0.2968364669508921,3.3119829059387924,-0.2648609196163668,-0.2506821295079583,-0.162435292576479,-0.162435292576479,-0.0507673082566809,-0.6921614352674402,-0.6860753842634565,1.6554107089736416,-0.9897695519176712,-0.760324474345021,-0.4806377619661694,-0.270376493571209,1.8754686517925536,0.988660399593918,1.959568805602908,-1.027483361996868,-0.9395425813645468,-0.4109144439463271,0.2585846592768993,0.2020728721116352,-1.592596507707975,-1.317750412442514
0.1629945377975771,1.159990287546758,1.1757303449136405,0.5190022715189393,-0.0940228401306786,0.0127641775944568,-0.7025769920539569,-0.2457126683063211,-0.7322510846198401,-1.3902611870981454,-1.0129371484286014,0.1097270668348784,-0.3242123322201614,-0.2266083655811306,1.4592828384951102,-0.4684396830725553,-0.4249430917893408,-0.2968364669508921,-0.3019339255063415,-0.2648609196163668,-0.2506821295079583,-0.162435292576479,6.156297588648554,-0.0507673082566809,-0.6921614352674402,1.4575657762062992,-0.6040796973096797,-0.9897695519176712,-0.760324474345021,-0.4806377619661694,-0.270376493571209,-0.8678425880634364,-1.028223367703189,0.3465711744744899,-1.4652610485431783,-0.6818448023203797,0.2607062228398966,-0.9560852880068772,-0.6929986260183081,-1.2577967980748763,-0.3868077386939431
5.381536125376495,5.338595607524089,1.2453461191860693,1.7221257764409958,-0.0940228401306786,0.0127641775944568,-0.4811898313338359,0.6852381700016797,3.050490440964827,-1.3902611870981454,0.9872280837476723,-0.3616821166278091,-0.3242123322201614,-0.2266083655811306,-0.5506201772224562,-0.4684396830725553,-0.4249430917893408,-0.2968364669508921,-0.3019339255063415,-0.2648609196163668,-0.2506821295079583,-0.162435292576479,-0.162435292576479,-0.0507673082566809,1.444749662502673,-0.6860753842634565,-0.6040796973096797,-0.9897695519176712,-0.760324474345021,2.08056894220972,3.698546374323143,1.6282444302476682,0.9383785776499582,-0.8067976084037375,0.7236273841883746,2.362149811567336,-0.4109144439463271,-0.9560852880068772,-0.6045663828436856,0.6279054331465134,1.3190445733804883
-0.3473572750426509,-0.8484874962379736,-0.7236235683529859,-0.7767435101973391,0.1330784439308951,-0.1053880991227201,1.289907454427131,-0.1237380003493169,-0.3941705404309734,1.016912114598495,0.9872280837476723,-0.3616821166278091,-0.3242123322201614,-0.2266083655811306,-0.5506201772224562,-0.4684396830725553,-0.4249430917893408,-0.2968364669508921,3.3119829059387924,-0.2648609196163668,-0.2506821295079583,-0.162435292576479,-0.162435292576479,-0.0507673082566809,-0.6921614352674402,-0.6860753842634565,-0.6040796973096797,1.0103361919575191,-0.760324474345021,-0.4806377619661694,-0.270376493571209,0.7628483928146726,-0.0002154319706254,-0.8067976084037375,-1.027483361996868,-0.3529192809935602,-1.082535110732551,0.0443305810769592,1.315596457144516,0.6279054331465134,0.1985253265866162
-0.3136518750812283,-0.8544879923382351,0.1410479241460992,-0.1054357098281699,1.996609880754975,1.2887183346064168,0.1829716508265267,-0.1237380003493169,-0.1291966187851426,-0.5878700865325985,0.9872280837476723,-0.3616821166278091,-0.3242123322201614,-0.2266083655811306,-0.5506201772224562,2.134746555716359,-0.4249430917893408,-0.2968364669508921,-0.3019339255063415,-0.2648609196163668,-0.2506821295079583,-0.162435292576479,-0.162435292576479,-0.0507673082566809,-0.6921614352674402,1.4575657762062992,-0.6040796973096797,-0.9897695519176712,1.3152279503582291,-0.4806377619661694,-0.270376493571209,-0.7206452858225021,-0.0002154319706254,-0.8067976084037375,0.8987384588068987,-0.0582606197854009,0.9323268896261204,-0.8054336469594837,0.1393300921949279,0.6279054331465134,0.4179958212511992
0.5525223639406577,1.270562833923735,0.4027630090238057,-0.166625527530289,0.0852050472252802,0.0632667109454549,-0.259802670613715,-0.9327141707003136,-0.7575633472595413,0.2145210140329482,-1.0129371484286014,2.7648588471103626,-0.3242123322201614,-0.2266083655811306,-0.5506201772224562,-0.4684396830725553,-0.4249430917893408,-0.2968364669508921,-0.3019339255063415,-0.2648609196163668,3.989115626083163,-0.162435292576479,-0.162435292576479,-0.0507673082566809,-0.6921614352674402,-0.6860753842634565,-0.6040796973096797,1.0103361919575191,-0.760324474345021,-0.4806377619661694,-0.270376493571209,-0.3497718661632084,0.1673906411759073,1.129658881400914,-0.7648167500690816,-0.6433685327558886,-1.082535110732551,-0.267680267542379,-0.2077092947555114,0.6279054331465134,-0.386923272345309
0.5471489150388008,1.2706385372764115,-0.4155148191145463,-0.8073558719342235,-0.5369632660164029,-0.4627317820759944,0.1829716508265267,-0.1237380003493169,-0.8181288150643027,0.2145210140329482,-1.0129371484286014,2.7648588471103626,-0.3242123322201614,-0.2266083655811306,-0.5506201772224562,-0.4684396830725553,2.353256281421644,-0.2968364669508921,-0.3019339255063415,-0.2648609196163668,-0.2506821295079583,-0.162435292576479,-0.162435292576479,-0.0507673082566809,-0.6921614352674402,-0.6860753842634565,1.6554107089736416,1.0103361919575191,-0.760324474345021,-0.4806377619661694,-0.270376493571209,0.0211015534960852,0.1673906411759073,1.129658881400914,1.2489606080439473,-0.8243731389266149,0.2607062228398966,0.2271330112945856,0.3167242184449022,0.6279054331465134,-0.5882888141062067
1.0622433614932028,1.3054710065814226,-0.0654462048895531,-0.2421616173804803,-0.2864828153959535,-0.2178362329545222,0.6257459722667684,-0.1237380003493169,-0.66557954303106,0.2145210140329482,-1.0129371484286014,2.7648588471103626,-0.3242123322201614,-0.2266083655811306,-0.5506201772224562,-0.4684396830725553,-0.4249430917893408,-0.2968364669508921,-0.3019339255063415,3.775566442374484,-0.2506821295079583,-0.162435292576479,-0.162435292576479,-0.0507673082566809,-0.6921614352674402,1.4575657762062992,-0.6040796973096797,1.0103361919575191,-0.760324474345021,-0.4806377619661694,-0.270376493571209,0.3919749731553789,0.1673906411759073,1.129658881400914,-1.727927660470965,-0.6547339382596319,0.9323268896261204,-0.038418263191462,0.7136541677582698,0.6279054331465134,-0.174001938151902
-0.6454758563445554,0.7047594672988384,-0.7103624774974853,0.8346465322445458,0.360179727992469,-0.2426005606032209,-0.9239641527740776,0.6852381700016797,0.1953142933152899,-0.5878700865325985,-1.0129371484286014,-0.3616821166278091,-0.3242123322201614,-0.2266083655811306,1.816133954706112,-0.4684396830725553,-0.4249430917893408,-0.2968364669508921,-0.3019339255063415,-0.2648609196163668,-0.2506821295079583,-0.162435292576479,-0.162435292576479,-0.0507673082566809,1.444749662502673,-0.6860753842634565,-0.6040796973096797,1.0103361919575191,-0.760324474345021,-0.4806377619661694,-0.270376493571209,-1.0915187054817956,0.1171088192319475,1.5907199504020215,0.2858496976420639,-0.019129002459832,-1.082535110732551,-0.6655761920223494,-0.984390992038498,-1.592596507707975,0.6065662000101849
-0.278604931760023,-0.8648629313231175,3.029910060026294,2.1084628570611064,1.2002686350889815,0.5435277168067371,-0.9239641527740776,-0.9327141707003136,-0.3563171230529975,-0.5878700865325985,0.9872280837476723,-0.3616821166278091,-0.3242123322201614,-0.2266083655811306,-0.5506201772224562,2.134746555716359,-0.4249430917893408,-0.2968364669508921,-0.3019339255063415,-0.2648609196163668,-0.2506821295079583,-0.162435292576479,-0.162435292576479,-0.0507673082566809,-0.6921614352674402,1.4575657762062992,-0.6040796973096797,-0.9897695519176712,-0.760324474345021,-0.4806377619661694,-0.270376493571209,0.3919749731553789,0.8713361483913451,-0.8067976084037375,0.8987384588068987,0.0259275691312159,0.2607062228398966,-0.7593412624586426,-0.9676127624141738,0.6279054331465134,0.2355085835992872
0.115513000608215,-0.2249298037367202,0.92608083212105,1.4816869684463856,0.4144961506141502,0.2596689303161663,-0.7749713769250552,0.9651382002780848,1.7181398628179871,-1.1202580012743988,0.9872280837476723,-0.3616821166278091,-0.3242123322201614,-0.2266083655811306,-0.5506201772224562,-0.4684396830725553,-0.4249430917893408,-0.2968364669508921,-0.3019339255063415,-0.2648609196163668,-0.2506821295079583,-0.162435292576479,6.156297588648554,-0.0507673082566809,-0.6921614352674402,1.4575657762062992,-0.6040796973096797,-0.3167375075068537,0.6168082313221004,0.3812037629376041,-0.270376493571209,1.1302004833326662,0.2661336539260823,-0.8067976084037375,-1.4652610485431783,1.202671067210535,1.1583260558301525,-0.8949742237735318,-0.8653900166740536,0.6279054331465134,1.0680676025558111
1.6438118920439897,0.4261142966920183,0.6876547724483599,1.0622321634013148,-0.0940228401306786,0.0127641775944568,-0.7025769920539569,0.6852381700016797,2.369128928161262,-1.3902611870981454,-1.0129371484286014,-0.3616821166278091,-0.3242123322201614,-0.2266083655811306,1.816133954706112,-0.4684396830725553,-0.4249430917893408,-0.2968364669508921,-0.3019339255063415,-0.2648609196163668,-0.2506821295079583,-0.162435292576479,-0.162435292576479,-0.0507673082566809,1.444749662502673,1.4575657762062992,-0.6040796973096797,-0.9897695519176712,1.3152279503582291,2.08056894220972,-0.270376493571209,-0.1025476446183232,0.7372512898741189,0.4841733847993635,-0.3270390635227709,1.7938795363801714,1.603947556412344,-0.9560852880068772,-0.8028300832835222,-1.592596507707975,1.2124002148950586
1.0017154091506906,1.3961259702823103,0.0813931689298654,0.3784630025531628,0.456892909846514,-0.1520994643364875,-0.9239641527740776,-0.1237380003493169,0.173630720238664,-0.5878700865325985,-1.0129371484286014,-0.3616821166278091,3.0843984038242387,-0.2266083655811306,-0.5506201772224562,2.134746555716359,-0.4249430917893408,-0.2968364669508921,-0.3019339255063415,-0.2648609196163668,-0.2506821295079583,-0.162435292576479,-0.162435292576479,-0.0507673082566809,-0.6921614352674402,-0.6860753842634565,-0.6040796973096797,1.0103361919575191,1.3152279503582291,-0.4806377619661694,-0.270376493571209,0.0211015534960852,1.524999833662823,0.1153245295984775,0.8987384588068987,0.2784921358810667,-0.4109144439463271,-0.6806861260130292,-0.9839184761708624,0.6279054331465134,0.5957275047412827
-0.1017326690957672,-0.5685066275330075,-0.3485815623425877,-0.7224592876955487,-0.0721081070420241,-0.552363734617669,-0.1617453528856958,-0.8200485312960135,-0.6217231444873332,-0.699618627108663,0.7086662384715423,0.0737494198171559,-0.3242123322201614,-0.2266083655811306,-0.5506201772224562,-0.4684396830725553,-0.4249430917893408,-0.2968364669508921,-0.3019339255063415,-0.2648609196163668,-0.2506821295079583,6.156297588648554,-0.162435292576479,-0.0507673082566809,-0.6921614352674402,-0.3875317301371386,-0.6040796973096797,-0.9897695519176712,-0.760324474345021,-0.4806377619661694,-0.270376493571209,-0.884913406115095,0.8023804064075355,-0.5371084425191752,-1.2025944366153922,-0.5516168434880174,-1.4735471219098653,-0.6256694544164734,-0.0597610801252936,0.6279054331465134,-0.5058734817917727
0.202757398585607,1.111656765354889,1.0144007221186415,0.363047851852534,-0.0940228401306786,0.0127641775944568,-1.2835892307144825,-0.9327141707003136,-0.8106287451873999,-1.3902611870981454,-1.0129371484286014,-0.3616821166278091,-0.3242123322201614,-0.2266083655811306,1.816133954706112,0.5092726907634555,-0.4249430917893408,-0.2968364669508921,-0.3019339255063415,-0.2648609196163668,-0.2506821295079583,-0.162435292576479,-0.162435292576479,-0.0507673082566809,0.6421622828731097,-0.6860753842634565,-0.6040796973096797,1.0103361919575191,-0.760324474345021,-0.4806377619661694,-0.270376493571209,-0.5343437694365534,-0.8024438649943095,0.9348367894983116,0.5707114382868628,-0.7318839176630909,-1.082535110732551,-0.9560852880068772,-1.3248214616940095,-1.592596507707975,-0.6141995587149726
0.3517310254685301,-0.1055515865731065,-0.4486473926197788,-0.6352355119290044,-0.0471530006541411,-0.6066222644954704,1.7326817758673727,-0.1237380003493169,-0.0527327156816314,0.2145210140329482,-1.0129371484286014,-0.3616821166278091,-0.3242123322201614,-0.2266083655811306,1.816133954706112,2.134746555716359,-0.4249430917893408,-0.2968364669508921,-0.3019339255063415,-0.2648609196163668,-0.2506821295079583,-0.162435292576479,-0.162435292576479,-0.0507673082566809,-0.6921614352674402,1.4575657762062992,-0.6040796973096797,1.0103361919575191,-0.760324474345021,-0.4806377619661694,-0.270376493571209,0.0211015534960852,-0.2683851490050779,-0.714585394603516,0.8987384588068987,0.0267694510203821,0.9323268896261204,-0.2004557219965533,1.684966682221078,-1.592596507707975,0.4683342973160359
0.4482636838330317,1.2411387570884167,-0.0676631045766427,-0.5740107884552355,-0.0940228401306786,0.0127641775944568,-0.9239641527740776,-0.9327141707003136,-0.0534897840291909,-1.3902611870981454,-1.0129371484286014,-0.3616821166278091,-0.3242123322201614,-0.2266083655811306,1.816133954706112,-0.4684396830725553,-0.4249430917893408,-0.2968364669508921,-0.3019339255063415,-0.2648609196163668,-0.2506821295079583,-0.162435292576479,-0.162435292576479,-0.0507673082566809,1.444749662502673,-0.6860753842634565,-0.6040796973096797,1.0103361919575191,-0.760324474345021,-0.4806377619661694,-0.270376493571209,2.617215491111141,0.5193633947836263,0.8530222400002495,-1.3777055112339165,0.5310567026309175,-1.082535110732551,-0.9560852880068772,-0.9782659290340764,-1.592596507707975,0.4678569614949878
-0.3127616702486467,-0.855020920960493,0.6931768680325653,0.3459657291471886,0.456892909846514,-0.1520994643364875,-0.7025769920539569,-0.1237380003493169,0.4196779331955069,-0.5878700865325985,0.9872280837476723,-0.3616821166278091,-0.3242123322201614,-0.2266083655811306,-0.5506201772224562,-0.4684396830725553,-0.4249430917893408,-0.2968364669508921,-0.3019339255063415,-0.2648609196163668,-0.2506821295079583,-0.162435292576479,-0.162435292576479,-0.0507673082566809,1.444749662502673,-0.6860753842634565,-0.6040796973096797,1.0103361919575191,1.3152279503582291,-0.4806377619661694,-0.270376493571209,0.0211015534960852,-0.0002154319706254,-0.8067976084037375,0.5485163095698503,0.5521037498600717,-0.4109144439463271,-0.6806861260130292,-0.7720717256069479,0.6279054331465134,0.7081094952322828
-1.0739075891412762,-0.7541417620785642,3.492637485622485,2.509181115600939,4.729779409753955,3.8463307915157103,-0.7025769920539569,-0.9327141707003136,-0.8862649663446591,-0.5878700865325985,0.9872280837476723,-0.3616821166278091,-0.3242123322201614,-0.2266083655811306,-0.5506201772224562,-0.4684396830725553,-0.4249430917893408,-0.2968364669508921,-0.3019339255063415,-0.2648609196163668,-0.2506821295079583,-0.162435292576479,-0.162435292576479,-0.0507673082566809,1.444749662502673,-0.6860753842634565,-0.6040796973096797,1.0103361919575191,-0.760324474345021,-0.4806377619661694,-0.270376493571209,-0.3497718661632084,0.921617970335305,-0.8067976084037375,-0.6772612127598194,-0.8580484144932617,-1.082535110732551,-0.8725788457810749,-0.644639631633729,0.6279054331465134,-0.9560975640618568
0.465553516236702,1.2389761849150156,-0.5957590794082087,-0.9843805223183296,-0.9917411556028516,-1.479690079438296,-0.894535670803418,-0.1237380003493169,-0.9517536817052358,-0.4812100979424616,-1.0129371484286014,-0.3616821166278091,-0.3242123322201614,-0.2266083655811306,1.816133954706112,-0.4684396830725553,-0.4249430917893408,-0.2968364669508921,-0.3019339255063415,-0.2648609196163668,0.3129043558320497,-0.162435292576479,-0.162435292576479,-0.0507673082566809,1.1606950248756465,-0.6860753842634565,1.6554107089736416,-0.7239001327897252,-0.760324474345021,-0.4806377619661694,-0.270376493571209,-0.9929200179306394,-0.899259424649227,0.9265675746746048,-1.5239865774617685,-0.9729678536969382,-0.3216374659167496,0.3343342299060204,-0.7833851662071907,-1.592596507707975,-2.1118987968083154
0.3602352618857867,-0.1119557896942094,-0.7909770115734768,-1.170759860580408,-0.0940228401306786,0.0127641775944568,-0.259802670613715,-0.1237380003493169,-0.9275251912866528,-1.3902611870981454,-1.0129371484286014,-0.3616821166278091,-0.3242123322201614,-0.2266083655811306,1.816133954706112,-0.4684396830725553,-0.4249430917893408,-0.2968364669508921,-0.3019339255063415,-0.2648609196163668,-0.2506821295079583,-0.162435292576479,-0.162435292576479,-0.0507673082566809,1.444749662502673,-0.6860753842634565,1.6554107089736416,1.0103361919575191,-0.760324474345021,-0.4806377619661694,-0.270376493571209,1.50459523213326,-1.6092337341773404,-0.714585394603516,0.373405234951326,-0.9460250719111264,0.2607062228398966,-0.9560852880068772,-0.0535477131386835,-1.592596507707975,-1.4073430430824514
-0.2175274221434564,-0.868741921617629,-0.4243824178629053,1.3309716993332112,-0.0940228401306786,0.0127641775944568,-0.259802670613715,1.4942143403526764,0.4764580592624706,-1.3902611870981454,0.9872280837476723,-0.3616821166278091,-0.3242123322201614,-0.2266083655811306,-0.5506201772224562,-0.4684396830725553,-0.4249430917893408,-0.2968364669508921,-0.3019339255063415,-0.2648609196163668,3.989115626083163,-0.162435292576479,-0.162435292576479,-0.0507673082566809,-0.6921614352674402,-0.6860753842634565,-0.6040796973096797,1.0103361919575191,1.3152279503582291,2.08056894220972,-0.270376493571209,-0.3497718661632084,0.8210543264473853,-0.8067976084037375,-0.7648167500690816,-0.0245853442187541,0.2607062228398966,-0.9560852880068772,-0.3411345652231803,0.6279054331465134,0.7311881163223921
2.332009370508384,-0.865721680457894,0.5507309863202883,-0.0384864398038319,-1.4035535177178091,1.0962382935840862,-0.7025769920539569,-0.9327141707003136,-0.651573778601209,1.016912114598495,-1.0129371484286014,-0.3616821166278091,-0.3242123322201614,-0.2266083655811306,1.816133954706112,-0.4684396830725553,2.353256281421644,-0.2968364669508921,-0.3019339255063415,-0.2648609196163668,-0.2506821295079583,-0.162435292576479,-0.162435292576479,-0.0507673082566809,-0.6921614352674402,1.4575657762062992,-0.6040796973096797,-0.9897695519176712,-0.760324474345021,-0.4806377619661694,-0.270376493571209,-1.0915187054817956,0.988660399593918,1.959568805602908,1.2489606080439473,-0.466573336030993,0.2607062228398966,2.801385769374823,-0.7122497051128776,-1.592596507707975,-0.1475436687217541
-1.175991685406561,-0.6900115207729989,-0.7468405541668715,-1.1621730407545543,-0.8913676430257492,-1.3556040504323803,0.6257459722667684,-0.9327141707003136,-0.9544011176250156,1.016912114598495,0.9872280837476723,-0.3616821166278091,-0.3242123322201614,-0.2266083655811306,-0.5506201772224562,-0.4684396830725553,-0.4249430917893408,-0.2968364669508921,-0.3019339255063415,-0.2648609196163668,-0.2506821295079583,6.156297588648554,-0.162435292576479,-0.0507673082566809,-0.6921614352674402,-0.6860753842634565,1.6554107089736416,-0.9897695519176712,-0.760324474345021,-0.4806377619661694,-0.270376493571209,-1.0915187054817956,-0.3019063636343845,-0.8067976084037375,-1.2025944366153922,-0.9717024695306946,-0.4109144439463271,2.0492358514680524,1.3396364453375644,0.6279054331465134,-2.2755696085845214
-0.3215052174221238,-0.8495191919579034,2.126583898437771,1.4600881486658628,1.5729972237255545,0.8923151854319499,-0.0384155098935941,-0.1237380003493169,0.400751224506519,-0.5878700865325985,0.9872280837476723,-0.3616821166278091,-0.3242123322201614,-0.2266083655811306,-0.5506201772224562,-0.4684396830725553,-0.4249430917893408,-0.2968364669508921,-0.3019339255063415,-0.2648609196163668,-0.2506821295079583,-0.162435292576479,-0.162435292576479,-0.0507673082566809,1.444749662502673,1.4575657762062992,-0.6040796973096797,-0.9897695519176712,1.3152279503582291,-0.4806377619661694,-0.270376493571209,1.1337218124739663,0.9383785776499582,-0.8067976084037375,-0.6772612127598194,0.5310567026309175,0.9323268896261204,-0.7839861826784625,-0.1209676120647097,0.6279054331465134,0.700205347349598
0.0921209487194824,1.1601105375324714,1.3215671611549191,1.0096640712966989,1.4792947135587418,0.8046313792488465,-0.7025769920539569,-0.1237380003493169,0.0222170507267607,-0.5878700865325985,-1.0129371484286014,-0.3616821166278091,-0.3242123322201614,-0.2266083655811306,1.816133954706112,-0.4684396830725553,-0.4249430917893408,-0.2968364669508921,-0.3019339255063415,-0.2648609196163668,-0.2506821295079583,-0.162435292576479,-0.162435292576479,-0.0507673082566809,1.444749662502673,-0.6860753842634565,-0.6040796973096797,1.0103361919575191,1.3152279503582291,-0.4806377619661694,-0.270376493571209,-0.7206452858225021,-1.944445880470406,0.207536743398699,0.0231830857142775,0.1101157580478328,-0.4109144439463271,-0.7783904202447828,-0.7593838476603472,-1.592596507707975,0.5137247645196329
-0.3190355356146999,-0.8556733044352243,0.1498752156274203,1.0727737064395575,1.013941509556957,0.369168763853188,0.4043588115466475,2.303190510703673,2.7476631019410203,-0.5878700865325985,0.9872280837476723,-0.3616821166278091,-0.3242123322201614,-0.2266083655811306,-0.5506201772224562,-0.4684396830725553,-0.4249430917893408,-0.2968364669508921,-0.3019339255063415,-0.2648609196163668,-0.2506821295079583,-0.162435292576479,-0.162435292576479,-0.0507673082566809,1.444749662502673,1.4575657762062992,-0.6040796973096797,1.0103361919575191,1.3152279503582291,2.08056894220972,3.698546374323143,0.7628483928146726,-0.3186669709490378,-0.8067976084037375,0.6360718468791124,1.0782799305889277,2.947188889984792,-0.7441710252778306,0.2198893414849028,0.6279054331465134,1.2740770688779883
-0.3062922248541377,-0.8581101303935412,-0.8064550021160671,-0.515683244028401,0.6900898748550759,0.3872550705629117,0.4043588115466475,-0.1237380003493169,-0.3184637056750217,1.016912114598495,0.9872280837476723,-0.3616821166278091,-0.3242123322201614,-0.2266083655811306,-0.5506201772224562,-0.4684396830725553,2.353256281421644,-0.2968364669508921,-0.3019339255063415,-0.2648609196163668,-0.2506821295079583,-0.162435292576479,-0.162435292576479,-0.0507673082566809,-0.6921614352674402,-0.6860753842634565,-0.6040796973096797,1.0103361919575191,1.3152279503582291,-0.4806377619661694,-0.270376493571209,-1.0915187054817956,0.3014754996931336,-0.8067976084037375,1.2489606080439473,-0.2687310920769432,-0.4109144439463271,-0.2219565579452672,0.3895368730518853,0.6279054331465134,0.2702490137792995
-1.18724448770795,-0.6850400245931852,-0.3095067068046173,-0.4133744273228043,-0.1011220783067442,-0.2778688586871826,1.9540689365874937,-0.1237380003493169,2.142008423893407,0.2145210140329482,0.9872280837476723,-0.3616821166278091,-0.3242123322201614,-0.2266083655811306,-0.5506201772224562,-0.4684396830725553,-0.4249430917893408,-0.2968364669508921,-0.3019339255063415,-0.2648609196163668,-0.2506821295079583,-0.162435292576479,-0.162435292576479,-0.0507673082566809,1.444749662502673,-0.6860753842634565,-0.6040796973096797,-0.9897695519176712,1.3152279503582291,2.08056894220972,-0.270376493571209,-0.7206452858225021,-0.3019063636343845,-0.8067976084037375,-0.9399278246876058,2.4673850477131065,-0.4109144439463271,-0.1691204238344756,1.686303370760672,0.6279054331465134,1.171933407357938
0.5523766533973712,1.270571413604816,-0.0990667385777884,-0.6012060849357668,-0.6458288270418165,-0.4499372220739226,0.4480884036615398,-0.9327141707003136,-0.9387125351871354,0.9942703088972992,-1.0129371484286014,2.7648588471103626,-0.3242123322201614,-0.2266083655811306,-0.5506201772224562,-0.4684396830725553,-0.4249430917893408,3.368858315395045,-0.3019339255063415,-0.2648609196163668,-0.2506821295079583,-0.162435292576479,-0.162435292576479,-0.0507673082566809,-0.6921614352674402,-0.6860753842634565,1.5916525955963556,-0.9333307334876696,-0.760324474345021,-0.4806377619661694,-0.270376493571209,-0.3288413152093276,0.1678635906066587,1.129658881400914,-0.1519279889042467,-0.945533233694091,-0.429866180364594,1.0584545645526278,0.9385955946996852,0.6279054331465134,-1.8299292164032792
-0.7225791336917657,0.7904819427595413,-0.8008355929534589,-1.1516641731012265,-0.9462505415431992,-1.4080521174534812,-0.8823018077692977,-0.7404710604297257,-0.949181185100822,-0.3971918360728435,-1.0129371484286014,-0.3616821166278091,-0.3242123322201614,-0.2266083655811306,1.816133954706112,-0.4684396830725553,-0.4249430917893408,-0.2968364669508921,-0.3019339255063415,-0.2648609196163668,-0.2506821295079583,6.156297588648554,-0.162435292576479,-0.0507673082566809,-0.6921614352674402,-0.1766657636884062,1.6554107089736416,-0.9897695519176712,-0.760324474345021,-0.4806377619661694,-0.270376493571209,-1.0915187054817956,-0.6518993073700268,-0.3019103713754566,-1.2025944366153922,-0.9694974349150586,0.0678924133025209,0.4480145857868449,-0.7718155833646654,-1.592596507707975,-2.746173293720215
-0.3026932093444859,-0.8586950746877795,2.513090282065112,1.6609010529672266,-0.0940228401306786,0.0127641775944568,-1.1453513134941986,-0.9327141707003136,2.270710042978525,-1.3902611870981454,0.9872280837476723,-0.3616821166278091,-0.3242123322201614,-0.2266083655811306,-0.5506201772224562,-0.4684396830725553,-0.4249430917893408,-0.2968364669508921,-0.3019339255063415,-0.2648609196163668,-0.2506821295079583,-0.162435292576479,6.156297588648554,-0.0507673082566809,-0.6921614352674402,-0.6860753842634565,-0.6040796973096797,-0.9897695519176712,1.3152279503582291,-0.4806377619661694,-0.270376493571209,0.3919749731553789,-0.1343002904878517,-0.8067976084037375,-1.4652610485431783,4.407922802241126,-1.082535110732551,-0.9560852880068772,-1.2153852563732672,0.6279054331465134,1.1952142867046849
0.5530412603360652,1.2714653522356816,-0.8925916317762641,-1.2883923110402715,-0.9901251081242112,-1.5061725537908313,-0.9239641527740776,-0.9327141707003136,-0.5834376273208526,-0.5878700865325985,-1.0129371484286014,2.7648588471103626,-0.3242123322201614,-0.2266083655811306,-0.5506201772224562,-0.4684396830725553,-0.4249430917893408,-0.2968364669508921,-0.3019339255063415,-0.2648609196163668,3.989115626083163,-0.162435292576479,-0.162435292576479,-0.0507673082566809,-0.6921614352674402,-0.6860753842634565,-0.6040796973096797,1.0103361919575191,-0.760324474345021,-0.4806377619661694,-0.270376493571209,-0.3497718661632084,0.1673906411759073,1.129658881400914,-0.7648167500690816,-0.3529192809935602,-1.082535110732551,0.2855688105030575,-0.9546057074167104,0.6279054331465134,-0.0338230369830465
-1.266712288401781,0.8110973549719426,0.0902607676782246,-0.4372499751312751,-0.1652754033951691,-0.6961842640676605,0.8471331329868893,-0.9327141707003136,0.3250443897505673,0.2145210140329482,-1.0129371484286014,-0.3616821166278091,-0.3242123322201614,-0.2266083655811306,1.816133954706112,-0.4684396830725553,-0.4249430917893408,-0.2968364669508921,3.3119829059387924,-0.2648609196163668,-0.2506821295079583,-0.162435292576479,-0.162435292576479,-0.0507673082566809,-0.6921614352674402,1.4575657762062992,-0.6040796973096797,-0.9897695519176712,-0.760324474345021,-0.4806377619661694,-0.270376493571209,1.8754686517925536,-1.894164058526446,-0.34573653940263,-1.027483361996868,1.1624681195055444,0.2607062228398966,-0.1283158890002542,0.7535195291681273,-1.592596507707975,0.6674511964284087
-0.2968903002712072,-0.8485933969641963,-0.5877880784349402,0.2522437322674457,0.0037682365249678,-0.1520994643364875,1.7326817758673727,1.4942143403526764,1.630987289290733,0.2145210140329482,0.9872280837476723,-0.3616821166278091,-0.3242123322201614,-0.2266083655811306,-0.5506201772224562,-0.4684396830725553,-0.4249430917893408,-0.2968364669508921,-0.3019339255063415,-0.2648609196163668,-0.2506821295079583,-0.162435292576479,-0.162435292576479,-0.0507673082566809,1.444749662502673,1.4575657762062992,-0.6040796973096797,1.0103361919575191,1.3152279503582291,2.08056894220972,-0.270376493571209,-0.1643351563335615,-0.8885276196472492,-0.8067976084037375,-1.3777055112339165,0.7457365843682907,2.275568223198568,-0.2278162385795469,1.5075144059483965,0.6279054331465134,1.0688515220411652
2.333270717908564,-0.8655987684913893,1.2802378126927143,0.6015359869102537,-0.0974864312590642,0.0117785927944016,-1.3513248250157222,-0.9085755759431436,-0.2872836192069432,-1.374299782775685,-1.0129371484286014,-0.3616821166278091,-0.3242123322201614,-0.2266083655811306,1.816133954706112,-0.4684396830725553,-0.4249430917893408,-0.2968364669508921,-0.3019339255063415,-0.2648609196163668,-0.2506821295079583,-0.162435292576479,-0.162435292576479,-0.0507673082566809,1.444749662502673,-0.6860753842634565,-0.5816064670408065,1.0103361919575191,-0.7396807188124628,-0.4806377619661694,-0.270376493571209,-0.3497718661632084,0.988660399593918,1.959568805602908,0.0231830857142775,0.1184700418084193,-1.0624949912577597,-0.9454774520668008,-1.407487496363404,-1.592596507707975,0.29063149993602
-1.919891467998811,0.3080089682549487,-0.335325645408144,-0.7592345239586906,-0.3204479566298146,-0.7304397203076375,1.600746259390475,-0.8638414911403554,-0.731628623062042,0.2145210140329482,-1.0129371484286014,-0.3616821166278091,-0.3242123322201614,4.412899750790439,-0.5506201772224562,-0.4684396830725553,-0.4249430917893408,-0.2968364669508921,3.3119829059387924,-0.2648609196163668,-0.2506821295079583,-0.162435292576479,-0.162435292576479,-0.0507673082566809,-0.6921614352674402,-0.6860753842634565,-0.4117166037797026,1.0103361919575191,-0.760324474345021,-0.4806377619661694,-0.270376493571209,-1.0915187054817956,-1.8774034512117928,1.6829321642022432,-1.027483361996868,-0.6126512605430633,-0.9681774407177628,0.0323351807387608,1.8106225861255605,-1.592596507707975,-0.319026896399215
0.3951276221477507,0.597602827917171,-0.3049210245989722,-0.5287259756053232,-0.391341345328493,-0.5724952980000327,-0.7673112036079623,-0.1237380003493169,-0.8351167548434959,-1.0281691956999566,-1.0129371484286014,-0.3616821166278091,-0.3242123322201614,-0.2266083655811306,1.816133954706112,-0.4684396830725553,-0.4249430917893408,-0.2968364669508921,3.3119829059387924,-0.2648609196163668,-0.2506821295079583,-0.162435292576479,-0.162435292576479,-0.0507673082566809,-0.6921614352674402,1.4575657762062992,0.4155519762963475,-0.9897695519176712,-0.760324474345021,-0.4806377619661694,-0.270376493571209,-1.0915187054817956,0.6667614948589926,1.6559690605760435,-1.027483361996868,-0.8432642190786932,0.8668656494073084,-0.6003857441366514,-0.756612829498117,-1.592596507707975,-0.6870364747376948
0.5495318889207613,1.270396445644209,-0.8925916317762641,-0.9307128689446562,-0.285442089380614,-0.594240100671121,1.289907454427131,-0.1237380003493169,-0.6780711707657922,0.2145210140329482,-1.0129371484286014,2.7648588471103626,-0.3242123322201614,-0.2266083655811306,-0.5506201772224562,-0.4684396830725553,-0.4249430917893408,-0.2968364669508921,-0.3019339255063415,-0.2648609196163668,-0.2506821295079583,-0.162435292576479,-0.162435292576479,-0.0507673082566809,1.444749662502673,-0.6860753842634565,1.6554107089736416,1.0103361919575191,-0.760324474345021,-0.4806377619661694,-0.270376493571209,1.1337218124739663,0.1673906411759073,1.129658881400914,-0.5021501381412953,-0.6686249894308737,0.2607062228398966,-0.0392731850578681,1.4331919520167935,0.6279054331465134,-0.1986768133652834
0.5473586042681919,1.2708668847505975,1.016763607813595,1.625506600514318,-0.0940228401306786,0.0127641775944568,-0.4811898313338359,6.348071362458656,0.7160770805870205,-1.3902611870981454,-1.0129371484286014,2.7648588471103626,-0.3242123322201614,-0.2266083655811306,-0.5506201772224562,-0.4684396830725553,-0.4249430917893408,-0.2968364669508921,-0.3019339255063415,-0.2648609196163668,-0.2506821295079583,-0.162435292576479,-0.162435292576479,-0.0507673082566809,1.444749662502673,1.4575657762062992,-0.6040796973096797,-0.9897695519176712,1.3152279503582291,-0.4806377619661694,-0.270376493571209,-0.3497718661632084,0.1673906411759073,1.129658881400914,0.0231830857142775,-0.4754110064694583,0.9323268896261204,-0.9560852880068772,-0.5647786346869547,0.6279054331465134,0.8194821398709586
-1.1987851904630755,-0.6961548942458246,-0.5723503951593878,-0.2756362523926493,0.1025257016234297,0.7245994720583184,1.0685202937070102,-0.1237380003493169,-0.7537780055217438,1.016912114598495,0.9872280837476723,-0.3616821166278091,-0.3242123322201614,-0.2266083655811306,-0.5506201772224562,-0.4684396830725553,2.353256281421644,-0.2968364669508921,-0.3019339255063415,-0.2648609196163668,-0.2506821295079583,-0.162435292576479,-0.162435292576479,-0.0507673082566809,-0.6921614352674402,-0.6860753842634565,1.6554107089736416,1.0103361919575191,-0.760324474345021,-0.4806377619661694,-0.270376493571209,1.1337218124739663,0.9551391849646116,-0.8067976084037375,1.2489606080439473,-0.7528131783474906,0.2607062228398966,0.0646388280427782,1.246537565247612,0.6279054331465134,-0.3764084551796264
0.5401127630652323,1.2708644983051534,-0.8848526365049689,-0.4382273367374699,-0.7355560910149281,-0.0215302424359042,1.9540689365874937,0.6852381700016797,-0.2086887952788918,1.016912114598495,-1.0129371484286014,2.7648588471103626,-0.3242123322201614,-0.2266083655811306,-0.5506201772224562,-0.4684396830725553,-0.4249430917893408,-0.2968364669508921,-0.3019339255063415,-0.2648609196163668,-0.2506821295079583,-0.162435292576479,-0.162435292576479,-0.0507673082566809,1.444749662502673,-0.6860753842634565,-0.6040796973096797,1.0103361919575191,1.3152279503582291,2.08056894220972,-0.270376493571209,-0.1025476446183232,-1.5589519122333806,1.129658881400914,-1.1150388993061302,-0.3560763380779333,0.2607062228398966,1.3471847945341486,1.9435093069815297,0.6279054331465134,0.3605067270318697
-0.2928903028299602,-0.8657284597306913,-0.4950410569805119,-0.7098291459446511,-1.5267680441767482,-2.0083458158581253,-1.1453513134941986,-0.1237380003493169,-0.3941705404309734,-0.5878700865325985,0.9872280837476723,-0.3616821166278091,-0.3242123322201614,-0.2266083655811306,-0.5506201772224562,-0.4684396830725553,-0.4249430917893408,-0.2968364669508921,-0.3019339255063415,-0.2648609196163668,3.989115626083163,-0.162435292576479,-0.162435292576479,-0.0507673082566809,-0.6921614352674402,-0.6860753842634565,-0.6040796973096797,1.0103361919575191,-0.760324474345021,-0.4806377619661694,-0.270376493571209,-1.0915187054817956,0.8713361483913451,-0.8067976084037375,-0.7648167500690816,-0.3529192809935602,-1.082535110732551,0.2964050644536896,-1.19401634626937,0.6279054331465134,0.1985253265866162
-0.3227789430757461,-0.8492386962314353,0.1476583159403305,-0.387544156301944,0.0852050472252802,0.0585016647546238,-0.4811898313338359,-0.9327141707003136,0.5521648940184223,0.2145210140329482,0.9872280837476723,-0.3616821166278091,-0.3242123322201614,-0.2266083655811306,-0.5506201772224562,2.134746555716359,-0.4249430917893408,-0.2968364669508921,-0.3019339255063415,-0.2648609196163668,-0.2506821295079583,-0.162435292576479,-0.162435292576479,-0.0507673082566809,-0.6921614352674402,-0.6860753842634565,-0.6040796973096797,-0.9897695519176712,1.3152279503582291,-0.4806377619661694,-0.270376493571209,1.1337218124739663,0.9383785776499582,-0.8067976084037375,0.8987384588068987,1.5413149696303206,-1.082535110732551,-0.267680267542379,-0.5598307846384148,0.6279054331465134,0.7605813097755951
-0.3178240931188058,-0.8559290518385754,1.0598117690101747,0.4023734561332835,-0.0940228401306786,0.0127641775944568,-0.9239641527740776,-0.9327141707003136,-0.2049034535410942,-1.3902611870981454,0.9872280837476723,-0.3616821166278091,-0.3242123322201614,-0.2266083655811306,-0.5506201772224562,2.134746555716359,-0.4249430917893408,-0.2968364669508921,-0.3019339255063415,-0.2648609196163668,-0.2506821295079583,-0.162435292576479,-0.162435292576479,-0.0507673082566809,-0.6921614352674402,-0.6860753842634565,-0.6040796973096797,-0.9897695519176712,1.3152279503582291,-0.4806377619661694,-0.270376493571209,-0.3497718661632084,-0.0002154319706254,-0.8067976084037375,0.8987384588068987,0.2784921358810667,-1.082535110732551,-0.9560852880068772,-0.9735380672211034,0.6279054331465134,0.3633791220702355
-0.2153840188556703,-0.8700308673176704,-0.3901212408806089,-0.5606418779133577,-0.1021628043220836,0.3072231633723836,-0.4811898313338359,-0.1237380003493169,-0.7121392464059704,1.016912114598495,0.9872280837476723,-0.3616821166278091,-0.3242123322201614,-0.2266083655811306,-0.5506201772224562,-0.4684396830725553,-0.4249430917893408,-0.2968364669508921,-0.3019339255063415,3.775566442374484,-0.2506821295079583,-0.162435292576479,-0.162435292576479,-0.0507673082566809,-0.6921614352674402,-0.6860753842634565,1.6554107089736416,1.0103361919575191,-0.760324474345021,-0.4806377619661694,-0.270376493571209,-0.3497718661632084,0.8210543264473853,-0.8067976084037375,-1.727927660470965,-0.7065096744433512,0.2607062228398966,0.2253067439830245,-0.4627781078064858,0.6279054331465134,-0.2719306409339677
-2.1680774209717395,0.2206853164821697,-0.9345514967628176,0.9331506198403128,1.0068051025946292,0.810370303493278,1.511294615147252,2.303190510703673,0.8171388156642531,1.016912114598495,-1.0129371484286014,-0.3616821166278091,-0.3242123322201614,4.412899750790439,-0.5506201772224562,-0.4684396830725553,-0.4249430917893408,-0.2968364669508921,-0.3019339255063415,-0.2648609196163668,-0.2506821295079583,-0.162435292576479,-0.162435292576479,-0.0507673082566809,1.444749662502673,1.4575657762062992,-0.6040796973096797,1.0103361919575191,1.3152279503582291,2.08056894220972,-0.270376493571209,-0.5352085759928552,-1.8774034512117928,1.6829321642022432,-0.5897056754505574,0.0048805219020617,2.275568223198568,-0.3184594567891008,1.3552689494638444,-1.592596507707975,0.8529946737647605
-0.3156929022148881,-0.8516928902093674,-0.0864462910163488,1.516495875651958,1.4171856717147333,0.74651172826433,0.6257459722667684,1.4942143403526764,1.2554040922229277,-0.5878700865325985,0.9872280837476723,-0.3616821166278091,-0.3242123322201614,-0.2266083655811306,-0.5506201772224562,2.134746555716359,-0.4249430917893408,-0.2968364669508921,-0.3019339255063415,-0.2648609196163668,-0.2506821295079583,-0.162435292576479,-0.162435292576479,-0.0507673082566809,-0.6921614352674402,1.4575657762062992,-0.6040796973096797,1.0103361919575191,1.3152279503582291,2.08056894220972,-0.270376493571209,0.1447507516104938,1.105984650796491,-0.8067976084037375,0.8987384588068987,0.4951409604679083,2.275568223198568,-0.7744764157362548,0.4773998377113458,0.6279054331465134,0.979184679321588
-0.3168255358591416,-0.8483951319606274,1.31491646209365,0.6232920849049388,-0.0940228401306786,0.0127641775944568,-0.259802670613715,-0.9327141707003136,1.3092332415779389,-1.3902611870981454,0.9872280837476723,-0.3616821166278091,-0.3242123322201614,-0.2266083655811306,-0.5506201772224562,-0.4684396830725553,-0.4249430917893408,-0.2968364669508921,-0.3019339255063415,-0.2648609196163668,-0.2506821295079583,-0.162435292576479,-0.162435292576479,-0.0507673082566809,1.444749662502673,-0.6860753842634565,-0.6040796973096797,-0.9897695519176712,-0.760324474345021,2.08056894220972,-0.270376493571209,2.617215491111141,0.8545755410766919,-0.8067976084037375,-0.3270390635227709,2.8041378033795743,-1.082535110732551,-0.9560852880068772,-0.3682398349951184,0.6279054331465134,0.9929297019973355
-2.171042951547992,0.2208929814291798,-0.7258404680400757,-0.1561188902636958,-0.8770948291010939,0.8208394925694835,-0.259802670613715,0.6852381700016797,-0.2276155039678797,1.8193032151640416,-1.0129371484286014,-0.3616821166278091,-0.3242123322201614,4.412899750790439,-0.5506201772224562,-0.4684396830725553,-0.4249430917893408,-0.2968364669508921,-0.3019339255063415,-0.2648609196163668,3.989115626083163,-0.162435292576479,-0.162435292576479,-0.0507673082566809,-0.6921614352674402,1.4575657762062992,-0.6040796973096797,1.0103361919575191,-0.760324474345021,-0.4806377619661694,-0.270376493571209,-1.0915187054817956,-1.8774034512117928,1.6829321642022432,-0.7648167500690816,-0.371861623499799,0.9323268896261204,2.9421657913073296,-0.2986015039016674,-1.592596507707975,0.3459247287865708
-1.5336347248701767,-0.6371927215151149,-0.6783585074693167,-0.6180269665056475,-0.1927803052291405,-0.5084692692361614,1.289907454427131,0.6852381700016797,-0.8029874481131123,0.2145210140329482,0.9872280837476723,-0.3616821166278091,-0.3242123322201614,-0.2266083655811306,-0.5506201772224562,-0.4684396830725553,-0.4249430917893408,-0.2968364669508921,3.3119829059387924,-0.2648609196163668,-0.2506821295079583,-0.162435292576479,-0.162435292576479,-0.0507673082566809,-0.6921614352674402,1.4575657762062992,1.6554107089736416,-0.9897695519176712,-0.760324474345021,-0.4806377619661694,-0.270376493571209,1.1337218124739663,0.804293719132732,-0.8067976084037375,-1.027483361996868,-0.8517343003245155,1.603947556412344,-0.1094960120411505,1.5396095953651716,0.6279054331465134,-0.5309368508225036
-0.2980525034746985,-0.8577110194898497,-0.7236235683529859,-0.5089813358716373,-0.2009202694205455,-0.0358253810083975,0.4043588115466475,-0.1237380003493169,1.6877674153576971,0.2145210140329482,0.9872280837476723,-0.3616821166278091,-0.3242123322201614,-0.2266083655811306,-0.5506201772224562,-0.4684396830725553,-0.4249430917893408,-0.2968364669508921,3.3119829059387924,-0.2648609196163668,-0.2506821295079583,-0.162435292576479,-0.162435292576479,-0.0507673082566809,-0.6921614352674402,-0.6860753842634565,-0.6040796973096797,1.0103361919575191,1.3152279503582291,-0.4806377619661694,-0.270376493571209,0.0211015534960852,1.105984650796491,-0.8067976084037375,-1.027483361996868,1.962255914213405,-0.4109144439463271,-0.1037611284556238,0.2499644190473033,0.6279054331465134,1.0812644619245
0.9400046744386796,1.395512256062449,0.5938194547839057,2.250005761101091,0.0852050472252802,-0.4999130549080998,-0.9239641527740776,1.4942143403526764,1.0898343802141823,-0.5878700865325985,-1.0129371484286014,-0.3616821166278091,3.0843984038242387,-0.2266083655811306,-0.5506201772224562,-0.4684396830725553,-0.4249430917893408,-0.2968364669508921,3.3119829059387924,-0.2648609196163668,-0.2506821295079583,-0.162435292576479,-0.162435292576479,-0.0507673082566809,-0.6921614352674402,1.4575657762062992,-0.6040796973096797,-0.9897695519176712,1.3152279503582291,-0.4806377619661694,-0.270376493571209,1.6282444302476682,-1.1399367293670486,0.1153245295984775,-1.027483361996868,0.3846699766652238,0.9323268896261204,-0.6118827777746282,-0.9982295410312224,0.6279054331465134,0.9347143568024368
-0.3471361529432551,-0.8420669857396745,-0.5833945863277986,-1.02063013671457,-1.0308620978674985,-1.54429292331748,-1.1453513134941986,-0.9327141707003136,-0.9581864593628132,-0.5878700865325985,0.9872280837476723,-0.3616821166278091,-0.3242123322201614,-0.2266083655811306,-0.5506201772224562,-0.4684396830725553,-0.4249430917893408,-0.2968364669508921,-0.3019339255063415,-0.2648609196163668,-0.2506821295079583,-0.162435292576479,-0.162435292576479,-0.0507673082566809,1.444749662502673,-0.6860753842634565,1.6554107089736416,-0.9897695519176712,-0.760324474345021,-0.4806377619661694,-0.270376493571209,-1.0915187054817956,0.8545755410766919,-0.8067976084037375,-0.2394835262135088,-0.9780165836994408,-0.4109144439463271,0.2964050644536896,-1.097301077625107,0.6279054331465134,-2.672766094611239
-0.3164542274219692,-0.8499697882123645,0.7207873459535923,1.4591107870596682,-0.970797339267907,-1.4880862470811076,-0.259802670613715,-0.1237380003493169,-0.2049034535410942,-0.5878700865325985,0.9872280837476723,-0.3616821166278091,-0.3242123322201614,-0.2266083655811306,-0.5506201772224562,-0.4684396830725553,-0.4249430917893408,-0.2968364669508921,-0.3019339255063415,-0.2648609196163668,-0.2506821295079583,-0.162435292576479,-0.162435292576479,-0.0507673082566809,1.444749662502673,1.4575657762062992,-0.6040796973096797,-0.9897695519176712,1.3152279503582291,-0.4806377619661694,-0.270376493571209,1.1337218124739663,0.9383785776499582,-0.8067976084037375,0.7236273841883746,-0.1424488087020178,0.9323268896261204,0.2299851215201746,-0.3006007209104462,0.6279054331465134,0.3633791220702355
-1.4559436961101424,-0.6334589950386113,-0.6894026986377275,0.0054948324749301,0.0791093662782919,-0.1454214433975126,-0.259802670613715,0.6852381700016797,-0.2503275543946652,1.8193032151640416,0.9872280837476723,-0.3616821166278091,-0.3242123322201614,-0.2266083655811306,-0.5506201772224562,-0.4684396830725553,-0.4249430917893408,-0.2968364669508921,-0.3019339255063415,-0.2648609196163668,3.989115626083163,-0.162435292576479,-0.162435292576479,-0.0507673082566809,-0.6921614352674402,1.4575657762062992,-0.6040796973096797,1.0103361919575191,1.3152279503582291,-0.4806377619661694,-0.270376493571209,1.1337218124739663,1.0054210069085714,-0.8067976084037375,-0.7648167500690816,-0.3908039660060378,1.603947556412344,0.4263890743909591,-0.2965319936053607,0.6279054331465134,0.3279219411874569
0.8508295223786254,0.7017985448895099,-0.4947029616833068,-0.4402894303792625,-1.0308620978674985,-1.0859066723714224,-1.114752448911,0.0626154163460217,-0.8917688698412268,0.2145210140329482,-1.0129371484286014,-0.3616821166278091,-0.1671727851663376,-0.2266083655811306,1.707094223963157,-0.4684396830725553,-0.4249430917893408,3.368858315395045,-0.3019339255063415,-0.2648609196163668,-0.2506821295079583,-0.162435292576479,-0.162435292576479,-0.0507673082566809,-0.6921614352674402,1.4575657762062992,-0.4999817590432049,0.9181884741918906,-0.760324474345021,-0.4806377619661694,-0.270376493571209,0.3236283083728979,-1.299276230521084,-0.1485670680796334,-0.1519279889042467,-0.9073715373944092,0.9632694094594328,1.5488954169142566,-1.123644867401011,-1.490294823524292,-1.004793986109666
-0.307276750864252,-0.8580067619510949,1.3922258002725258,1.6790869599967786,1.4792947135587418,1.2706320278966925,-0.4811898313338359,0.6852381700016797,-0.8559822324422786,0.2145210140329482,0.9872280837476723,-0.3616821166278091,-0.3242123322201614,-0.2266083655811306,-0.5506201772224562,2.134746555716359,-0.4249430917893408,-0.2968364669508921,-0.3019339255063415,-0.2648609196163668,-0.2506821295079583,-0.162435292576479,-0.162435292576479,-0.0507673082566809,-0.6921614352674402,-0.6860753842634565,1.6554107089736416,-0.9897695519176712,-0.760324474345021,-0.4806377619661694,-0.270376493571209,-1.0915187054817956,0.3014754996931336,-0.8067976084037375,0.8987384588068987,-0.8959330995057394,-0.4109144439463271,-0.6006955524826884,-0.4084865773941782,0.6279054331465134,-0.7632851161565266
-0.3539309154569676,-0.8414760753318277,-0.3724666579179668,0.9417374396661662,-1.0308620978674985,-1.54429292331748,-0.9239641527740776,3.1121666810546698,3.270040261757087,-0.5878700865325985,0.9872280837476723,-0.3616821166278091,-0.3242123322201614,-0.2266083655811306,-0.5506201772224562,-0.4684396830725553,-0.4249430917893408,-0.2968364669508921,-0.3019339255063415,-0.2648609196163668,-0.2506821295079583,-0.162435292576479,-0.162435292576479,-0.0507673082566809,1.444749662502673,1.4575657762062992,-0.6040796973096797,1.0103361919575191,1.3152279503582291,2.08056894220972,-0.270376493571209,0.5403243410190965,0.8545755410766919,-0.8067976084037375,-0.6772612127598194,1.0325777708913355,2.275568223198568,0.2964050644536896,-1.0145206590596176,0.6279054331465134,1.3495719159313238
2.341655049076558,-0.8654620175162792,0.5142932169179402,-0.0700412573752612,1.0730027109274711,1.3573419560261957,0.8471331329868893,-0.9327141707003136,-0.2049034535410942,1.016912114598495,-1.0129371484286014,-0.3616821166278091,-0.3242123322201614,-0.2266083655811306,1.816133954706112,-0.4684396830725553,-0.4249430917893408,-0.2968364669508921,3.3119829059387924,-0.2648609196163668,-0.2506821295079583,-0.162435292576479,-0.162435292576479,-0.0507673082566809,-0.6921614352674402,-0.6860753842634565,-0.6040796973096797,-0.9897695519176712,-0.760324474345021,2.08056894220972,-0.270376493571209,-0.3497718661632084,0.988660399593918,1.959568805602908,-1.027483361996868,0.2784921358810667,-1.082535110732551,-0.3355099140567743,0.820961522940649,-1.592596507707975,0.3633791220702355
0.9747904806154748,1.3924348020828814,-0.8252381885557732,-1.2300647666134372,-0.812941504012669,-1.3403698151653438,-0.7025769920539569,-0.9327141707003136,-0.9604576644054916,-0.5878700865325985,-1.0129371484286014,-0.3616821166278091,3.0843984038242387,-0.2266083655811306,-0.5506201772224562,-0.4684396830725553,-0.4249430917893408,-0.2968364669508921,-0.3019339255063415,3.775566442374484,-0.2506821295079583,-0.162435292576479,-0.162435292576479,-0.0507673082566809,-0.6921614352674402,-0.6860753842634565,1.6554107089736416,-0.9897695519176712,-0.760324474345021,-0.4806377619661694,-0.270376493571209,-1.0915187054817956,1.340633153201637,0.1153245295984775,-1.727927660470965,-0.9818050522006886,-0.4109144439463271,-0.0875614352005837,-0.3656796102209955,0.6279054331465134,-3.1978216731173057
-0.2161107856147854,-0.8687907111689163,-0.6894026986377275,-0.2068020706992216,-0.1988759861761287,-0.2378355144123898,0.8471331329868893,0.6852381700016797,-0.4093119073821637,1.016912114598495,0.9872280837476723,-0.3616821166278091,-0.3242123322201614,-0.2266083655811306,-0.5506201772224562,-0.4684396830725553,-0.4249430917893408,-0.2968364669508921,-0.3019339255063415,3.775566442374484,-0.2506821295079583,-0.162435292576479,-0.162435292576479,-0.0507673082566809,-0.6921614352674402,-0.6860753842634565,1.6554107089736416,1.0103361919575191,1.3152279503582291,-0.4806377619661694,-0.270376493571209,-0.3497718661632084,0.8210543264473853,-0.8067976084037375,-1.727927660470965,-0.5234003635497094,0.9323268896261204,0.3202296092015809,0.8629730160723698,0.6279054331465134,0.1830367731771642
-0.3162731203675878,-0.8550032877802722,-1.3166643882830178,-1.0703359555439012,-1.5359487343834928,-0.9658789221968886,1.0685202937070102,-0.1237380003493169,-0.6818565125035897,1.016912114598495,0.9872280837476723,-0.3616821166278091,-0.3242123322201614,-0.2266083655811306,-0.5506201772224562,-0.4684396830725553,-0.4249430917893408,-0.2968364669508921,3.3119829059387924,-0.2648609196163668,-0.2506821295079583,-0.162435292576479,-0.162435292576479,-0.0507673082566809,-0.6921614352674402,1.4575657762062992,-0.6040796973096797,-0.9897695519176712,-0.760324474345021,-0.4806377619661694,-0.270376493571209,0.3919749731553789,-0.0002154319706254,-0.8067976084037375,-1.027483361996868,-0.6728343988767046,0.2607062228398966,2.801385769374823,1.1974246881816946,0.6279054331465134,-0.2063687612578958
-0.3083704088153108,-0.8580772946719774,-0.9445073917212028,-0.9842932284271164,-1.2487826917223277,-1.1221515684407142,-0.4811898313338359,0.6852381700016797,-0.9294178621555516,0.2145210140329482,0.9872280837476723,-0.3616821166278091,-0.3242123322201614,-0.2266083655811306,-0.5506201772224562,-0.4684396830725553,-0.4249430917893408,-0.2968364669508921,-0.3019339255063415,-0.2648609196163668,3.989115626083163,-0.162435292576479,-0.162435292576479,-0.0507673082566809,-0.6921614352674402,-0.6860753842634565,1.6554107089736416,-0.9897695519176712,-0.760324474345021,-0.4806377619661694,-0.270376493571209,-0.5969960877080935,0.3014754996931336,-0.8067976084037375,-0.7648167500690816,-0.9571800069425782,-0.4109144439463271,1.5488954169142566,-0.3228421445756789,0.6279054331465134,-1.4397268210784293
-0.2170828394030773,-0.8687458106398327,-0.2189765850372789,0.0332449209365301,0.7043626887797314,0.4329925577230787,1.0685202937070102,0.6852381700016797,-0.1261683453949045,0.2145210140329482,0.9872280837476723,-0.3616821166278091,-0.3242123322201614,-0.2266083655811306,-0.5506201772224562,2.134746555716359,-0.4249430917893408,-0.2968364669508921,-0.3019339255063415,-0.2648609196163668,-0.2506821295079583,-0.162435292576479,-0.162435292576479,-0.0507673082566809,-0.6921614352674402,-0.6860753842634565,-0.6040796973096797,1.0103361919575191,1.3152279503582291,2.08056894220972,-0.270376493571209,0.0211015534960852,0.8210543264473853,-0.8067976084037375,0.8987384588068987,-0.287252493638599,0.2607062228398966,-0.4699815964812097,1.0310945239249591,0.6279054331465134,0.4200758293997679
2.3277713874844865,-0.856988103294236,0.9195827869849874,0.2809362765635903,-0.0940228401306786,0.0127641775944568,-0.4811898313338359,-0.9327141707003136,-0.2049034535410942,-1.3902611870981454,-1.0129371484286014,-0.3616821166278091,-0.3242123322201614,-0.2266083655811306,1.816133954706112,2.134746555716359,-0.4249430917893408,-0.2968364669508921,-0.3019339255063415,-0.2648609196163668,-0.2506821295079583,-0.162435292576479,-0.162435292576479,-0.0507673082566809,-0.6921614352674402,-0.6860753842634565,-0.6040796973096797,-0.9897695519176712,-0.760324474345021,2.08056894220972,-0.270376493571209,0.3919749731553789,-1.81036102195318,1.959568805602908,0.8987384588068987,0.2784921358810667,-1.082535110732551,-0.9560852880068772,-0.5249131696806653,-1.592596507707975,0.3633791220702355
-2.008038869555487,0.8547200206247454,-0.7674975272744606,-1.1800618146471158,-0.0940228401306786,0.0127641775944568,-0.9731359703079554,-0.9327141707003136,-0.9511632404116918,-1.3902611870981454,-1.0129371484286014,-0.3616821166278091,-0.3242123322201614,-0.2266083655811306,1.816133954706112,-0.4684396830725553,-0.4249430917893408,-0.2968364669508921,2.509303751283195,-0.2648609196163668,-0.2506821295079583,-0.162435292576479,-0.162435292576479,-0.0507673082566809,-0.2175367901711157,-0.6860753842634565,1.6554107089736416,-0.9897695519176712,-0.760324474345021,-0.4806377619661694,-0.270376493571209,-1.0915187054817956,-1.3786185464561198,-0.2126571712387648,-0.7941221377606854,-0.9663015499293895,-0.4109144439463271,-0.9560852880068772,-0.8886496844348508,-1.592596507707975,-2.0847371307300064
0.5505565079272754,1.2709620287949526,-0.8925916317762641,0.0829856455375109,0.05264519045966,0.4501397677382593,2.1754560973076145,0.6852381700016797,0.400751224506519,1.016912114598495,-1.0129371484286014,2.7648588471103626,-0.3242123322201614,-0.2266083655811306,-0.5506201772224562,-0.4684396830725553,-0.4249430917893408,-0.2968364669508921,-0.3019339255063415,3.775566442374484,-0.2506821295079583,-0.162435292576479,-0.162435292576479,-0.0507673082566809,-0.6921614352674402,1.4575657762062992,-0.6040796973096797,1.0103361919575191,1.3152279503582291,-0.4806377619661694,-0.270376493571209,-0.1025476446183232,0.1673906411759073,1.129658881400914,-1.727927660470965,0.1522098525061413,1.603947556412344,0.0996267405798435,2.047691309096676,0.6279054331465134,0.700205347349598
0.5495318889207613,1.270396445644209,-0.5557841084067716,0.0246231953390267,-0.6948191012716408,-1.2298346560816853,-0.259802670613715,0.6852381700016797,-0.8544152523764998,-0.5878700865325985,-1.0129371484286014,2.7648588471103626,-0.3242123322201614,-0.2266083655811306,-0.5506201772224562,-0.4684396830725553,-0.4249430917893408,3.368858315395045,-0.3019339255063415,-0.2648609196163668,-0.2506821295079583,-0.162435292576479,-0.162435292576479,-0.0507673082566809,-0.6921614352674402,1.4575657762062992,1.6554107089736416,-0.9897695519176712,-0.760324474345021,-0.4806377619661694,-0.270376493571209,-0.3497718661632084,0.1673906411759073,1.129658881400914,-0.1519279889042467,-0.8946262041550922,1.603947556412344,-0.2325206707564054,-0.156293588420485,0.6279054331465134,-0.7548751262057601
0.0980917650790423,1.1198761721925865,-0.8925916317762641,-0.9756715028296132,-0.2874863726250308,-0.6133002854344455,0.6257459722667684,-0.1237380003493169,-0.6212910446988283,0.2145210140329482,-1.0129371484286014,-0.3616821166278091,-0.3242123322201614,-0.2266083655811306,1.816133954706112,-0.4684396830725553,2.353256281421644,-0.2968364669508921,-0.3019339255063415,-0.2648609196163668,-0.2506821295079583,-0.162435292576479,-0.162435292576479,-0.0507673082566809,-0.6921614352674402,-0.6860753842634565,-0.6040796973096797,1.0103361919575191,1.3152279503582291,-0.4806377619661694,-0.270376493571209,-0.3497718661632084,1.0724634361671843,1.8673565918026864,1.2489606080439473,-0.605483847743411,-0.4109144439463271,-0.0375923628691282,0.6954283255878287,-1.592596507707975,-0.0941989898583505
0.2478724363584073,0.1648845181693763,0.6480655789193708,0.0458045407701741,-0.0940228401306786,0.0127641775944568,-1.3667384742143194,-0.9327141707003136,-0.804459254134024,-1.3902611870981454,-1.0129371484286014,-0.3616821166278091,-0.3242123322201614,-0.2266083655811306,1.816133954706112,-0.4684396830725553,-0.4249430917893408,-0.2968364669508921,-0.3019339255063415,-0.2648609196163668,-0.2506821295079583,-0.162435292576479,-0.162435292576479,-0.0507673082566809,1.444749662502673,-0.6860753842634565,-0.6040796973096797,1.0103361919575191,-0.760324474345021,-0.4806377619661694,-0.270376493571209,-1.0915187054817956,-1.6185403772919118,-0.4767317093750453,0.243462595950854,-0.7215929390481085,-1.082535110732551,-0.9560852880068772,-1.4221629647615412,-1.592596507707975,-0.5419267033547677
0.5525223639406577,1.270562833923735,-0.0864462910163488,-0.5902768780440476,-0.6489899878104427,-0.44367159731267,0.4043588115466475,-0.9327141707003136,-0.9468304341494204,1.016912114598495,-1.0129371484286014,2.7648588471103626,-0.3242123322201614,-0.2266083655811306,-0.5506201772224562,-0.4684396830725553,-0.4249430917893408,3.368858315395045,-0.3019339255063415,-0.2648609196163668,-0.2506821295079583,-0.162435292576479,-0.162435292576479,-0.0507673082566809,-0.6921614352674402,-0.6860753842634565,1.6554107089736416,-0.9897695519176712,-0.760324474345021,-0.4806377619661694,-0.270376493571209,-0.3497718661632084,0.1673906411759073,1.129658881400914,-0.1519279889042467,-0.959074241193202,-0.4109144439463271,1.0825938888303874,0.9039187556401695,0.6279054331465134,-1.8783702574139316
-1.487067865830218,-0.6385564866991499,3.7156979014107536,2.702349655910994,-0.0940228401306786,0.0127641775944568,-1.1453513134941986,-0.9327141707003136,0.5521648940184223,-1.3902611870981454,0.9872280837476723,-0.3616821166278091,-0.3242123322201614,-0.2266083655811306,-0.5506201772224562,-0.4684396830725553,-0.4249430917893408,-0.2968364669508921,-0.3019339255063415,-0.2648609196163668,-0.2506821295079583,-0.162435292576479,-0.162435292576479,-0.0507673082566809,1.444749662502673,-0.6860753842634565,-0.6040796973096797,-0.9897695519176712,-0.760324474345021,2.08056894220972,-0.270376493571209,1.8754686517925536,0.804293719132732,-0.8067976084037375,-0.6772612127598194,1.5413149696303206,-1.082535110732551,-0.9560852880068772,-1.2065799197307596,0.6279054331465134,0.7605813097755951
-0.2195180407139187,-0.8695370056911885,-0.8925916317762641,0.4788869075896697,0.8296214984830871,0.4711129272497275,0.8471331329868893,0.6852381700016797,-0.3865998569553782,0.2145210140329482,0.9872280837476723,-0.3616821166278091,-0.3242123322201614,-0.2266083655811306,-0.5506201772224562,-0.4684396830725553,-0.4249430917893408,-0.2968364669508921,-0.3019339255063415,3.775566442374484,-0.2506821295079583,-0.162435292576479,-0.162435292576479,-0.0507673082566809,-0.6921614352674402,-0.6860753842634565,-0.6040796973096797,1.0103361919575191,1.3152279503582291,-0.4806377619661694,-0.270376493571209,1.8754686517925536,0.8210543264473853,-0.8067976084037375,-1.727927660470965,-0.5044580210434707,-0.4109144439463271,-0.4972594158208399,0.8575091602678107,0.6279054331465134,0.2061153924080898
-0.2185055821236816,-0.8646484650065936,0.1730518941742679,-0.3655535201625629,-1.0308620978674985,1.0266755754697638,-0.4811898313338359,-0.9327141707003136,-0.5834376273208526,0.2145210140329482,0.9872280837476723,-0.3616821166278091,-0.3242123322201614,-0.2266083655811306,-0.5506201772224562,-0.4684396830725553,-0.4249430917893408,-0.2968364669508921,-0.3019339255063415,-0.2648609196163668,-0.2506821295079583,-0.162435292576479,-0.162435292576479,-0.0507673082566809,1.444749662502673,-0.6860753842634565,-0.6040796973096797,-0.9897695519176712,1.3152279503582291,-0.4806377619661694,-0.270376493571209,-1.0915187054817956,-2.061770131672979,-0.8067976084037375,-1.3777055112339165,-0.3529192809935602,-1.082535110732551,1.5488954169142566,-0.4870484500718796,0.6279054331465134,-0.0338230369830465
-0.3312668876532469,-0.8524503170576999,-0.9047241191547007,-1.298898948306865,-0.9799408606883891,-1.4966424614091691,-0.7025769920539569,-0.9327141707003136,-0.935095874762248,-0.5878700865325985,0.9872280837476723,-0.3616821166278091,-0.3242123322201614,-0.2266083655811306,-0.5506201772224562,2.134746555716359,-0.4249430917893408,-0.2968364669508921,-0.3019339255063415,-0.2648609196163668,-0.2506821295079583,-0.162435292576479,-0.162435292576479,-0.0507673082566809,-0.6921614352674402,-0.6860753842634565,1.6554107089736416,-0.9897695519176712,-0.760324474345021,-0.4806377619661694,-0.270376493571209,-1.0915187054817956,1.105984650796491,-0.8067976084037375,0.8987384588068987,-0.9395004872700886,-0.4109144439463271,0.2556468032038734,-0.5862043520439738,0.6279054331465134,-1.549559957094646
0.3210877226311593,0.1221547754495983,-0.4751695743307799,-0.9127833449881176,-1.009486499783797,-1.1771984990436923,-0.9239641527740776,-0.903283599088696,-0.8861272555255131,0.185330007410994,-1.0129371484286014,-0.3616821166278091,-0.3242123322201614,-0.2266083655811306,1.816133954706112,-0.4684396830725553,2.353256281421644,-0.2968364669508921,-0.3019339255063415,-0.2648609196163668,-0.2506821295079583,-0.162435292576479,-0.162435292576479,-0.0507673082566809,-0.6921614352674402,-0.6080896697331462,1.573210396226441,-0.9897695519176712,-0.760324474345021,-0.4806377619661694,-0.270376493571209,-1.0915187054817956,-1.290782195198928,-0.161312111802187,1.2489606080439473,-0.8594266602019821,-0.386480868701313,1.4771853450220334,-0.903875973420769,-1.592596507707975,-0.9550804233774788
0.3013138876167845,0.1015409670779626,-0.5911335815990938,1.442879603242506,0.5730081981293874,0.5092332967763761,2.1754560973076145,3.921142851405666,1.0359935720066185,1.016912114598495,-1.0129371484286014,-0.3616821166278091,-0.3242123322201614,-0.2266083655811306,1.816133954706112,-0.4684396830725553,2.353256281421644,-0.2968364669508921,-0.3019339255063415,-0.2648609196163668,-0.2506821295079583,-0.162435292576479,-0.162435292576479,-0.0507673082566809,-0.6921614352674402,1.4575657762062992,-0.6040796973096797,1.0103361919575191,1.3152279503582291,-0.4806377619661694,-0.270376493571209,-0.8442944839369106,0.988660399593918,1.959568805602908,1.2489606080439473,-0.1511574770045958,1.603947556412344,-0.1784483360925444,1.9742900667563128,-1.592596507707975,0.9194765376206108
0.5473586042681919,1.2708668847505975,-0.7622782374424238,-0.9049175036954458,-0.7182354366167786,-0.8343706036017621,-0.259802670613715,1.4942143403526764,-0.0441144767335181,1.016912114598495,-1.0129371484286014,2.7648588471103626,-0.3242123322201614,-0.2266083655811306,-0.5506201772224562,-0.4684396830725553,-0.4249430917893408,-0.2968364669508921,-0.3019339255063415,-0.2648609196163668,-0.2506821295079583,-0.162435292576479,-0.162435292576479,-0.0507673082566809,1.444749662502673,-0.6860753842634565,1.6554107089736416,1.0103361919575191,-0.760324474345021,-0.4806377619661694,-0.270376493571209,1.6282444302476682,0.1673906411759073,1.129658881400914,-1.1150388993061302,-0.371920370018025,0.2607062228398966,1.28888682818446,-0.3130785571878643,0.6279054331465134,0.4737403023976555
1.0049550687690827,1.3904021250797487,1.0962495384125228,0.4339282737047128,-1.0308620978674985,-1.54429292331748,-0.9239641527740776,-0.9327141707003136,-0.0534897840291909,-0.5878700865325985,-1.0129371484286014,-0.3616821166278091,3.0843984038242387,-0.2266083655811306,-0.5506201772224562,-0.4684396830725553,-0.4249430917893408,-0.2968364669508921,-0.3019339255063415,-0.2648609196163668,-0.2506821295079583,-0.162435292576479,-0.162435292576479,-0.0507673082566809,1.444749662502673,-0.6860753842634565,-0.6040796973096797,-0.9897695519176712,-0.760324474345021,2.08056894220972,-0.270376493571209,1.1337218124739663,-1.827121629267833,0.1153245295984775,-0.6772612127598194,0.5310567026309175,-1.082535110732551,0.2964050644536896,-0.9782659290340764,0.6279054331465134,0.4678569614949878
0.127898816207072,1.1296824300669943,-0.8097601980131829,0.2465191857168767,0.2389723159916846,-0.3560225724886238,-0.0384155098935941,1.4942143403526764,0.7225052722193135,-0.5878700865325985,-1.0129371484286014,-0.3616821166278091,-0.3242123322201614,-0.2266083655811306,1.816133954706112,-0.4684396830725553,-0.4249430917893408,-0.2968364669508921,3.3119829059387924,-0.2648609196163668,-0.2506821295079583,-0.162435292576479,-0.162435292576479,-0.0507673082566809,-0.6921614352674402,-0.6860753842634565,-0.6040796973096797,1.0103361919575191,1.3152279503582291,2.08056894220972,3.698546374323143,0.0211015534960852,-1.743318592694567,0.207536743398699,-1.027483361996868,0.1395816241686488,0.9323268896261204,-0.6441254592534528,-0.1363609015014402,-1.592596507707975,0.8216731272563866
-0.219296398938615,-0.868543006970578,-0.2454584594812421,-0.0499704386766199,-0.0940228401306786,0.0127641775944568,0.8471331329868893,0.6852381700016797,1.4757882780410323,-1.3902611870981454,0.9872280837476723,-0.3616821166278091,-0.3242123322201614,-0.2266083655811306,-0.5506201772224562,-0.4684396830725553,-0.4249430917893408,3.368858315395045,-0.3019339255063415,-0.2648609196163668,-0.2506821295079583,-0.162435292576479,-0.162435292576479,-0.0507673082566809,-0.6921614352674402,-0.6860753842634565,-0.6040796973096797,1.0103361919575191,1.3152279503582291,2.08056894220972,-0.270376493571209,1.1337218124739663,0.8210543264473853,-0.8067976084037375,-0.1519279889042467,1.0488140644681117,0.2607062228398966,-0.9560852880068772,0.6775263294215871,0.6279054331465134,1.0334833271005104
-0.2227327558886623,-0.8689819361584274,-0.8793305409207635,-0.5185455173036856,0.6473457706536343,0.8598989587906757,1.289907454427131,0.6852381700016797,-0.4187752617266577,3.424085416295135,0.9872280837476723,-0.3616821166278091,-0.3242123322201614,-0.2266083655811306,-0.5506201772224562,-0.4684396830725553,2.353256281421644,-0.2968364669508921,-0.3019339255063415,-0.2648609196163668,-0.2506821295079583,-0.162435292576479,-0.162435292576479,-0.0507673082566809,-0.6921614352674402,-0.6860753842634565,1.6554107089736416,1.0103361919575191,1.3152279503582291,-0.4806377619661694,-0.270376493571209,0.1447507516104938,0.8210543264473853,-0.8067976084037375,1.2489606080439473,-0.5312930062606424,0.9323268896261204,0.5427880463369681,1.3228216814317628,0.6279054331465134,0.1731394358068008
-1.173291839138923,-0.6751895644459542,1.4717520381384914,2.1897583992335163,2.005790570961719,1.2973093302935357,0.1829716508265267,3.1121666810546698,3.1124847238619373,-0.5878700865325985,0.9872280837476723,-0.3616821166278091,-0.3242123322201614,-0.2266083655811306,-0.5506201772224562,-0.4684396830725553,-0.4249430917893408,-0.2968364669508921,-0.3019339255063415,-0.2648609196163668,-0.2506821295079583,-0.162435292576479,-0.162435292576479,-0.0507673082566809,1.444749662502673,1.4575657762062992,-0.6040796973096797,-0.9897695519176712,-0.760324474345021,2.08056894220972,-0.270376493571209,1.319158522303613,-1.9276852731557528,-0.8067976084037375,-0.6772612127598194,0.95748935101899,0.9323268896261204,-0.8058394415192796,0.0074642436864347,0.6279054331465134,1.327830615025598
0.0703764094858277,1.136075496442695,-1.0946922687047749,-1.4634098500924253,-0.0940228401306786,0.0127641775944568,-1.1453513134941986,-0.9327141707003136,-0.950615775887218,-1.3902611870981454,-1.0129371484286014,-0.3616821166278091,-0.3242123322201614,-0.2266083655811306,1.816133954706112,-0.4684396830725553,-0.4249430917893408,-0.2968364669508921,-0.3019339255063415,-0.2648609196163668,-0.2506821295079583,-0.162435292576479,-0.162435292576479,-0.0507673082566809,1.444749662502673,-0.6860753842634565,1.6554107089736416,-0.9897695519176712,-0.760324474345021,-0.4806377619661694,-0.270376493571209,-1.0915187054817956,1.3741543678309436,-0.530160967003073,0.8111829214976366,-0.9653883553619484,-0.4109144439463271,-0.9560852880068772,-1.1249277965803437,-1.592596507707975,-2.0432231169350623
-1.2059445056271425,0.8130482299284888,0.8632735349329075,0.915942074416956,0.456892909846514,-0.1520994643364875,-1.1453513134941986,0.6852381700016797,0.2228401628300326,-0.5878700865325985,-1.0129371484286014,-0.3616821166278091,-0.3242123322201614,-0.2266083655811306,1.816133954706112,-0.4684396830725553,-0.4249430917893408,-0.2968364669508921,-0.3019339255063415,-0.2648609196163668,-0.2506821295079583,-0.162435292576479,-0.162435292576479,-0.0507673082566809,1.444749662502673,1.4575657762062992,-0.6040796973096797,-0.9897695519176712,-0.760324474345021,-0.4806377619661694,-0.270376493571209,-0.8442944839369106,-1.894164058526446,-0.34573653940263,-1.3777055112339165,0.003828169540604,0.2607062228398966,-0.6806861260130292,-1.203569886561579,-1.592596507707975,0.6200363409326803
-1.161258717475967,-0.703162474742544,2.1354111899190915,2.1839989469112977,-0.8760912718720166,-1.3994633442034603,-0.7025769920539569,2.303190510703673,2.933144847093102,-0.5878700865325985,0.9872280837476723,-0.3616821166278091,-0.3242123322201614,-0.2266083655811306,-0.5506201772224562,-0.4684396830725553,-0.4249430917893408,-0.2968364669508921,-0.3019339255063415,-0.2648609196163668,3.989115626083163,-0.162435292576479,-0.162435292576479,-0.0507673082566809,-0.6921614352674402,1.4575657762062992,-0.6040796973096797,-0.9897695519176712,-0.760324474345021,-0.4806377619661694,3.698546374323143,2.369991269566256,-1.4919094829747674,-0.8067976084037375,-0.7648167500690816,1.1814104620117831,0.9323268896261204,0.0166197301423911,-0.807995147003753,0.6279054331465134,1.3020358653674708
-0.329900321898434,-0.8505867285529176,2.802415844863845,1.9219962249078144,-0.0940228401306786,0.0127641775944568,-1.3667384742143194,-0.1237380003493169,0.3856098575553287,-1.3902611870981454,0.9872280837476723,-0.3616821166278091,-0.3242123322201614,-0.2266083655811306,-0.5506201772224562,2.134746555716359,-0.4249430917893408,-0.2968364669508921,-0.3019339255063415,-0.2648609196163668,-0.2506821295079583,-0.162435292576479,-0.162435292576479,-0.0507673082566809,-0.6921614352674402,1.4575657762062992,-0.6040796973096797,-0.9897695519176712,-0.760324474345021,-0.4806377619661694,-0.270376493571209,-1.0915187054817956,0.9383785776499582,-0.8067976084037375,0.8987384588068987,0.514219064847594,0.2607062228398966,-0.9560852880068772,-1.4221629647615412,0.6279054331465134,0.6938025808980686
1.3291820655773567,0.1690798432817969,-0.4958007571468726,-0.7770225878368272,-0.6920474657803917,-1.207954038818281,-0.254533455717588,0.1587569667011703,-0.9548894980637904,-0.0465768078967633,-1.0129371484286014,-0.3616821166278091,-0.3242123322201614,-0.2266083655811306,1.816133954706112,-0.4684396830725553,-0.4249430917893408,-0.2968364669508921,-0.3019339255063415,-0.2648609196163668,3.989115626083163,-0.162435292576479,-0.162435292576479,-0.0507673082566809,-0.6921614352674402,-0.6860753842634565,1.6554107089736416,-0.9897695519176712,-0.760324474345021,-0.4806377619661694,-0.270376493571209,-1.0915187054817956,-0.5490522628819579,0.5288218985531816,-0.7648167500690816,-0.9781773502732491,-0.4109144439463271,0.2286872278493223,0.1529919294282251,-1.592596507707975,-2.5610089268387104
-1.1895871867069423,-0.6815387555802429,-0.2134544894530734,0.7533509900721355,2.0994559123422705,1.384958355117582,-0.4811898313338359,0.6852381700016797,1.134391864930302,-0.5878700865325985,0.9872280837476723,-0.3616821166278091,-0.3242123322201614,-0.2266083655811306,-0.5506201772224562,-0.4684396830725553,-0.4249430917893408,-0.2968364669508921,-0.3019339255063415,-0.2648609196163668,-0.2506821295079583,-0.162435292576479,-0.162435292576479,-0.0507673082566809,1.444749662502673,-0.6860753842634565,-0.6040796973096797,-0.9897695519176712,1.3152279503582291,2.08056894220972,3.698546374323143,1.50459523213326,-0.0337366465999319,-0.8067976084037375,-1.3777055112339165,0.7640820536621579,0.2607062228398966,-0.8098579466312924,-0.5753004614618943,0.6279054331465134,0.9470254614265444
0.5472071138408707,1.2707019146348573,-0.5108409222462477,-0.5530840180041069,-0.4301295479530028,-0.4087784117409625,0.2444171889926573,0.3253212494202175,-0.8275843794198888,0.4372229667279085,-1.0129371484286014,2.7648588471103626,-0.3242123322201614,-0.2266083655811306,-0.5506201772224562,-0.4684396830725553,1.5821729220051233,-0.2968364669508921,-0.3019339255063415,-0.2648609196163668,-0.2506821295079583,-0.162435292576479,-0.162435292576479,-0.0507673082566809,-0.0990662802071307,-0.0911123145367038,1.6554107089736416,0.4552110734916466,-0.760324474345021,-0.4806377619661694,-0.270376493571209,-0.2877038459004217,0.1673906411759073,1.129658881400914,1.127456337157307,-0.8484404083325043,0.6335200136662441,0.2397052042611663,0.3954871370142225,0.6279054331465134,-0.6312777391761316
-0.3126071965846165,-0.8570967793681222,-0.6640091204037902,-1.0904416800141925,-0.8200779109749967,-0.7257484192662476,-0.259802670613715,-0.9327141707003136,-0.9297963963293314,1.016912114598495,0.9872280837476723,-0.3616821166278091,-0.3242123322201614,-0.2266083655811306,-0.5506201772224562,-0.4684396830725553,2.353256281421644,-0.2968364669508921,-0.3019339255063415,-0.2648609196163668,-0.2506821295079583,-0.162435292576479,-0.162435292576479,-0.0507673082566809,-0.6921614352674402,-0.6860753842634565,1.6554107089736416,-0.9897695519176712,-0.760324474345021,-0.4806377619661694,-0.270376493571209,-0.3497718661632084,0.3014754996931336,-0.8067976084037375,1.2489606080439473,-0.930660727433844,-0.4109144439463271,1.6814095515820904,-0.0468606312330226,0.6279054331465134,-1.4464291235323632
0.3617210153103916,-0.1121532017644998,-0.8925916317762641,-0.0126561687829717,0.1402148508932228,0.3033972138760958,1.7326817758673727,0.6852381700016797,1.104824787736869,1.8193032151640416,-1.0129371484286014,-0.3616821166278091,-0.3242123322201614,-0.2266083655811306,1.816133954706112,-0.4684396830725553,-0.4249430917893408,-0.2968364669508921,-0.3019339255063415,3.775566442374484,-0.2506821295079583,-0.162435292576479,-0.162435292576479,-0.0507673082566809,-0.6921614352674402,-0.6860753842634565,-0.6040796973096797,1.0103361919575191,1.3152279503582291,2.08056894220972,-0.270376493571209,0.3919749731553789,-1.6092337341773404,-0.714585394603516,-1.727927660470965,0.7394224701995444,0.2607062228398966,0.3716323381348563,1.5441790034759446,-1.592596507707975,0.9388857548338564
-0.3120149280261448,-0.8527137802852236,0.0813031528948348,-0.1842457910820806,-0.0341548507383526,-0.2309227841635613,0.4050656333616464,-0.1237380003493169,1.241884564266297,0.5714239243443175,0.9872280837476723,-0.3616821166278091,-0.3242123322201614,-0.2266083655811306,-0.5506201772224562,0.9768514294476018,-0.4249430917893408,-0.2968364669508921,1.3055333480674969,-0.2648609196163668,-0.2506821295079583,-0.162435292576479,-0.162435292576479,-0.0507673082566809,-0.6921614352674402,-0.6860753842634565,-0.6040796973096797,1.0103361919575191,1.3152279503582291,-0.4806377619661694,-0.270376493571209,-0.4737910346952722,0.6085570915649814,-0.8067976084037375,0.0419565562339774,1.466421293424276,-0.4109144439463271,-0.0505068362935553,0.2694207205222576,0.6279054331465134,0.9753442152366976
-2.5872942605452747,0.9435623567134384,-0.8925916317762641,-1.2883923110402715,-0.0940228401306786,0.0127641775944568,-0.9239641527740776,-0.9327141707003136,-0.9525084467561168,-1.3902611870981454,-1.0129371484286014,-0.3616821166278091,-0.3242123322201614,-0.2266083655811306,1.816133954706112,-0.4684396830725553,-0.4249430917893408,-0.2968364669508921,3.3119829059387924,-0.2648609196163668,-0.2506821295079583,-0.162435292576479,-0.162435292576479,-0.0507673082566809,-0.6921614352674402,-0.6860753842634565,1.6554107089736416,-0.9897695519176712,-0.760324474345021,-0.4806377619661694,-0.270376493571209,-1.0915187054817956,-1.9779670950997128,-0.4379487532028515,-1.027483361996868,-0.9685454124463214,-0.4109144439463271,-0.9560852880068772,-0.8191826323906566,-1.592596507707975,-2.1477002018605544
-0.2174476518913836,-0.8686449214490413,-0.7059689853903437,-1.126778588301646,-0.5552874776436297,-0.911550439349603,2.1754560973076145,-0.9327141707003136,-0.69699787945478,0.2145210140329482,0.9872280837476723,-0.3616821166278091,-0.3242123322201614,-0.2266083655811306,-0.5506201772224562,-0.4684396830725553,-0.4249430917893408,-0.2968364669508921,3.3119829059387924,-0.2648609196163668,-0.2506821295079583,-0.162435292576479,-0.162435292576479,-0.0507673082566809,-0.6921614352674402,-0.6860753842634565,-0.6040796973096797,1.0103361919575191,-0.760324474345021,-0.4806377619661694,-0.270376493571209,1.8754686517925536,0.8210543264473853,-0.8067976084037375,-1.027483361996868,-0.5423427060559483,-1.082535110732551,0.2527231241068525,2.401323760510837,0.6279054331465134,-0.2382125925912613
-0.2563701294358825,0.7153093759816858,-0.8925916317762641,-1.2883923110402715,-1.0308620978674985,-1.54429292331748,-0.9239641527740776,-0.9327141707003136,-0.9605977821232604,-0.5878700865325985,-1.0129371484286014,-0.3616821166278091,-0.3242123322201614,-0.2266083655811306,1.816133954706112,-0.4684396830725553,0.6034315772489276,-0.2968364669508921,-0.3019339255063415,-0.2648609196163668,-0.2506821295079583,-0.162435292576479,-0.162435292576479,-0.0507673082566809,0.653753427990653,-0.6860753842634565,1.6554107089736416,-0.9897695519176712,-0.760324474345021,-0.4806377619661694,-0.270376493571209,-1.0915187054817956,-0.85834791840565,1.3584037080330045,-0.1296917274235173,-0.9820387746300854,-0.4109144439463271,0.2964050644536896,-0.7107760674983674,-1.592596507707975,-3.258840211789807
0.526430735725958,1.272503456003562,-0.8925916317762641,-0.4410896100127545,-0.1286269801407155,-0.6752458859152495,0.4043588115466475,-0.1237380003493169,-0.2783390832543673,0.2145210140329482,-1.0129371484286014,2.7648588471103626,-0.3242123322201614,-0.2266083655811306,-0.5506201772224562,-0.4684396830725553,2.353256281421644,-0.2968364669508921,-0.3019339255063415,-0.2648609196163668,-0.2506821295079583,-0.162435292576479,-0.162435292576479,-0.0507673082566809,-0.6921614352674402,-0.6860753842634565,1.6554107089736416,1.0103361919575191,-0.760324474345021,-0.4806377619661694,-0.270376493571209,1.1337218124739663,-1.5589519122333806,1.129658881400914,1.2489606080439473,-0.2241113519511363,0.2607062228398966,-0.1521292935465729,0.3830969090536307,0.6279054331465134,0.3049101250009625
-0.6774653457613564,-0.7875233172834637,-0.1374302909040734,-0.4645562206234593,-0.0326918851726399,0.0573350084112834,0.5708055392749122,-0.3658368996087832,-0.3077282271733255,0.2145210140329482,0.9872280837476723,-0.3616821166278091,-0.3242123322201614,-0.2266083655811306,-0.5506201772224562,-0.4684396830725553,-0.4249430917893408,-0.2968364669508921,3.3119829059387924,-0.2648609196163668,-0.2506821295079583,-0.162435292576479,-0.162435292576479,-0.0507673082566809,-0.6921614352674402,0.0649859546133961,0.1875714059704387,-0.9897695519176712,-0.760324474345021,1.1832063743267751,-0.270376493571209,0.6518586628883238,0.8151819610523422,-0.8067976084037375,-1.027483361996868,0.0605185390958443,-0.1412799668850874,-0.202566510500632,0.6240201064374883,0.6279054331465134,0.1231492402905826
-0.3035083210081755,-0.8583190769501412,-0.7269287642501016,-1.1449295895595475,-1.0308620978674985,-0.6628637220909002,0.8471331329868893,-0.9327141707003136,-0.5001601090893057,0.2145210140329482,0.9872280837476723,-0.3616821166278091,-0.3242123322201614,-0.2266083655811306,-0.5506201772224562,-0.4684396830725553,-0.4249430917893408,-0.2968364669508921,-0.3019339255063415,-0.2648609196163668,-0.2506821295079583,-0.162435292576479,-0.162435292576479,-0.0507673082566809,1.444749662502673,-0.6860753842634565,-0.6040796973096797,-0.9897695519176712,1.3152279503582291,-0.4806377619661694,-0.270376493571209,1.1337218124739663,-0.1343002904878517,-0.8067976084037375,0.5485163095698503,-0.2140087692811422,-1.082535110732551,1.5488954169142566,0.8876591536894244,0.6279054331465134,0.0801267700825045
0.9541258279212884,1.392314419168292,-0.7269287642501016,0.0973319176855834,0.5495918627842499,0.4615828348680653,1.511294615147252,1.4942143403526764,0.8928456504202048,1.8193032151640416,-1.0129371484286014,-0.3616821166278091,3.0843984038242387,-0.2266083655811306,-0.5506201772224562,2.134746555716359,-0.4249430917893408,-0.2968364669508921,-0.3019339255063415,-0.2648609196163668,-0.2506821295079583,-0.162435292576479,-0.162435292576479,-0.0507673082566809,-0.6921614352674402,-0.6860753842634565,-0.6040796973096797,1.0103361919575191,1.3152279503582291,2.08056894220972,-0.270376493571209,0.0211015534960852,0.1338694265466008,0.1153245295984775,0.8987384588068987,0.2532356792060817,0.2607062228398966,0.0932011975563248,1.3488438416747075,0.6279054331465134,0.8768748642152763
-1.4621065327181804,0.2681389444489476,1.3690491217256788,0.971407345568506,0.456892909846514,-0.1520994643364875,-0.7025769920539569,-0.1237380003493169,1.3788835295534143,-0.5878700865325985,-1.0129371484286014,-0.3616821166278091,-0.3242123322201614,4.412899750790439,-0.5506201772224562,-0.4684396830725553,-0.4249430917893408,-0.2968364669508921,-0.3019339255063415,-0.2648609196163668,-0.2506821295079583,-0.162435292576479,-0.162435292576479,-0.0507673082566809,1.444749662502673,1.4575657762062992,-0.6040796973096797,-0.9897695519176712,-0.760324474345021,-0.4806377619661694,-0.270376493571209,0.7628483928146726,0.6702088606155058,1.6829321642022432,0.373405234951326,1.618768103433608,0.2607062228398966,-0.6806861260130292,-0.7908558820433927,-1.592596507707975,1.0102389075377354
-0.2168812051502798,-0.8632300723186213,0.7550485229358888,1.9602180448643585,1.2002686350889815,0.5435277168067371,-0.259802670613715,0.6852381700016797,1.536353745845794,-0.5878700865325985,0.9872280837476723,-0.3616821166278091,-0.3242123322201614,-0.2266083655811306,-0.5506201772224562,-0.4684396830725553,-0.4249430917893408,-0.2968364669508921,3.3119829059387924,-0.2648609196163668,-0.2506821295079583,-0.162435292576479,-0.162435292576479,-0.0507673082566809,-0.6921614352674402,1.4575657762062992,-0.6040796973096797,-0.9897695519176712,1.3152279503582291,-0.4806377619661694,3.698546374323143,0.8864975909290812,-2.061770131672979,-0.8067976084037375,-1.027483361996868,1.099326977818082,1.603947556412344,-0.7593412624586426,-0.373725281710107,0.6279054331465134,1.0475464046512772
0.8916966412647099,0.6650610799281677,0.1366141247719197,0.943657257106906,1.4355098833419604,0.7636589382795106,1.9540689365874937,-0.1237380003493169,0.0070756837755703,-0.5878700865325985,-1.0129371484286014,-0.3616821166278091,-0.3242123322201614,-0.2266083655811306,1.816133954706112,2.134746555716359,-0.4249430917893408,-0.2968364669508921,-0.3019339255063415,-0.2648609196163668,-0.2506821295079583,-0.162435292576479,-0.162435292576479,-0.0507673082566809,-0.6921614352674402,-0.6860753842634565,-0.6040796973096797,1.0103361919575191,1.3152279503582291,-0.4806377619661694,-0.270376493571209,-0.3497718661632084,-0.989091263535169,-0.161312111802187,0.8987384588068987,0.0932781202645095,-0.4109144439463271,-0.7756489912251413,1.8946914103841133,-1.592596507707975,0.5048402202984124
-0.3180397586211532,-0.853316777946734,1.6462018898789372,0.9101826220947372,1.2002686350889815,0.5435277168067371,0.6257459722667684,-0.9327141707003136,0.173630720238664,-0.5878700865325985,0.9872280837476723,-0.3616821166278091,-0.3242123322201614,-0.2266083655811306,-0.5506201772224562,-0.4684396830725553,-0.4249430917893408,-0.2968364669508921,-0.3019339255063415,-0.2648609196163668,-0.2506821295079583,-0.162435292576479,6.156297588648554,-0.0507673082566809,-0.6921614352674402,-0.6860753842634565,-0.6040796973096797,-0.9897695519176712,-0.760324474345021,-0.4806377619661694,-0.270376493571209,0.3919749731553789,-0.0002154319706254,-0.8067976084037375,-1.4652610485431783,0.9099035527556936,-1.7541557775187746,-0.7593412624586426,0.5499372338965142,0.6279054331465134,0.5957275047412827
-0.2195180407139187,-0.8695370056911885,-1.0726038863679532,-0.887708958272089,0.1066142681122632,-0.2407223672141343,1.7326817758673727,0.6852381700016797,-0.8088168743893206,0.2145210140329482,0.9872280837476723,-0.3616821166278091,-0.3242123322201614,-0.2266083655811306,-0.5506201772224562,-0.4684396830725553,2.353256281421644,-0.2968364669508921,-0.3019339255063415,-0.2648609196163668,-0.2506821295079583,-0.162435292576479,-0.162435292576479,-0.0507673082566809,-0.6921614352674402,-0.6860753842634565,1.6554107089736416,1.0103361919575191,-0.760324474345021,-0.4806377619661694,-0.270376493571209,-0.8442944839369106,0.8210543264473853,-0.8067976084037375,1.2489606080439473,-0.8565961682344501,0.2607062228398966,-0.2774460802110871,2.041555262685072,0.6279054331465134,-0.5523432626580518
-0.2104442395000995,-0.8721321767240187,-0.8958968276733797,-1.2912545843155565,0.074017242560381,-0.2559566024811709,1.289907454427131,-0.9327141707003136,-0.7840607394241245,1.016912114598495,0.9872280837476723,-0.3616821166278091,-0.3242123322201614,-0.2266083655811306,-0.5506201772224562,-0.4684396830725553,-0.4249430917893408,-0.2968364669508921,3.3119829059387924,-0.2648609196163668,-0.2506821295079583,-0.162435292576479,-0.162435292576479,-0.0507673082566809,-0.6921614352674402,-0.6860753842634565,-0.6040796973096797,1.0103361919575191,-0.760324474345021,-0.4806377619661694,-0.270376493571209,-0.3497718661632084,-0.1343002904878517,-0.8067976084037375,-1.027483361996868,-0.6875673319371125,-1.082535110732551,0.0843462085243291,1.5183501428146662,0.6279054331465134,-0.4664823086418347
0.5494167807068586,1.2708410315916274,-0.8252381885557732,0.0791460106560318,-1.0308620978674985,-0.5294424287476296,0.4043588115466475,-0.1237380003493169,0.1509186698118785,0.2145210140329482,-1.0129371484286014,2.7648588471103626,-0.3242123322201614,-0.2266083655811306,-0.5506201772224562,2.134746555716359,-0.4249430917893408,-0.2968364669508921,-0.3019339255063415,-0.2648609196163668,-0.2506821295079583,-0.162435292576479,-0.162435292576479,-0.0507673082566809,-0.6921614352674402,-0.6860753842634565,1.6554107089736416,1.0103361919575191,-0.760324474345021,-0.4806377619661694,-0.270376493571209,1.1337218124739663,0.1673906411759073,1.129658881400914,0.8987384588068987,0.2532356792060817,0.2607062228398966,1.5488954169142566,0.3328383098074293,0.6279054331465134,0.5841505124262508
-0.3252088696761078,-0.8525988556091777,-0.8925916317762641,-0.4554358821608269,-0.0940228401306786,0.0127641775944568,-0.259802670613715,-0.1237380003493169,0.0222170507267607,-1.3902611870981454,0.9872280837476723,-0.3616821166278091,-0.3242123322201614,-0.2266083655811306,-0.5506201772224562,2.134746555716359,-0.4249430917893408,-0.2968364669508921,-0.3019339255063415,-0.2648609196163668,-0.2506821295079583,-0.162435292576479,-0.162435292576479,-0.0507673082566809,-0.6921614352674402,-0.6860753842634565,-0.6040796973096797,1.0103361919575191,1.3152279503582291,-0.4806377619661694,-0.270376493571209,0.0211015534960852,1.105984650796491,-0.8067976084037375,0.8987384588068987,0.1101157580478328,-0.4109144439463271,-0.9560852880068772,-0.3175311029262177,0.6279054331465134,0.5137247645196329
0.0565972412972983,-0.3284506946487222,0.9218402375878356,1.4900521135123814,0.5757428644814033,0.3379601657256224,-0.7277271324959018,1.3104108692540446,1.8838093225025832,-1.03464246431284,0.9872280837476723,-0.3616821166278091,-0.3242123322201614,-0.2266083655811306,-0.5506201772224562,-0.4684396830725553,-0.4249430917893408,-0.2968364669508921,-0.3019339255063415,-0.2648609196163668,-0.2506821295079583,-0.162435292576479,6.156297588648554,-0.0507673082566809,-0.6921614352674402,1.4575657762062992,-0.6040796973096797,-0.1033252112823843,0.3953457360282386,0.6544858159077944,-0.270376493571209,1.0114833379909995,0.3931075896744312,-0.8067976084037375,-1.4652610485431783,1.1353331430705575,1.2299883212526557,-0.8755964650901746,-0.8228956204469076,0.6279054331465134,1.101213455108334
1.5713521808246274,1.4406807299368676,-0.0213097474829476,0.4416075434676714,-0.0940228401306786,0.0127641775944568,-0.9239641527740776,-0.1237380003493169,-0.6591444620768042,-1.3902611870981454,-1.0129371484286014,-0.3616821166278091,-0.3242123322201614,-0.2266083655811306,1.816133954706112,-0.4684396830725553,-0.4249430917893408,-0.2968364669508921,-0.3019339255063415,-0.2648609196163668,-0.2506821295079583,-0.162435292576479,-0.162435292576479,-0.0507673082566809,1.444749662502673,-0.6860753842634565,-0.6040796973096797,1.0103361919575191,-0.760324474345021,-0.4806377619661694,-0.270376493571209,-0.3497718661632084,-0.9723306562205156,-0.6223731808032945,-0.2394835262135088,-0.6475779422017195,-1.082535110732551,-0.9560852880068772,-0.9481661556272662,-1.592596507707975,-0.161693561127958
-0.1042146885065635,-0.8625723856317936,0.0924373600982763,1.2238807919115906,-1.7956098752106866,0.8475167949663261,-0.0384155098935941,0.6852381700016797,0.968560055859632,1.016912114598495,0.9872280837476723,-0.3616821166278091,-0.3242123322201614,-0.2266083655811306,-0.5506201772224562,2.134746555716359,-0.4249430917893408,-0.2968364669508921,-0.3019339255063415,-0.2648609196163668,-0.2506821295079583,-0.162435292576479,-0.162435292576479,-0.0507673082566809,-0.6921614352674402,1.4575657762062992,-0.6040796973096797,-0.9897695519176712,1.3152279503582291,-0.4806377619661694,-0.270376493571209,0.0211015534960852,0.0668269972879876,-0.8067976084037375,0.8987384588068987,0.6257747292762803,0.9323268896261204,2.801385769374823,-0.1460709292875112,0.6279054331465134,0.8998018341824648
-0.6810910652725478,1.0535473959255706,-0.9599450749967552,-0.5835749698872837,-0.0940228401306786,0.0127641775944568,0.6257459722667684,-0.1237380003493169,-0.5834376273208526,-1.3902611870981454,-1.0129371484286014,-0.3616821166278091,-0.3242123322201614,-0.2266083655811306,1.816133954706112,2.134746555716359,-0.4249430917893408,-0.2968364669508921,-0.3019339255063415,-0.2648609196163668,-0.2506821295079583,-0.162435292576479,-0.162435292576479,-0.0507673082566809,-0.6921614352674402,-0.6860753842634565,-0.6040796973096797,1.0103361919575191,1.3152279503582291,-0.4806377619661694,-0.270376493571209,0.0211015534960852,-1.0728943001084357,0.6685978123998065,0.8987384588068987,-0.5633897532851024,-0.4109144439463271,-0.9560852880068772,0.6818446932901978,-1.592596507707975,-0.0338230369830465
1.0622433614932028,1.3054710065814226,0.552947886007378,2.590441752001699,1.944685086346788,1.9319300076504995,1.511294615147252,0.6852381700016797,-0.2314008457056773,1.8193032151640416,-1.0129371484286014,-0.3616821166278091,3.0843984038242387,-0.2266083655811306,-0.5506201772224562,-0.4684396830725553,-0.4249430917893408,3.368858315395045,-0.3019339255063415,-0.2648609196163668,-0.2506821295079583,-0.162435292576479,-0.162435292576479,-0.0507673082566809,-0.6921614352674402,1.4575657762062992,-0.6040796973096797,1.0103361919575191,-0.760324474345021,-0.4806377619661694,3.698546374323143,1.1337218124739663,1.4914786190335163,0.1153245295984775,-0.1519279889042467,-0.3750186805841721,1.603947556412344,-0.344130643531113,1.4999806039803625,0.6279054331465134,0.3429632668540911
-0.334649640033258,-0.8461740141543334,0.7340484368090928,0.1202650096595092,-3.634721419460552,-3.98090103206691,-0.7025769920539569,-0.9327141707003136,-0.8897474807434329,-0.5878700865325985,0.9872280837476723,-0.3616821166278091,-0.3242123322201614,-0.2266083655811306,-0.5506201772224562,-0.4684396830725553,-0.4249430917893408,-0.2968364669508921,-0.3019339255063415,-0.2648609196163668,-0.2506821295079583,-0.162435292576479,-0.162435292576479,-0.0507673082566809,1.444749662502673,1.4575657762062992,-0.6040796973096797,-0.9897695519176712,-0.760324474345021,-0.4806377619661694,-0.270376493571209,-1.0915187054817956,0.8545755410766919,-0.8067976084037375,0.373405234951326,-0.8638573995285083,0.2607062228398966,0.2964050644536896,-0.6421603693859859,0.6279054331465134,-0.9830829897500648
0.0881849233826647,1.1336723016877548,0.7307432409119774,1.5987338736589132,1.129016071824491,2.315950993000616,1.9540689365874937,1.4942143403526764,0.8928456504202048,2.6216943157295884,-1.0129371484286014,-0.3616821166278091,-0.3242123322201614,-0.2266083655811306,1.816133954706112,2.134746555716359,-0.4249430917893408,-0.2968364669508921,-0.3019339255063415,-0.2648609196163668,-0.2506821295079583,-0.162435292576479,-0.162435292576479,-0.0507673082566809,-0.6921614352674402,-0.6860753842634565,-0.6040796973096797,-0.9897695519176712,1.3152279503582291,2.08056894220972,3.698546374323143,1.3809460340188515,-1.3075428025135811,0.207536743398699,0.8987384588068987,0.2532356792060817,0.2607062228398966,0.0553222789485063,1.7751525811264386,-1.592596507707975,0.8768748642152763
-1.1964110510715724,-0.6957822552091809,0.6700001894857177,0.0647997385079594,0.0852050472252802,0.4844689691276775,0.6257459722667684,-0.9327141707003136,0.173630720238664,0.2145210140329482,0.9872280837476723,-0.3616821166278091,-0.3242123322201614,-0.2266083655811306,-0.5506201772224562,-0.4684396830725553,-0.4249430917893408,-0.2968364669508921,3.3119829059387924,-0.2648609196163668,-0.2506821295079583,-0.162435292576479,-0.162435292576479,-0.0507673082566809,-0.6921614352674402,1.4575657762062992,-0.6040796973096797,-0.9897695519176712,-0.760324474345021,-0.4806377619661694,-0.270376493571209,-1.0915187054817956,0.9551391849646116,-0.8067976084037375,-1.027483361996868,0.9099035527556936,0.2607062228398966,-0.267680267542379,0.5499372338965142,0.6279054331465134,0.5957275047412827
-2.161206525937319,0.2172904210651954,-0.4541694882039842,-0.0164958036644508,0.2695250582991501,-0.3274322953436371,-0.9239641527740776,0.6852381700016797,2.369128928161262,-0.5878700865325985,-1.0129371484286014,-0.3616821166278091,-0.3242123322201614,4.412899750790439,-0.5506201772224562,-0.4684396830725553,-0.4249430917893408,-0.2968364669508921,-0.3019339255063415,-0.2648609196163668,-0.2506821295079583,-0.162435292576479,-0.162435292576479,-0.0507673082566809,1.444749662502673,-0.6860753842634565,-0.6040796973096797,1.0103361919575191,1.3152279503582291,2.08056894220972,-0.270376493571209,1.1337218124739663,-1.8774034512117928,1.6829321642022432,0.7236273841883746,1.7938795363801714,0.2607062228398966,-0.6498256988665617,-1.0092743771095287,-1.592596507707975,1.2124002148950586
-0.2776555568623594,0.1801590969801648,0.8728649921237882,0.3877552281914388,-0.0940228401306786,0.0127641775944568,-1.209630097259329,-0.64566741354942,-0.6327751850929311,-1.3902611870981454,-1.0129371484286014,-0.3616821166278091,-0.3242123322201614,-0.2266083655811306,1.816133954706112,-0.4684396830725553,-0.4249430917893408,-0.2968364669508921,-0.3019339255063415,-0.2648609196163668,-0.2506821295079583,-0.162435292576479,-0.162435292576479,-0.0507673082566809,1.444749662502673,0.0745468270694755,-0.6040796973096797,1.0103361919575191,-0.760324474345021,-0.4806377619661694,-0.270376493571209,-1.0915187054817956,-1.8725370829461423,-0.5837077845519167,0.3846966822586825,-0.5666544115409256,-0.3676072494352496,-0.9560852880068772,-1.2617809542820613,-1.592596507707975,-0.2766035917050973
0.5589637468360668,1.270997608928774,-0.8848526365049689,-0.7404066019098856,-0.1072549280399945,0.1499766390749578,1.289907454427131,0.6852381700016797,-0.8627958475703141,0.2145210140329482,-1.0129371484286014,2.7648588471103626,-0.3242123322201614,-0.2266083655811306,-0.5506201772224562,2.134746555716359,-0.4249430917893408,-0.2968364669508921,-0.3019339255063415,-0.2648609196163668,-0.2506821295079583,-0.162435292576479,-0.162435292576479,-0.0507673082566809,-0.6921614352674402,-0.6860753842634565,1.6554107089736416,-0.9897695519176712,-0.760324474345021,-0.4806377619661694,-0.270376493571209,2.617215491111141,0.1673906411759073,1.129658881400914,0.8987384588068987,-0.901615802257611,-0.4109144439463271,-0.1653943713627133,1.6322605707864706,0.6279054331465134,-0.8013608986155604
0.3013138876167845,0.1015409670779626,-0.4751695743307799,-0.9269081398348268,-1.0308620978674985,-1.1840971689215185,-0.9239641527740776,-0.9327141707003136,-0.8862649663446591,0.2145210140329482,-1.0129371484286014,-0.3616821166278091,-0.3242123322201614,-0.2266083655811306,1.816133954706112,-0.4684396830725553,2.353256281421644,-0.2968364669508921,-0.3019339255063415,-0.2648609196163668,-0.2506821295079583,-0.162435292576479,-0.162435292576479,-0.0507673082566809,-0.6921614352674402,-0.6860753842634565,1.6554107089736416,-0.9897695519176712,-0.760324474345021,-0.4806377619661694,-0.270376493571209,-1.0915187054817956,-1.290782195198928,-0.161312111802187,1.2489606080439473,-0.8580484144932617,-0.4109144439463271,1.5488954169142566,-0.9038140760096663,-1.592596507707975,-0.9560975640618568
-0.3047856843931629,-0.8583573042706693,-0.0213097474829476,-0.1407952565094286,0.2695250582991501,1.1305327136144474,1.511294615147252,-0.1237380003493169,1.536353745845794,1.8193032151640416,-1.0129371484286014,-0.3616821166278091,-0.3242123322201614,-0.2266083655811306,-0.5506201772224562,-0.4684396830725553,-0.4249430917893408,-0.2968364669508921,-0.3019339255063415,-0.2648609196163668,-0.2506821295079583,-0.162435292576479,-0.162435292576479,-0.0507673082566809,1.444749662502673,-0.6860753842634565,-0.6040796973096797,1.0103361919575191,1.3152279503582291,-0.4806377619661694,-0.270376493571209,0.0211015534960852,-0.1343002904878517,-0.8067976084037375,0.5485163095698503,1.7938795363801714,-0.4109144439463271,0.2689530685543851,1.3037750111721882,-1.592596507707975,1.0475464046512772
2.334179511121701,-0.865847295875086,0.7318315371220032,0.1183451922187698,0.0852050472252802,-0.4999130549080998,-0.259802670613715,-0.9327141707003136,-0.0156363666512151,-0.5878700865325985,-1.0129371484286014,-0.3616821166278091,-0.3242123322201614,-0.2266083655811306,1.816133954706112,-0.4684396830725553,-0.4249430917893408,-0.2968364669508921,-0.3019339255063415,-0.2648609196163668,-0.2506821295079583,-0.162435292576479,-0.162435292576479,-0.0507673082566809,1.444749662502673,-0.6860753842634565,-0.6040796973096797,-0.9897695519176712,1.3152279503582291,-0.4806377619661694,-0.270376493571209,0.3919749731553789,0.988660399593918,1.959568805602908,0.0231830857142775,0.5941978443183802,-1.082535110732551,-0.6118827777746282,-0.3150327551848056,-1.592596507707975,0.4912496634063913
-1.4880487541089653,-0.6389285954145839,1.0255908992949163,0.8843872568455268,0.3326748261584976,0.6207423339136352,-0.9239641527740776,-0.1237380003493169,0.3250443897505673,0.2145210140329482,0.9872280837476723,-0.3616821166278091,-0.3242123322201614,-0.2266083655811306,-0.5506201772224562,-0.4684396830725553,-0.4249430917893408,3.368858315395045,-0.3019339255063415,-0.2648609196163668,-0.2506821295079583,-0.162435292576479,-0.162435292576479,-0.0507673082566809,-0.6921614352674402,-0.6860753842634565,-0.6040796973096797,1.0103361919575191,1.3152279503582291,-0.4806377619661694,-0.270376493571209,0.7628483928146726,0.804293719132732,-0.8067976084037375,-0.1519279889042467,0.4468685137143007,-0.4109144439463271,-0.3658574256499646,-0.9870264659756076,0.6279054331465134,0.6674511964284087
0.4663424292026883,1.0093500727663138,0.5198153125021455,0.611808086032151,-0.0940228401306786,0.0127641775944568,-0.7025769920539569,-0.1237380003493169,-0.6963572482190752,-1.3902611870981454,-1.0129371484286014,-0.3616821166278091,-0.3242123322201614,-0.2266083655811306,1.816133954706112,-0.4684396830725553,-0.4249430917893408,-0.2968364669508921,-0.3019339255063415,-0.2648609196163668,-0.2506821295079583,-0.162435292576479,-0.162435292576479,-0.0507673082566809,1.444749662502673,1.4575657762062992,-0.6040796973096797,1.0103361919575191,-0.760324474345021,-0.4806377619661694,-0.270376493571209,0.3919749731553789,0.4020391435810533,1.4062955228015783,-0.3270390635227709,-0.6889596362054156,0.9323268896261204,-0.9560852880068772,-0.7053669263547312,-1.592596507707975,-0.2368288140774517
-0.2508461832283831,-0.8686595892498317,0.8997113043352556,1.5337044210753146,1.4171856717147333,0.74651172826433,-0.4811898313338359,3.1121666810546698,2.7483315932919155,-0.5878700865325985,0.9872280837476723,-0.3616821166278091,-0.3242123322201614,-0.2266083655811306,-0.5506201772224562,-0.4684396830725553,-0.4249430917893408,-0.2968364669508921,-0.3019339255063415,-0.2648609196163668,-0.2506821295079583,-0.162435292576479,6.156297588648554,-0.0507673082566809,-0.6921614352674402,1.4575657762062992,-0.6040796973096797,1.0103361919575191,-0.760324474345021,2.08056894220972,-0.270376493571209,0.3919749731553789,1.0557028288525312,-0.8067976084037375,-1.4652610485431783,0.7839398615413969,1.603947556412344,-0.7744764157362548,-0.6011447196348023,0.6279054331465134,1.2741803240201404
0.5221810273184447,0.4698880395151366,-0.6778994723321405,1.0982609113427722,0.4487301245553636,0.3581102924867732,1.4745380225042568,3.921142851405666,0.9904346257273808,0.7859672832499116,-1.0129371484286014,-0.3616821166278091,-0.3242123322201614,-0.2266083655811306,1.816133954706112,0.2808114071530494,1.5536327745722704,-0.2968364669508921,-0.3019339255063415,-0.2648609196163668,-0.2506821295079583,-0.162435292576479,-0.162435292576479,-0.0507673082566809,-0.6921614352674402,1.4575657762062992,0.0462485907845584,1.0103361919575191,1.3152279503582291,-0.4806377619661694,-0.270376493571209,-0.7019605990280288,0.7329856940503583,1.6145411202986937,1.1481593963492005,-0.1701560515152196,1.99056032295934,-0.211320258983534,1.3036112346141464,-1.592596507707975,0.9058629710083322
-0.3103586888441799,-0.8558066448647027,0.7440043317674778,0.1288867352570127,0.0852050472252802,-0.4999130549080998,0.1829716508265267,-0.9327141707003136,0.173630720238664,-0.5878700865325985,0.9872280837476723,-0.3616821166278091,-0.3242123322201614,-0.2266083655811306,-0.5506201772224562,-0.4684396830725553,-0.4249430917893408,-0.2968364669508921,-0.3019339255063415,-0.2648609196163668,-0.2506821295079583,-0.162435292576479,-0.162435292576479,-0.0507673082566809,1.444749662502673,-0.6860753842634565,-0.6040796973096797,-0.9897695519176712,-0.760324474345021,2.08056894220972,-0.270376493571209,1.1337218124739663,0.3014754996931336,-0.8067976084037375,0.373405234951326,0.9099035527556936,-1.082535110732551,-0.6118827777746282,0.1116927453058353,0.6279054331465134,0.5957275047412827
-0.2912054441178307,-0.8621759833120302,-1.065154990906941,-1.437830803192611,-0.7242047644840273,-1.2573328180102163,-1.0425777888671082,-0.9327141707003136,-0.8386741550145329,-0.5878700865325985,0.9872280837476723,-0.3616821166278091,-0.3242123322201614,-0.2266083655811306,-0.5506201772224562,-0.4684396830725553,2.353256281421644,-0.2968364669508921,-0.3019339255063415,-0.2648609196163668,-0.2506821295079583,-0.162435292576479,-0.162435292576479,-0.0507673082566809,-0.6921614352674402,0.3090571106859672,-0.6040796973096797,-0.9897695519176712,-0.760324474345021,-0.4806377619661694,-0.270376493571209,-0.7471810446625751,0.0991773458237939,-0.8067976084037375,1.2489606080439473,-0.7786648774347248,-0.8188058288565063,-0.2011694184844599,-1.0518046057824073,0.6279054331465134,-0.694785607478534
-0.2233859885066186,-0.8687321548686848,-1.2956643021562215,-0.1312310750773803,0.3428590735943194,0.4253754400895602,-0.4811898313338359,-0.1237380003493169,-0.787846081161922,1.016912114598495,0.9872280837476723,-0.3616821166278091,-0.3242123322201614,-0.2266083655811306,-0.5506201772224562,-0.4684396830725553,-0.4249430917893408,3.368858315395045,-0.3019339255063415,-0.2648609196163668,-0.2506821295079583,-0.162435292576479,-0.162435292576479,-0.0507673082566809,-0.6921614352674402,-0.6860753842634565,1.6554107089736416,1.0103361919575191,-0.760324474345021,-0.4806377619661694,-0.270376493571209,-0.3497718661632084,0.8210543264473853,-0.8067976084037375,-0.1519279889042467,-0.7906978633599683,0.2607062228398966,-0.0759093551463243,-0.4406448440069673,0.6279054331465134,-0.4788062550480068
-1.2583552761696204,0.8120971562904544,-0.055530617198206,0.3383213651558802,0.6728063892431886,0.0994741057239597,0.6257459722667684,-0.1237380003493169,0.0676411515803317,0.2145210140329482,-1.0129371484286014,-0.3616821166278091,-0.3242123322201614,-0.2266083655811306,1.816133954706112,2.134746555716359,-0.4249430917893408,-0.2968364669508921,-0.3019339255063415,-0.2648609196163668,-0.2506821295079583,-0.162435292576479,-0.162435292576479,-0.0507673082566809,-0.6921614352674402,-0.6860753842634565,-0.6040796973096797,-0.9897695519176712,1.3152279503582291,2.08056894220972,-0.270376493571209,0.3919749731553789,-1.894164058526446,-0.34573653940263,0.8987384588068987,0.1606286713978029,-0.4109144439463271,-0.4625902712769454,0.561025941678609,-1.592596507707975,0.5395806520585041
-0.3173470046503004,-0.8573805188926555,0.057128194172992,-0.0920318935146423,0.0852050472252802,0.3139011843113587,-0.4811898313338359,-0.1237380003493169,-0.2124741370166894,0.2145210140329482,0.9872280837476723,-0.3616821166278091,-0.3242123322201614,-0.2266083655811306,-0.5506201772224562,2.134746555716359,-0.4249430917893408,-0.2968364669508921,-0.3019339255063415,-0.2648609196163668,-0.2506821295079583,-0.162435292576479,-0.162435292576479,-0.0507673082566809,-0.6921614352674402,-0.6860753842634565,-0.6040796973096797,1.0103361919575191,1.3152279503582291,-0.4806377619661694,-0.270376493571209,-0.3497718661632084,0.3014754996931336,-0.8067976084037375,0.8987384588068987,-0.1508676275936795,-0.4109144439463271,-0.267680267542379,-0.5243860690879676,0.6279054331465134,0.3576198614299374
-1.1852777742293166,-0.6899070033012649,-0.693796190744869,-1.116237045263403,-0.1978724289470514,-0.7648078854874397,0.4043588115466475,-0.9327141707003136,-0.5834376273208526,-0.5878700865325985,0.9872280837476723,-0.3616821166278091,-0.3242123322201614,-0.2266083655811306,-0.5506201772224562,-0.4684396830725553,-0.4249430917893408,-0.2968364669508921,-0.3019339255063415,-0.2648609196163668,-0.2506821295079583,-0.162435292576479,-0.162435292576479,-0.0507673082566809,1.444749662502673,-0.6860753842634565,-0.6040796973096797,1.0103361919575191,-0.760324474345021,-0.4806377619661694,-0.270376493571209,-1.0915187054817956,-0.3019063636343845,-0.8067976084037375,0.5485163095698503,-0.3529192809935602,-1.082535110732551,-0.5310014005283596,0.4480660646177822,0.6279054331465134,-0.0338230369830465
0.3013138876167845,0.1015409670779626,0.2901041976526076,0.6433629036035803,0.4253366103099713,0.611212241531973,-0.0384155098935941,-0.1237380003493169,-0.2351861874434749,0.2145210140329482,-1.0129371484286014,-0.3616821166278091,-0.3242123322201614,-0.2266083655811306,1.816133954706112,-0.4684396830725553,-0.4249430917893408,-0.2968364669508921,3.3119829059387924,-0.2648609196163668,-0.2506821295079583,-0.162435292576479,-0.162435292576479,-0.0507673082566809,-0.6921614352674402,-0.6860753842634565,-0.6040796973096797,1.0103361919575191,-0.760324474345021,-0.4806377619661694,-0.270376493571209,0.3919749731553789,0.988660399593918,1.959568805602908,-1.027483361996868,-0.1761240842686646,-1.082535110732551,-0.3957780824651214,-0.0730710558275118,-1.592596507707975,0.3399864206363656
-0.6381848503708828,-0.7959823076823982,-0.8568197161460385,-1.0123736068900848,-0.4618351863070017,-0.8268960955517015,-0.5822381702320217,1.6435910183117084,-0.8488931745429312,-0.8059468696856514,0.9872280837476723,-0.3616821166278091,-0.3242123322201614,-0.2266083655811306,-0.5506201772224562,-0.4684396830725553,-0.4249430917893408,3.368858315395045,-0.3019339255063415,-0.2648609196163668,-0.2506821295079583,-0.162435292576479,-0.162435292576479,-0.0507673082566809,-0.6921614352674402,1.4575657762062992,1.6554107089736416,-0.9897695519176712,-0.760324474345021,-0.4806377619661694,-0.270376493571209,-0.5513665305588262,0.2184370026914182,-0.8067976084037375,-0.1519279889042467,-0.8642549134941813,1.603947556412344,-0.491941900583461,-0.4654957118909435,0.6279054331465134,-1.409585529084144
-1.1900993273155278,-0.6949273332257996,-0.4376032014513679,-0.8943759606572028,-0.6591742352462646,-0.6133002854344455,0.1829716508265267,-0.9327141707003136,-0.5834376273208526,0.2145210140329482,0.9872280837476723,-0.3616821166278091,-0.3242123322201614,-0.2266083655811306,-0.5506201772224562,-0.4684396830725553,2.353256281421644,-0.2968364669508921,-0.3019339255063415,-0.2648609196163668,-0.2506821295079583,-0.162435292576479,-0.162435292576479,-0.0507673082566809,-0.6921614352674402,-0.6860753842634565,-0.6040796973096797,1.0103361919575191,-0.760324474345021,-0.4806377619661694,-0.270376493571209,-1.0915187054817956,-0.3019063636343845,-0.8067976084037375,1.2489606080439473,-0.3529192809935602,-1.082535110732551,0.4216540996997463,0.2142874359453667,0.6279054331465134,-0.0338230369830465
0.198528748549895,1.0985594250431443,1.3005670750281233,0.6108656301976059,-0.0940228401306786,0.0127641775944568,-1.1453513134941986,-0.9327141707003136,-0.8862649663446591,-1.3902611870981454,-1.0129371484286014,-0.3616821166278091,-0.3242123322201614,-0.2266083655811306,1.816133954706112,2.134746555716359,-0.4249430917893408,-0.2968364669508921,-0.3019339255063415,-0.2648609196163668,-0.2506821295079583,-0.162435292576479,-0.162435292576479,-0.0507673082566809,-0.6921614352674402,-0.6860753842634565,-0.6040796973096797,1.0103361919575191,-0.760324474345021,-0.4806377619661694,-0.270376493571209,0.3919749731553789,-0.6035972952981435,2.1439932332033504,0.8987384588068987,-0.8580484144932617,-1.082535110732551,-0.9560852880068772,-1.162988520385604,-1.592596507707975,-0.9560975640618568
-0.353822069337771,-0.8491403746791681,1.9035234826495024,1.908592408594287,1.2013093611043208,0.5445015948603376,-0.0384155098935941,0.6852381700016797,0.0222170507267607,-0.5878700865325985,0.9872280837476723,-0.3616821166278091,-0.3242123322201614,-0.2266083655811306,-0.5506201772224562,-0.4684396830725553,-0.4249430917893408,3.368858315395045,-0.3019339255063415,-0.2648609196163668,-0.2506821295079583,-0.162435292576479,-0.162435292576479,-0.0507673082566809,-0.6921614352674402,-0.6860753842634565,-0.6040796973096797,-0.9897695519176712,-0.760324474345021,-0.4806377619661694,3.698546374323143,0.3919749731553789,-1.4583882683454608,-0.8067976084037375,-0.1519279889042467,-0.1634958559311721,-1.082535110732551,-0.7594198982835708,-0.0966047305591529,0.6279054331465134,0.5137247645196329
0.3126457116933439,1.182306064835786,-1.1435034807847009,-1.004696885985454,-1.5903253343766397,-1.3494113366564484,0.2202266667332151,-0.1918052270044785,-0.6938128942416542,0.2145210140329482,-1.0129371484286014,-0.3616821166278091,-0.3242123322201614,4.412899750790439,-0.5506201772224562,-0.4684396830725553,-0.4249430917893408,-0.2968364669508921,3.007908070245981,-0.2648609196163668,-0.2506821295079583,-0.162435292576479,-0.162435292576479,-0.0507673082566809,-0.5123618103035315,-0.6860753842634565,1.4652972652823144,1.0103361919575191,-0.760324474345021,-0.4806377619661694,-0.270376493571209,-1.0291081523863417,-1.8774034512117928,1.6829321642022432,-0.8948788047990358,-0.6719630584889261,0.1476859440532081,1.4451108255361398,0.2893345475623164,-1.592596507707975,-0.231774283962484
0.6326096659996715,0.6983574824481452,0.4327758937403657,0.9040347394553604,1.2510828975560615,0.6784778047749802,1.4386818202311902,-0.1237380003493169,-0.3668452013896003,0.1593133258482856,-1.0129371484286014,-0.3616821166278091,-0.3242123322201614,-0.2266083655811306,1.816133954706112,0.9227082021065472,-0.4249430917893408,-0.2968364669508921,-0.3019339255063415,-0.2648609196163668,-0.2506821295079583,-0.162435292576479,-0.162435292576479,-0.0507673082566809,0.3027801367795844,0.3119996916384288,-0.6040796973096797,0.0790909215538805,1.3152279503582291,-0.4806377619661694,-0.270376493571209,-0.0044160078204577,-0.8486245636639873,-0.1183782878091971,0.6541443509206081,-0.322532714009991,0.2144960588386071,-0.5667453933913117,1.4963750106424945,-1.592596507707975,0.0340243564418087
1.6583916595165291,0.4099833838779547,-0.0621410089924374,0.8862721685146164,-0.0940228401306786,0.0127641775944568,0.1829716508265267,0.6852381700016797,1.172960939017226,-1.3902611870981454,-1.0129371484286014,-0.3616821166278091,-0.3242123322201614,-0.2266083655811306,1.816133954706112,-0.4684396830725553,-0.4249430917893408,-0.2968364669508921,-0.3019339255063415,-0.2648609196163668,-0.2506821295079583,-0.162435292576479,-0.162435292576479,-0.0507673082566809,1.444749662502673,1.4575657762062992,-0.6040796973096797,-0.9897695519176712,1.3152279503582291,2.08056894220972,-0.270376493571209,0.3919749731553789,0.4690815728396664,0.4841733847993635,-0.3270390635227709,0.7962494977182608,1.603947556412344,-0.9560852880068772,0.0583581982731481,-1.592596507707975,0.9574725186760794
-0.0994245758128633,0.7521289067735862,1.084117051034086,0.4234216364381196,-0.0940228401306786,0.0127641775944568,-1.3667384742143194,-0.9327141707003136,-0.9354744089360276,-1.3902611870981454,-1.0129371484286014,-0.3616821166278091,-0.3242123322201614,-0.2266083655811306,1.816133954706112,-0.4684396830725553,2.353256281421644,-0.2968364669508921,-0.3019339255063415,-0.2648609196163668,-0.2506821295079583,-0.162435292576479,-0.162435292576479,-0.0507673082566809,-0.6921614352674402,1.4575657762062992,-0.6040796973096797,-0.9897695519176712,-0.760324474345021,-0.4806377619661694,-0.270376493571209,-1.0915187054817956,-0.2683851490050779,0.023112315798256,1.2489606080439473,-0.9401318986869632,0.2607062228398966,-0.9560852880068772,-1.4221629647615412,-1.592596507707975,-1.5576883209271697
-0.2795434664521648,-0.850504484571989,0.1951402765110895,0.1087810107867215,-0.6591742352462646,-1.1964793327458678,-0.9239641527740776,-0.1237380003493169,0.5294528435916368,-0.5878700865325985,0.9872280837476723,-0.3616821166278091,-0.3242123322201614,-0.2266083655811306,-0.5506201772224562,2.134746555716359,-0.4249430917893408,-0.2968364669508921,-0.3019339255063415,-0.2648609196163668,-0.2506821295079583,-0.162435292576479,-0.162435292576479,-0.0507673082566809,-0.6921614352674402,1.4575657762062992,-0.6040796973096797,-0.9897695519176712,1.3152279503582291,-0.4806377619661694,-0.270376493571209,1.1337218124739663,-0.8885276196472492,-0.8067976084037375,0.8987384588068987,0.6741766237891664,0.9323268896261204,-0.2672155941535655,-0.9906307002525268,0.6279054331465134,0.7519205659951941
-2.1680774209717395,0.2206853164821697,-0.6584870248195848,-0.3330213409849389,-0.3190426721615735,0.0766227528234048,1.0685202937070102,-0.1237380003493169,-0.2654689213458556,0.2145210140329482,-1.0129371484286014,-0.3616821166278091,-0.3242123322201614,4.412899750790439,-0.5506201772224562,-0.4684396830725553,2.353256281421644,-0.2968364669508921,-0.3019339255063415,-0.2648609196163668,-0.2506821295079583,-0.162435292576479,-0.162435292576479,-0.0507673082566809,-0.6921614352674402,-0.6860753842634565,-0.6040796973096797,1.0103361919575191,1.3152279503582291,-0.4806377619661694,-0.270376493571209,-1.0915187054817956,-1.8774034512117928,1.6829321642022432,1.2489606080439473,-0.2097993598353114,-0.4109144439463271,-0.0108419771725157,1.057351593820782,-1.592596507707975,0.3155979908055113
-1.3722347473426515,-0.6655749937885289,-0.6817442955593732,-0.6804136150381614,-0.2372334461864123,-0.557897874890858,1.3984995641619329,0.4868336446944203,-0.78999027290086,0.2145210140329482,0.9872280837476723,-0.3616821166278091,-0.3242123322201614,-0.2266083655811306,-0.5506201772224562,-0.4684396830725553,-0.4249430917893408,-0.2968364669508921,3.3119829059387924,-0.2648609196163668,-0.2506821295079583,-0.162435292576479,-0.162435292576479,-0.0507673082566809,-0.6921614352674402,1.1946976458091003,1.378336341442862,-0.7445027287270052,-0.760324474345021,-0.4806377619661694,-0.270376493571209,1.2246799487867532,0.8063490209203498,-0.8067976084037375,-1.027483361996868,-0.8137945595480487,1.2745124396215723,-0.0650781920864112,1.6452789563131511,0.6279054331465134,-0.4950409742634385
0.602937163250812,1.266942286832057,1.1305107153948193,0.4635981796070523,-0.0940228401306786,0.0127641775944568,-1.1453513134941986,-0.9327141707003136,1.0139765860297274,-1.3902611870981454,-1.0129371484286014,-0.3616821166278091,-0.3242123322201614,-0.2266083655811306,1.816133954706112,-0.4684396830725553,-0.4249430917893408,-0.2968364669508921,-0.3019339255063415,-0.2648609196163668,-0.2506821295079583,-0.162435292576479,6.156297588648554,-0.0507673082566809,-0.6921614352674402,1.4575657762062992,-0.6040796973096797,-0.9897695519176712,-0.760324474345021,-0.4806377619661694,-0.270376493571209,-0.3497718661632084,0.3182361070077869,0.8530222400002495,-1.4652610485431783,2.3116368982173654,0.2607062228398966,-0.9560852880068772,-1.209754530784289,-1.592596507707975,0.9131267375298148
-0.2956279555199979,-0.8611791434271889,-0.1438841465454928,0.3182156406855886,0.4253366103099713,0.6921832454170443,1.9540689365874937,1.4942143403526764,0.1584893532874736,1.016912114598495,0.9872280837476723,-0.3616821166278091,-0.3242123322201614,-0.2266083655811306,-0.5506201772224562,-0.4684396830725553,-0.4249430917893408,3.368858315395045,-0.3019339255063415,-0.2648609196163668,-0.2506821295079583,-0.162435292576479,-0.162435292576479,-0.0507673082566809,-0.6921614352674402,1.4575657762062992,-0.6040796973096797,-0.9897695519176712,1.3152279503582291,2.08056894220972,-0.270376493571209,-0.1643351563335615,0.6366876459861992,-0.8067976084037375,-0.1519279889042467,-0.2367395802886288,1.603947556412344,-0.1156244796942434,1.8671903390130813,0.6279054331465134,0.5880355552999094
-0.319712075697186,-0.8545015597225142,1.1647315851100777,1.7278503229915647,1.0770541086300425,0.8551339125998446,0.8471331329868893,0.6852381700016797,-0.2049034535410942,0.2145210140329482,0.9872280837476723,-0.3616821166278091,-0.3242123322201614,-0.2266083655811306,-0.5506201772224562,-0.4684396830725553,-0.4249430917893408,-0.2968364669508921,-0.3019339255063415,3.775566442374484,-0.2506821295079583,-0.162435292576479,-0.162435292576479,-0.0507673082566809,-0.6921614352674402,1.4575657762062992,-0.6040796973096797,-0.9897695519176712,1.3152279503582291,-0.4806377619661694,-0.270376493571209,-0.5969960877080935,-0.0002154319706254,-0.8067976084037375,-1.727927660470965,-0.3529192809935602,0.9323268896261204,-0.5430443395398478,0.820961522940649,0.6279054331465134,0.3633791220702355
-1.0895841326203315,-0.750030800448267,-0.8925916317762641,-1.2883923110402715,-0.756928143115649,-1.2879543070662018,-0.9239641527740776,-0.9327141707003136,-0.9581864593628132,-0.5878700865325985,0.9872280837476723,-0.3616821166278091,-0.3242123322201614,-0.2266083655811306,-0.5506201772224562,-0.4684396830725553,-0.4249430917893408,-0.2968364669508921,-0.3019339255063415,-0.2648609196163668,3.989115626083163,-0.162435292576479,-0.162435292576479,-0.0507673082566809,-0.6921614352674402,-0.6860753842634565,1.6554107089736416,-0.9897695519176712,-0.760324474345021,-0.4806377619661694,-0.270376493571209,-0.3497718661632084,0.921617970335305,-0.8067976084037375,-0.7648167500690816,-0.9780165836994408,-0.4109144439463271,-0.1629135046409455,-0.7724391904886729,0.6279054331465134,-2.672766094611239
0.9740785246197752,1.3918747828854974,-0.6584870248195848,-0.4296056111399665,-0.1011220783067442,0.2271912561818558,2.3968432580277352,0.6852381700016797,1.180531622492821,1.8193032151640416,-1.0129371484286014,-0.3616821166278091,3.0843984038242387,-0.2266083655811306,-0.5506201772224562,-0.4684396830725553,-0.4249430917893408,-0.2968364669508921,-0.3019339255063415,3.775566442374484,-0.2506821295079583,-0.162435292576479,-0.162435292576479,-0.0507673082566809,-0.6921614352674402,-0.6860753842634565,-0.6040796973096797,1.0103361919575191,1.3152279503582291,2.08056894220972,-0.270376493571209,-0.5969960877080935,1.340633153201637,0.1153245295984775,-1.727927660470965,0.8025636118870071,0.2607062228398966,0.6178444403379262,2.172687507764381,0.6279054331465134,0.9595009868029932
0.2609057989103667,-0.1600347007694906,0.4858938459157739,0.022754274518064,-0.1378223351459858,-0.0966663393344818,-1.3667384742143194,-0.6044451944462632,-0.7772036154737549,-1.2274627544671015,-1.0129371484286014,-0.3616821166278091,-0.3242123322201614,-0.2266083655811306,1.816133954706112,-0.4684396830725553,-0.4249430917893408,-0.2968364669508921,-0.3019339255063415,-0.2648609196163668,-0.2506821295079583,-0.162435292576479,-0.162435292576479,-0.0507673082566809,1.444749662502673,-0.4686119672328486,-0.6040796973096797,1.0103361919575191,-0.760324474345021,-0.4806377619661694,-0.270376493571209,-1.0162715954596475,-1.8130346284223484,-0.714585394603516,0.0917084499573737,-0.7378663812822648,-0.8781358001002131,-0.8375843848875391,-1.4221629647615412,-1.592596507707975,-0.5106116117924892
2.333273196335932,-0.8655961003954509,1.293956683233892,0.6051410836470368,-0.0940228401306786,0.0127641775944568,-1.3667384742143194,-0.9327141707003136,-0.3033223387238314,-1.3902611870981454,-1.0129371484286014,-0.3616821166278091,-0.3242123322201614,-0.2266083655811306,1.816133954706112,-0.4684396830725553,-0.4249430917893408,-0.2968364669508921,-0.3019339255063415,-0.2648609196163668,-0.2506821295079583,-0.162435292576479,-0.162435292576479,-0.0507673082566809,1.444749662502673,-0.6860753842634565,-0.6040796973096797,1.0103361919575191,-0.760324474345021,-0.4806377619661694,-0.270376493571209,-0.3497718661632084,0.988660399593918,1.959568805602908,0.0231830857142775,0.1143251674936637,-1.082535110732551,-0.9560852880068772,-1.4221629647615412,-1.592596507707975,0.2835761633111762
-0.2195180407139187,-0.8695370056911885,-0.8925916317762641,-0.9852356842616614,-0.8770948291010939,-0.7905460911897391,-0.7025769920539569,-0.1237380003493169,-0.787467622694977,0.2145210140329482,0.9872280837476723,-0.3616821166278091,-0.3242123322201614,-0.2266083655811306,-0.5506201772224562,-0.4684396830725553,-0.4249430917893408,3.368858315395045,-0.3019339255063415,-0.2648609196163668,-0.2506821295079583,-0.162435292576479,-0.162435292576479,-0.0507673082566809,-0.6921614352674402,1.4575657762062992,-0.6040796973096797,-0.9897695519176712,-0.760324474345021,-0.4806377619661694,-0.270376493571209,1.8754686517925536,0.8210543264473853,-0.8067976084037375,-0.1519279889042467,-0.790277006603574,0.2607062228398966,0.993040251650226,-0.6861264945729594,0.6279054331465134,-0.4775621135494737
-2.182897468849051,0.2301330262835432,-0.6879208869417397,-1.1111490790479814,-0.1146374679907659,-0.6869192764079574,-0.0983824973968483,-0.9327141707003136,-0.0529740289915208,-0.5878700865325985,-1.0129371484286014,-0.3616821166278091,-0.3242123322201614,4.412899750790439,-0.5506201772224562,1.899705468807308,-0.1741001092168198,-0.2968364669508921,-0.3019339255063415,-0.2648609196163668,-0.2506821295079583,-0.162435292576479,-0.162435292576479,-0.0507673082566809,-0.6921614352674402,-0.6860753842634565,-0.6040796973096797,1.0103361919575191,-0.760324474345021,-0.4806377619661694,-0.270376493571209,0.932805357791988,-1.7729849659633456,1.6829321642022432,0.9303599361294724,0.5319170043992989,-1.082535110732551,-0.5233662949577512,-0.149224314220703,-1.592596507707975,0.4168781153613091
0.8484661015622671,0.6679668866095473,-0.7589730415453081,-0.88194950594987,-0.2579371875466428,1.708007618040495,2.1754560973076145,-0.1237380003493169,-0.3563171230529975,1.8193032151640416,-1.0129371484286014,-0.3616821166278091,-0.3242123322201614,-0.2266083655811306,1.816133954706112,-0.4684396830725553,2.353256281421644,-0.2968364669508921,-0.3019339255063415,-0.2648609196163668,-0.2506821295079583,-0.162435292576479,-0.162435292576479,-0.0507673082566809,-0.6921614352674402,-0.6860753842634565,-0.6040796973096797,1.0103361919575191,1.3152279503582291,-0.4806377619661694,-0.270376493571209,1.1337218124739663,-1.290782195198928,-0.161312111802187,1.2489606080439473,-0.3108251865352517,-0.4109144439463271,0.8334771574636518,2.214238654017398,-1.592596507707975,0.2355085835992872
-0.3229179563814758,-0.8499959507253735,1.7014228457209917,1.8531271374427367,2.6890643688183333,1.9366950538413303,0.8471331329868893,0.6852381700016797,1.460646911089842,-0.5878700865325985,0.9872280837476723,-0.3616821166278091,-0.3242123322201614,-0.2266083655811306,-0.5506201772224562,-0.4684396830725553,-0.4249430917893408,-0.2968364669508921,-0.3019339255063415,-0.2648609196163668,-0.2506821295079583,-0.162435292576479,-0.162435292576479,-0.0507673082566809,1.444749662502673,-0.6860753842634565,-0.6040796973096797,-0.9897695519176712,-0.760324474345021,-0.4806377619661694,3.698546374323143,0.3919749731553789,0.9383785776499582,-0.8067976084037375,0.7236273841883746,1.036185836130619,-1.082535110732551,-0.8309295506741051,0.6782419380758689,0.6279054331465134,1.0299129625915149
-0.2840708942243823,-0.8635558791161916,2.7166510991343,1.837183096370668,0.9535264037790956,0.4423435689771733,-1.0083741377972304,-0.9327141707003136,-0.4356967723043931,-0.7408369987987382,0.9872280837476723,-0.3616821166278091,-0.3242123322201614,-0.2266083655811306,-0.5506201772224562,2.134746555716359,-0.4249430917893408,-0.2968364669508921,-0.3019339255063415,-0.2648609196163668,-0.2506821295079583,-0.162435292576479,-0.162435292576479,-0.0507673082566809,-0.6921614352674402,1.4575657762062992,-0.6040796973096797,-0.9897695519176712,-0.760324474345021,-0.4806377619661694,-0.270376493571209,0.2505692127802189,0.7626985727852533,-0.8067976084037375,0.8987384588068987,-0.1064811280925027,0.2607062228398966,-0.7968483161556639,-1.054267687766684,0.6279054331465134,0.1084413649394095
-0.2148009424854695,-0.8688272149455136,-0.4829085696020752,1.2085571581573236,1.0862347988367869,1.3001614017362229,0.8471331329868893,1.4942143403526764,0.027895063333457,0.2145210140329482,0.9872280837476723,-0.3616821166278091,-0.3242123322201614,-0.2266083655811306,-0.5506201772224562,-0.4684396830725553,-0.4249430917893408,-0.2968364669508921,-0.3019339255063415,3.775566442374484,-0.2506821295079583,-0.162435292576479,-0.162435292576479,-0.0507673082566809,-0.6921614352674402,-0.6860753842634565,-0.6040796973096797,1.0103361919575191,1.3152279503582291,-0.4806377619661694,-0.270376493571209,1.1337218124739663,0.8210543264473853,-0.8067976084037375,-1.727927660470965,-0.3238743558173274,-0.4109144439463271,-0.5445679751119346,0.7863697701799935,0.6279054331465134,0.517021273843433
-0.2908479765065269,-0.8624807284493937,-0.8925916317762641,-0.082467712082594,-0.2783056824182863,-0.1616295567181497,0.6257459722667684,1.4942143403526764,1.763474250113649,1.016912114598495,0.9872280837476723,-0.3616821166278091,-0.3242123322201614,-0.2266083655811306,-0.5506201772224562,2.134746555716359,-0.4249430917893408,-0.2968364669508921,-0.3019339255063415,-0.2648609196163668,-0.2506821295079583,-0.162435292576479,-0.162435292576479,-0.0507673082566809,-0.6921614352674402,-0.6860753842634565,-0.6040796973096797,1.0103361919575191,1.3152279503582291,2.08056894220972,3.698546374323143,0.3919749731553789,1.105984650796491,-0.8067976084037375,0.8987384588068987,0.8341341827307385,0.9323268896261204,0.4104033433019701,0.4561001110259261,0.6279054331465134,1.097407547789216
-0.3209618962589814,-0.8542070546774255,1.1536873939416668,0.4836689983056938,0.7369597143316136,0.5587967334328309,0.1829716508265267,-0.9327141707003136,-0.5834376273208526,0.2145210140329482,0.9872280837476723,-0.3616821166278091,-0.3242123322201614,-0.2266083655811306,-0.5506201772224562,-0.4684396830725553,-0.4249430917893408,-0.2968364669508921,3.3119829059387924,-0.2648609196163668,-0.2506821295079583,-0.162435292576479,-0.162435292576479,-0.0507673082566809,-0.6921614352674402,-0.6860753842634565,-0.6040796973096797,1.0103361919575191,-0.760324474345021,-0.4806377619661694,-0.270376493571209,-1.0915187054817956,-0.0002154319706254,-0.8067976084037375,-1.027483361996868,-0.3529192809935602,-1.082535110732551,-0.4773877487599353,0.2142874359453667,0.6279054331465134,-0.0338230369830465
0.9747904806154748,1.3924348020828814,1.1978641586153105,1.0899822518629143,1.6951710241691544,1.006641512652839,0.6257459722667684,-0.1237380003493169,1.233526406821987,-0.5878700865325985,-1.0129371484286014,-0.3616821166278091,3.0843984038242387,-0.2266083655811306,-0.5506201772224562,-0.4684396830725553,-0.4249430917893408,-0.2968364669508921,-0.3019339255063415,-0.2648609196163668,-0.2506821295079583,-0.162435292576479,-0.162435292576479,-0.0507673082566809,1.444749662502673,1.4575657762062992,-0.6040796973096797,-0.9897695519176712,-0.760324474345021,-0.4806377619661694,3.698546374323143,1.8754686517925536,1.340633153201637,0.1153245295984775,0.373405234951326,1.4571267807137036,0.9323268896261204,-0.7907737538816315,0.4784357097636286,0.6279054331465134,0.9735027009438134
-0.3162731203675878,-0.8550032877802722,0.6081688418494322,0.011254284797149,-0.0940228401306786,0.0127641775944568,-1.1453513134941986,-0.9327141707003136,-0.6591444620768042,-1.3902611870981454,0.9872280837476723,-0.3616821166278091,-0.3242123322201614,-0.2266083655811306,-0.5506201772224562,-0.4684396830725553,-0.4249430917893408,-0.2968364669508921,-0.3019339255063415,-0.2648609196163668,-0.2506821295079583,-0.162435292576479,-0.162435292576479,-0.0507673082566809,1.444749662502673,-0.6860753842634565,-0.6040796973096797,-0.9897695519176712,1.3152279503582291,-0.4806377619661694,-0.270376493571209,0.3919749731553789,-0.0002154319706254,-0.8067976084037375,0.373405234951326,-0.4792015643684856,-1.082535110732551,-0.9560852880068772,-1.185164560194404,0.6279054331465134,-0.161693561127958
1.008355568081396,1.3942108920074152,0.3574979481401365,1.0622321634013148,0.456892909846514,0.7979533583098717,-0.7025769920539569,0.6852381700016797,0.1509186698118785,0.2145210140329482,-1.0129371484286014,-0.3616821166278091,3.0843984038242387,-0.2266083655811306,-0.5506201772224562,-0.4684396830725553,-0.4249430917893408,-0.2968364669508921,-0.3019339255063415,-0.2648609196163668,-0.2506821295079583,-0.162435292576479,-0.162435292576479,-0.0507673082566809,1.444749662502673,1.4575657762062992,-0.6040796973096797,-0.9897695519176712,1.3152279503582291,-0.4806377619661694,-0.270376493571209,-1.0915187054817956,-1.5086700902894206,0.1153245295984775,-0.3270390635227709,-0.0561559150624855,0.9323268896261204,-0.4052869640191812,-0.7640374867981774,0.6279054331465134,0.5841505124262508
-3.266590833970864,0.9990212761460132,-0.8925916317762641,-1.2883923110402715,-0.0940228401306786,0.0127641775944568,-0.7025769920539569,-0.9327141707003136,-0.9528869809298968,-1.3902611870981454,0.9872280837476723,-0.3616821166278091,-0.3242123322201614,-0.2266083655811306,-0.5506201772224562,-0.4684396830725553,-0.4249430917893408,-0.2968364669508921,-0.3019339255063415,-0.2648609196163668,-0.2506821295079583,-0.162435292576479,-0.162435292576479,-0.0507673082566809,1.444749662502673,-0.6860753842634565,1.6554107089736416,-0.9897695519176712,-0.760324474345021,-0.4806377619661694,-0.270376493571209,-0.3497718661632084,-0.0169760392852787,-0.8067976084037375,0.373405234951326,-0.969176823863196,-0.4109144439463271,-0.9560852880068772,-0.5147841365012851,0.6279054331465134,-2.171092714669768
0.491115526991993,1.250773512392891,2.9122435445316426,2.0065645934846263,-0.0940228401306786,0.0127641775944568,-0.8268957843128804,-0.9327141707003136,-0.5563683434131232,-1.3902611870981454,-1.0129371484286014,1.887012554453486,-0.3242123322201614,-0.2266083655811306,0.1138989717157848,-0.4684396830725553,-0.4249430917893408,-0.2968364669508921,-0.3019339255063415,-0.2648609196163668,-0.2506821295079583,-0.162435292576479,6.156297588648554,-0.0507673082566809,-0.6921614352674402,1.4575657762062992,-0.6040796973096797,-0.9897695519176712,-0.760324474345021,-0.4806377619661694,-0.270376493571209,-0.0245490516616563,0.5109224589284518,1.2073308047446825,-1.4652610485431783,-0.3077665415848709,0.2607062228398966,-0.9560852880068772,-0.8433818829337826,0.0044498574082932,-0.501107835623435
-0.2953964399024171,-0.8612719938323113,-0.8583707620610057,-0.6466846050301425,-0.5044034092507828,-0.731452562151622,-0.7025769920539569,0.6852381700016797,-0.0913432014071667,1.016912114598495,0.9872280837476723,-0.3616821166278091,-0.3242123322201614,-0.2266083655811306,-0.5506201772224562,-0.4684396830725553,-0.4249430917893408,-0.2968364669508921,3.3119829059387924,-0.2648609196163668,-0.2506821295079583,-0.162435292576479,-0.162435292576479,-0.0507673082566809,-0.6921614352674402,-0.6860753842634565,1.6554107089736416,1.0103361919575191,1.3152279503582291,-0.4806377619661694,-0.270376493571209,-0.7206452858225021,0.6366876459861992,-0.8067976084037375,-1.027483361996868,-0.2582075684623661,0.9323268896261204,0.754400626212569,-0.7546753691431232,0.6279054331465134,0.4434685311450744
-0.2195180407139187,-0.8695370056911885,1.6605512769444637,1.3414783365998044,1.635106265569563,2.2578313420161,0.4043588115466475,0.6852381700016797,0.355327123652948,1.016912114598495,0.9872280837476723,-0.3616821166278091,-0.3242123322201614,-0.2266083655811306,-0.5506201772224562,-0.4684396830725553,2.353256281421644,-0.2968364669508921,-0.3019339255063415,-0.2648609196163668,-0.2506821295079583,-0.162435292576479,-0.162435292576479,-0.0507673082566809,-0.6921614352674402,-0.6860753842634565,-0.6040796973096797,1.0103361919575191,1.3152279503582291,-0.4806377619661694,-0.270376493571209,-0.1025476446183232,0.8210543264473853,-0.8067976084037375,1.2489606080439473,0.1143251674936637,-0.4109144439463271,-0.4503443777555654,0.316092419252945,0.6279054331465134,0.680778346735191
-1.1841882736855307,-0.6911780948539148,-1.485592144439258,-1.336213218200513,-0.0940228401306786,0.0127641775944568,-1.3667384742143194,1.4942143403526764,-0.9289671793682496,-1.3902611870981454,0.9872280837476723,-0.3616821166278091,-0.3242123322201614,-0.2266083655811306,-0.5506201772224562,-0.4684396830725553,2.353256281421644,-0.2968364669508921,-0.3019339255063415,-0.2648609196163668,-0.2506821295079583,-0.162435292576479,-0.162435292576479,-0.0507673082566809,-0.6921614352674402,-0.6860753842634565,1.6554107089736416,-0.9897695519176712,-0.760324474345021,-0.4806377619661694,-0.270376493571209,-1.0915187054817956,-1.70979737806526,-0.8067976084037375,1.2489606080439473,-0.9623094417545276,-0.4109144439463271,-0.9560852880068772,-1.4221629647615412,0.6279054331465134,-1.431847957193337
-0.2587413594799744,-0.8696067429302565,-0.1405386433813392,-0.6371204235980943,-1.0308620978674985,-0.8963162040825663,-0.9239641527740776,-0.9327141707003136,-0.787846081161922,0.2145210140329482,0.9872280837476723,-0.3616821166278091,-0.3242123322201614,-0.2266083655811306,-0.5506201772224562,-0.4684396830725553,-0.4249430917893408,-0.2968364669508921,-0.3019339255063415,-0.2648609196163668,-0.2506821295079583,-0.162435292576479,-0.162435292576479,-0.0507673082566809,1.444749662502673,-0.6860753842634565,-0.6040796973096797,1.0103361919575191,-0.760324474345021,-0.4806377619661694,-0.270376493571209,-0.3497718661632084,0.7707725045034255,-0.8067976084037375,-1.3777055112339165,-0.6938814461058588,-1.082535110732551,1.5488954169142566,-0.9314039043842544,0.6279054331465134,-0.4788062550480068
-0.2158977585157532,-0.8686954413397616,-0.8565216217840803,-1.2571559701837525,0.2014035148492864,-0.318076153126405,-0.7025769920539569,-0.9327141707003136,-0.9406455570581596,-0.6740797899800899,0.9872280837476723,-0.3616821166278091,-0.3242123322201614,-0.2266083655811306,-0.5506201772224562,-0.4684396830725553,-0.4249430917893408,-0.2968364669508921,-0.3019339255063415,-0.2648609196163668,-0.2506821295079583,-0.162435292576479,-0.162435292576479,-0.0507673082566809,1.444749662502673,-0.6860753842634565,1.6554107089736416,-0.9897695519176712,-0.760324474345021,-0.4806377619661694,-0.270376493571209,0.3122809498720963,0.836014157326236,-0.8067976084037375,0.0608113041792984,-0.9487575979998172,-0.4109144439463271,-0.6773018629169614,-0.5694312585835671,0.6279054331465134,-1.7025188039197428
0.3623610221764538,-0.1119284162811046,-0.8097601980131829,-1.137285225568239,-0.8567263342294502,-0.5179993616178237,-0.0384155098935941,-0.1237380003493169,-0.9305534646768908,0.2145210140329482,-1.0129371484286014,-0.3616821166278091,-0.3242123322201614,-0.2266083655811306,1.816133954706112,-0.4684396830725553,-0.4249430917893408,-0.2968364669508921,-0.3019339255063415,-0.2648609196163668,-0.2506821295079583,-0.162435292576479,-0.162435292576479,-0.0507673082566809,1.444749662502673,-0.6860753842634565,1.6554107089736416,-0.9897695519176712,-0.760324474345021,-0.4806377619661694,-0.270376493571209,-1.0915187054817956,-1.6092337341773404,-0.714585394603516,0.0231830857142775,-0.9493925994677912,-0.4109144439463271,0.9203047531325488,0.2310195838353889,-1.592596507707975,-1.4600735848805906
-0.0512647843525765,-0.210925578427888,-0.4261959311323583,-0.6628370809269407,-0.5807935219421646,-0.2405631630023344,-0.5215032037103935,-0.6876071251740312,-0.5295333761300571,0.4576328870697917,0.3812095029897162,0.5856105805183414,-0.3242123322201614,-0.2266083655811306,-0.5506201772224562,-0.4684396830725553,-0.4249430917893408,-0.2968364669508921,-0.3019339255063415,-0.2648609196163668,3.989115626083163,-0.162435292576479,-0.162435292576479,-0.0507673082566809,-0.6921614352674402,-0.6860753842634565,-0.6040796973096797,1.0103361919575191,-0.1314647609208321,-0.4806377619661694,-0.270376493571209,0.7290813978754452,0.0505665699063697,-0.2200817737453708,-0.7648167500690816,-0.3567454353989379,-0.8790446206740629,0.4715762282912613,-0.5426049232345933,0.6279054331465134,0.0330672135822175
0.5473586042681919,1.2708668847505975,3.675914628844251,2.6678976592926302,-0.0940228401306786,0.0127641775944568,-0.7025769920539569,-0.9327141707003136,-0.400984155559009,-1.3902611870981454,-1.0129371484286014,2.7648588471103626,-0.3242123322201614,-0.2266083655811306,-0.5506201772224562,-0.4684396830725553,-0.4249430917893408,-0.2968364669508921,-0.3019339255063415,-0.2648609196163668,-0.2506821295079583,-0.162435292576479,6.156297588648554,-0.0507673082566809,-0.6921614352674402,1.4575657762062992,-0.6040796973096797,-0.9897695519176712,-0.760324474345021,-0.4806377619661694,-0.270376493571209,0.3919749731553789,0.1673906411759073,1.129658881400914,-1.4652610485431783,-0.04857897805999,0.2607062228398966,-0.9560852880068772,-0.7372318031221989,0.6279054331465134,0.1916072354298567
0.3013138876167845,0.1015409670779626,0.2967548967138768,-0.0470732596296855,-1.0308620978674985,-1.54429292331748,-0.7025769920539569,-0.1237380003493169,0.6094887465726033,-0.5878700865325985,0.9872280837476723,-0.3616821166278091,-0.3242123322201614,-0.2266083655811306,-0.5506201772224562,-0.4684396830725553,-0.4249430917893408,-0.2968364669508921,-0.3019339255063415,-0.2648609196163668,-0.2506821295079583,-0.162435292576479,6.156297588648554,-0.0507673082566809,-0.6921614352674402,-0.6860753842634565,-0.6040796973096797,-0.9897695519176712,1.3152279503582291,-0.4806377619661694,-0.270376493571209,-1.0915187054817956,0.4523209655250131,-0.8067976084037375,-1.4652610485431783,0.7631788617244133,-1.082535110732551,0.2964050644536896,-0.776760348940674,0.6279054331465134,0.7818755564269765
-0.2776761614138958,-0.8618168404809101,-0.9157784735265712,-1.3084719309920183,-0.2460347622078806,-0.3488666413474578,-0.6311938816072394,-0.9327141707003136,-0.920695797521909,-1.13154170053522,0.9872280837476723,-0.3616821166278091,-0.3242123322201614,-0.2266083655811306,-0.5506201772224562,-0.4684396830725553,-0.4249430917893408,-0.2968364669508921,-0.3019339255063415,-0.2648609196163668,-0.2506821295079583,-0.162435292576479,-0.162435292576479,-0.0507673082566809,1.444749662502673,-0.6860753842634565,1.6554107089736416,-0.9897695519176712,-0.760324474345021,-0.4806377619661694,-0.270376493571209,-0.3740218590203197,0.4690062302708789,-0.8067976084037375,-0.1912152759797496,-0.915480533978588,-0.4109144439463271,-0.7588328220017229,-0.5178559649143879,0.6279054331465134,-1.331025682034798
-0.3168255358591416,-0.8483951319606274,-0.4641253831623692,0.7017253538020644,-0.0940228401306786,0.0127641775944568,-1.3667384742143194,0.6852381700016797,2.369128928161262,-1.3902611870981454,0.9872280837476723,-0.3616821166278091,-0.3242123322201614,-0.2266083655811306,-0.5506201772224562,-0.4684396830725553,-0.4249430917893408,-0.2968364669508921,-0.3019339255063415,-0.2648609196163668,-0.2506821295079583,-0.162435292576479,-0.162435292576479,-0.0507673082566809,1.444749662502673,-0.6860753842634565,-0.6040796973096797,-0.9897695519176712,1.3152279503582291,2.08056894220972,-0.270376493571209,1.50459523213326,0.8545755410766919,-0.8067976084037375,-0.6772612127598194,1.7938795363801714,-0.4109144439463271,-0.9560852880068772,-1.4221629647615412,0.6279054331465134,1.2124002148950586
0.3604595020406376,-0.1118374838710242,-0.8925916317762641,-0.076743165532025,-1.0308620978674985,-0.8791689940673858,-0.4811898313338359,2.303190510703673,-0.20490322642059,0.2145210140329482,-1.0129371484286014,-0.3616821166278091,-0.3242123322201614,-0.2266083655811306,1.816133954706112,-0.4684396830725553,-0.4249430917893408,-0.2968364669508921,3.3119829059387924,-0.2648609196163668,-0.2506821295079583,-0.162435292576479,-0.162435292576479,-0.0507673082566809,-0.6921614352674402,1.4575657762062992,-0.6040796973096797,1.0103361919575191,1.3152279503582291,-0.4806377619661694,-0.270376493571209,-0.7206452858225021,-1.6092337341773404,-0.714585394603516,-1.027483361996868,-0.563389627002819,1.603947556412344,1.5488954169142566,-0.5249131854052452,-1.592596507707975,0.3633792939826931
-0.2195180407139187,-0.8695370056911885,0.8345344535348166,0.2072850983824889,-0.1327155466295491,0.3739338100440191,0.1829716508265267,-0.9327141707003136,-0.9316890671982302,0.2145210140329482,0.9872280837476723,-0.3616821166278091,-0.3242123322201614,-0.2266083655811306,-0.5506201772224562,-0.4684396830725553,-0.4249430917893408,-0.2968364669508921,-0.3019339255063415,-0.2648609196163668,-0.2506821295079583,-0.162435292576479,-0.162435292576479,-0.0507673082566809,1.444749662502673,-0.6860753842634565,1.6554107089736416,-0.9897695519176712,-0.760324474345021,-0.4806377619661694,-0.270376493571209,0.3919749731553789,0.8210543264473853,-0.8067976084037375,0.8111829214976366,-0.933817784518217,-0.4109144439463271,-0.1495407453850393,0.5116584536365366,0.6279054331465134,-1.4811694736552885
-0.2234447118843656,-0.8687762157225194,-0.6916195983248173,-0.0929743493491872,-0.2925784963429417,0.5292325782342437,1.7326817758673727,0.6852381700016797,0.0297877342023558,2.6216943157295884,0.9872280837476723,-0.3616821166278091,-0.3242123322201614,-0.2266083655811306,-0.5506201772224562,-0.4684396830725553,-0.4249430917893408,-0.2968364669508921,-0.3019339255063415,-0.2648609196163668,-0.2506821295079583,-0.162435292576479,-0.162435292576479,-0.0507673082566809,1.444749662502673,-0.6860753842634565,1.6554107089736416,-0.9897695519176712,1.3152279503582291,2.08056894220972,-0.270376493571209,-0.5969960877080935,0.8210543264473853,-0.8067976084037375,1.1614050707346852,-0.1571817417624258,0.9323268896261204,1.3506812587342798,1.669443189934844,0.6279054331465134,0.5181159095611658
1.0372844968417354,1.3884543569216212,-0.4552980916810481,-0.4162367005980888,-0.0940228401306786,0.2014530504795563,0.8471331329868893,-0.1237380003493169,-0.3260343891506169,1.016912114598495,-1.0129371484286014,-0.3616821166278091,3.0843984038242387,-0.2266083655811306,-0.5506201772224562,-0.4684396830725553,2.353256281421644,-0.2968364669508921,-0.3019339255063415,-0.2648609196163668,-0.2506821295079583,-0.162435292576479,-0.162435292576479,-0.0507673082566809,-0.6921614352674402,-0.6860753842634565,-0.6040796973096797,1.0103361919575191,1.3152279503582291,-0.4806377619661694,-0.270376493571209,-0.3497718661632084,-0.2348639343757713,0.1153245295984775,1.2489606080439473,-0.277149910968605,-0.4109144439463271,0.2179576499621244,0.8440435729774634,0.6279054331465134,0.2634673772346994
-0.3985570448137556,0.3107080931077273,-0.0853579948063229,0.0791460106560318,0.0852050472252802,0.2710157685938788,0.4043588115466475,0.6852381700016797,2.4448357629172137,1.016912114598495,-1.0129371484286014,2.7648588471103626,-0.3242123322201614,-0.2266083655811306,-0.5506201772224562,-0.4684396830725553,-0.4249430917893408,-0.2968364669508921,-0.3019339255063415,-0.2648609196163668,3.989115626083163,-0.162435292576479,-0.162435292576479,-0.0507673082566809,-0.6921614352674402,-0.6860753842634565,-0.6040796973096797,1.0103361919575191,-0.760324474345021,-0.4806377619661694,-0.270376493571209,-1.0915187054817956,0.1673906411759073,1.129658881400914,-0.7648167500690816,1.8570206780676344,-1.082535110732551,0.07652224268987,0.22739832403361,0.6279054331465134,1.225278097402639
-0.3470867837318754,-0.8486068627035779,1.5280612901905717,0.8078738053891403,1.2013093611043208,0.5445015948603376,-0.9239641527740776,-0.9327141707003136,-0.2049034535410942,-0.5878700865325985,0.9872280837476723,-0.3616821166278091,-0.3242123322201614,-0.2266083655811306,-0.5506201772224562,-0.4684396830725553,-0.4249430917893408,-0.2968364669508921,-0.3019339255063415,-0.2648609196163668,-0.2506821295079583,-0.162435292576479,-0.162435292576479,-0.0507673082566809,1.444749662502673,-0.6860753842634565,-0.6040796973096797,-0.9897695519176712,-0.760324474345021,2.08056894220972,-0.270376493571209,-1.0915187054817956,-1.4583882683454608,-0.8067976084037375,0.7236273841883746,0.2784921358810667,-1.082535110732551,-0.7594198982835708,-0.9735380672211034,0.6279054331465134,0.3633791220702355
0.5522030230944123,1.271100491243446,-0.3205508979730282,-0.7834454183541028,-0.4127451823283866,-0.9658789221968886,-0.259802670613715,-0.1237380003493169,-0.8862649663446591,-0.5878700865325985,-1.0129371484286014,2.7648588471103626,-0.3242123322201614,-0.2266083655811306,-0.5506201772224562,-0.4684396830725553,-0.4249430917893408,-0.2968364669508921,-0.3019339255063415,3.775566442374484,-0.2506821295079583,-0.162435292576479,-0.162435292576479,-0.0507673082566809,-0.6921614352674402,-0.6860753842634565,1.6554107089736416,-0.9897695519176712,-0.760324474345021,-0.4806377619661694,-0.270376493571209,0.7628483928146726,0.1673906411759073,1.129658881400914,-1.727927660470965,-0.9001425089515701,-0.4109144439463271,-0.4387216426044652,-0.126290742881854,0.6279054331465134,-0.9560975640618568
-0.2773447176800426,-0.8637539412868819,-0.5866997822249143,-0.29954670597277,-0.748788178924244,-0.2102191153210039,1.289907454427131,-0.1237380003493169,0.2114841376166398,0.2145210140329482,0.9872280837476723,-0.3616821166278091,-0.3242123322201614,-0.2266083655811306,-0.5506201772224562,2.134746555716359,-0.4249430917893408,-0.2968364669508921,-0.3019339255063415,-0.2648609196163668,-0.2506821295079583,-0.162435292576479,-0.162435292576479,-0.0507673082566809,-0.6921614352674402,-0.6860753842634565,-0.6040796973096797,1.0103361919575191,1.3152279503582291,-0.4806377619661694,-0.270376493571209,-1.0915187054817956,0.8210543264473853,-0.8067976084037375,0.8987384588068987,0.3205862303393753,-0.4109144439463271,0.6105067726067147,1.2023929376691376,0.6279054331465134,0.6145174382652705
0.8457404014181439,0.6676094501142468,-0.207932393868868,0.9857536177165784,0.1900953620569923,0.1709497985864259,-0.7025769920539569,2.303190510703673,-0.147038978479921,1.016912114598495,-1.0129371484286014,-0.3616821166278091,-0.3242123322201614,-0.2266083655811306,1.816133954706112,2.134746555716359,-0.4249430917893408,-0.2968364669508921,-0.3019339255063415,-0.2648609196163668,-0.2506821295079583,-0.162435292576479,-0.162435292576479,-0.0507673082566809,-0.6921614352674402,1.4575657762062992,-0.6040796973096797,1.0103361919575191,-0.760324474345021,-0.4806377619661694,-0.270376493571209,-0.3497718661632084,-1.290782195198928,-0.161312111802187,0.8987384588068987,-0.5312162687264449,0.9323268896261204,0.0085155575484146,-0.7521085874072656,-1.592596507707975,0.4055848670685101
